277584015589792 2026-07-06 01:50:25,659 webull.core.client ERROR ServerException occurred. Host:api.webull.com SDK-Version:2.0.10 Request:{
  "_version": "v2",
  "_action_name": "/trade/order/place",
  "_protocol_type": "https",
  "_accept_format": "JSON",
  "_params": {},
  "_method": "POST",
  "_header": {
    "x-version": "v2",
    "Accept-Encoding": "gzip",
    "x-app-key": "bf67888c79f28465cba7afc02717dbcb",
    "x-timestamp": "2026-07-06T01:50:25Z",
    "x-signature-version": "1.0",
    "x-signature-algorithm": "HMAC-SHA1",
    "x-signature-nonce": "0fe93a49-0529-5724-83c7-9aab7edc6006",
    "x-signature": "pgKhZvhEpZbvzp7M4NrceZu2k4o=",
    "User-Agent": "WebullApiSDK (Linux 6.12.68+;aarch64) Python/3.11.15 Core/2.0.10 python-requests/2.33.1",
    "x-webull-client-source": "sdk",
    "Content-Length": "346",
    "Content-Type": "application/json"
  },
  "_body_params": {
    "stock_order": {
      "client_order_id": "ar-b3e8b026-5463-46fe-abf8-",
      "symbol": "AFG",
      "instrument_type": "EQUITY",
      "market": "US",
      "order_type": "LIMIT",
      "side": "BUY",
      "time_in_force": "DAY",
      "entrust_type": "QTY",
      "quantity": "0.010403",
      "support_trading_session": "ALL",
      "account_tax_type": "GENERAL",
      "limit_price": "144.18"
    },
    "account_id": "F8ISIGG74NU0C495ILNGG99D29"
  },
  "_uri_pattern": null,
  "_uri_params": null,
  "_content": "{\"stock_order\":{\"client_order_id\":\"ar-b3e8b026-5463-46fe-abf8-\",\"symbol\":\"AFG\",\"instrument_type\":\"EQUITY\",\"market\":\"US\",\"order_type\":\"LIMIT\",\"side\":\"BUY\",\"time_in_force\":\"DAY\",\"entrust_type\":\"QTY\",\"quantity\":\"0.010403\",\"support_trading_session\":\"ALL\",\"account_tax_type\":\"GENERAL\",\"limit_price\":\"144.18\"},\"account_id\":\"F8ISIGG74NU0C495ILNGG99D29\"}",
  "_extra_user_agent": {},
  "string_to_sign": "",
  "_request_connect_timeout": null,
  "_request_read_timeout": null,
  "endpoint": "api.webull.com",
  "_signer_spec": "<module 'webull.core.auth.algorithm.sha_hmac1' from '/root/.venv/lib/python3.11/site-packages/webull/core/auth/algorithm/sha_hmac1.py'>",
  "_stock_order": {
    "client_order_id": "ar-b3e8b026-5463-46fe-abf8-",
    "symbol": "AFG",
    "instrument_type": "EQUITY",
    "market": "US",
    "order_type": "LIMIT",
    "side": "BUY",
    "time_in_force": "DAY",
    "entrust_type": "QTY",
    "quantity": "0.010403",
    "support_trading_session": "ALL",
    "account_tax_type": "GENERAL",
    "limit_price": "144.18"
  }
} Response:{'message': 'The time you sent is not supported. Please check. ', 'error_code': 'INVALID_PARAMETER'} ServerException:HTTP Status: 417, Code: INVALID_PARAMETER, Msg: The time you sent is not supported. Please check. , RequestID: 8ac737bb-2058-429e-b8c1-9857b34c8120
277584015589792 2026-07-06 01:50:25,660 webull.core.client ERROR get_response exception. {
  "error_code": "INVALID_PARAMETER",
  "error_msg": "The time you sent is not supported. Please check. ",
  "http_status": 417,
  "request_id": "8ac737bb-2058-429e-b8c1-9857b34c8120"
}
277583635411360 2026-07-06 01:50:29,887 webull.core.client ERROR ServerException occurred. Host:api.webull.com SDK-Version:2.0.10 Request:{
  "_version": "v2",
  "_action_name": "/trade/order/place",
  "_protocol_type": "https",
  "_accept_format": "JSON",
  "_params": {},
  "_method": "POST",
  "_header": {
    "x-version": "v2",
    "Accept-Encoding": "gzip",
    "x-app-key": "bf67888c79f28465cba7afc02717dbcb",
    "x-timestamp": "2026-07-06T01:50:29Z",
    "x-signature-version": "1.0",
    "x-signature-algorithm": "HMAC-SHA1",
    "x-signature-nonce": "2d045ce8-7f63-5c97-b72b-36e11379e5ec",
    "x-signature": "4XN6kRZa1qj1cy9bT1nU6x9zNz4=",
    "User-Agent": "WebullApiSDK (Linux 6.12.68+;aarch64) Python/3.11.15 Core/2.0.10 python-requests/2.33.1",
    "x-webull-client-source": "sdk",
    "Content-Length": "346",
    "Content-Type": "application/json"
  },
  "_body_params": {
    "stock_order": {
      "client_order_id": "ar-3804f2e9-2e54-43fb-a2a2-",
      "symbol": "AFG",
      "instrument_type": "EQUITY",
      "market": "US",
      "order_type": "LIMIT",
      "side": "BUY",
      "time_in_force": "DAY",
      "entrust_type": "QTY",
      "quantity": "0.010403",
      "support_trading_session": "ALL",
      "account_tax_type": "GENERAL",
      "limit_price": "144.18"
    },
    "account_id": "F8ISIGG74NU0C495ILNGG99D29"
  },
  "_uri_pattern": null,
  "_uri_params": null,
  "_content": "{\"stock_order\":{\"client_order_id\":\"ar-3804f2e9-2e54-43fb-a2a2-\",\"symbol\":\"AFG\",\"instrument_type\":\"EQUITY\",\"market\":\"US\",\"order_type\":\"LIMIT\",\"side\":\"BUY\",\"time_in_force\":\"DAY\",\"entrust_type\":\"QTY\",\"quantity\":\"0.010403\",\"support_trading_session\":\"ALL\",\"account_tax_type\":\"GENERAL\",\"limit_price\":\"144.18\"},\"account_id\":\"F8ISIGG74NU0C495ILNGG99D29\"}",
  "_extra_user_agent": {},
  "string_to_sign": "",
  "_request_connect_timeout": null,
  "_request_read_timeout": null,
  "endpoint": "api.webull.com",
  "_signer_spec": "<module 'webull.core.auth.algorithm.sha_hmac1' from '/root/.venv/lib/python3.11/site-packages/webull/core/auth/algorithm/sha_hmac1.py'>",
  "_stock_order": {
    "client_order_id": "ar-3804f2e9-2e54-43fb-a2a2-",
    "symbol": "AFG",
    "instrument_type": "EQUITY",
    "market": "US",
    "order_type": "LIMIT",
    "side": "BUY",
    "time_in_force": "DAY",
    "entrust_type": "QTY",
    "quantity": "0.010403",
    "support_trading_session": "ALL",
    "account_tax_type": "GENERAL",
    "limit_price": "144.18"
  }
} Response:{'message': 'The time you sent is not supported. Please check. ', 'error_code': 'INVALID_PARAMETER'} ServerException:HTTP Status: 417, Code: INVALID_PARAMETER, Msg: The time you sent is not supported. Please check. , RequestID: 64f9cccf-37a3-4cf6-98ef-1266280484c8
277583635411360 2026-07-06 01:50:29,887 webull.core.client ERROR get_response exception. {
  "error_code": "INVALID_PARAMETER",
  "error_msg": "The time you sent is not supported. Please check. ",
  "http_status": 417,
  "request_id": "64f9cccf-37a3-4cf6-98ef-1266280484c8"
}
277583652319648 2026-07-06 01:50:31,269 webull.core.client ERROR ServerException occurred. Host:api.webull.com SDK-Version:2.0.10 Request:{
  "_version": "v2",
  "_action_name": "/trade/order/place",
  "_protocol_type": "https",
  "_accept_format": "JSON",
  "_params": {},
  "_method": "POST",
  "_header": {
    "x-version": "v2",
    "Accept-Encoding": "gzip",
    "x-app-key": "bf67888c79f28465cba7afc02717dbcb",
    "x-timestamp": "2026-07-06T01:50:31Z",
    "x-signature-version": "1.0",
    "x-signature-algorithm": "HMAC-SHA1",
    "x-signature-nonce": "a710aaa1-9f12-5f23-a680-3f53339d28af",
    "x-signature": "QuJK9XA6Gj3RHfO0xJlPV4aju8A=",
    "User-Agent": "WebullApiSDK (Linux 6.12.68+;aarch64) Python/3.11.15 Core/2.0.10 python-requests/2.33.1",
    "x-webull-client-source": "sdk",
    "Content-Length": "346",
    "Content-Type": "application/json"
  },
  "_body_params": {
    "stock_order": {
      "client_order_id": "ar-7a12dc13-de54-49f6-bd98-",
      "symbol": "AFG",
      "instrument_type": "EQUITY",
      "market": "US",
      "order_type": "LIMIT",
      "side": "BUY",
      "time_in_force": "DAY",
      "entrust_type": "QTY",
      "quantity": "0.020807",
      "support_trading_session": "ALL",
      "account_tax_type": "GENERAL",
      "limit_price": "144.18"
    },
    "account_id": "F8ISIGG74NU0C495ILNGG99D29"
  },
  "_uri_pattern": null,
  "_uri_params": null,
  "_content": "{\"stock_order\":{\"client_order_id\":\"ar-7a12dc13-de54-49f6-bd98-\",\"symbol\":\"AFG\",\"instrument_type\":\"EQUITY\",\"market\":\"US\",\"order_type\":\"LIMIT\",\"side\":\"BUY\",\"time_in_force\":\"DAY\",\"entrust_type\":\"QTY\",\"quantity\":\"0.020807\",\"support_trading_session\":\"ALL\",\"account_tax_type\":\"GENERAL\",\"limit_price\":\"144.18\"},\"account_id\":\"F8ISIGG74NU0C495ILNGG99D29\"}",
  "_extra_user_agent": {},
  "string_to_sign": "",
  "_request_connect_timeout": null,
  "_request_read_timeout": null,
  "endpoint": "api.webull.com",
  "_signer_spec": "<module 'webull.core.auth.algorithm.sha_hmac1' from '/root/.venv/lib/python3.11/site-packages/webull/core/auth/algorithm/sha_hmac1.py'>",
  "_stock_order": {
    "client_order_id": "ar-7a12dc13-de54-49f6-bd98-",
    "symbol": "AFG",
    "instrument_type": "EQUITY",
    "market": "US",
    "order_type": "LIMIT",
    "side": "BUY",
    "time_in_force": "DAY",
    "entrust_type": "QTY",
    "quantity": "0.020807",
    "support_trading_session": "ALL",
    "account_tax_type": "GENERAL",
    "limit_price": "144.18"
  }
} Response:{'message': 'The time you sent is not supported. Please check. ', 'error_code': 'INVALID_PARAMETER'} ServerException:HTTP Status: 417, Code: INVALID_PARAMETER, Msg: The time you sent is not supported. Please check. , RequestID: 2427c667-9ad8-4411-851f-3cf374de2352
277583652319648 2026-07-06 01:50:31,269 webull.core.client ERROR get_response exception. {
  "error_code": "INVALID_PARAMETER",
  "error_msg": "The time you sent is not supported. Please check. ",
  "http_status": 417,
  "request_id": "2427c667-9ad8-4411-851f-3cf374de2352"
}
277583065248160 2026-07-06 01:51:37,262 webull.core.client ERROR ServerException occurred. Host:api.webull.com SDK-Version:2.0.10 Request:{
  "_version": "v2",
  "_action_name": "/trade/order/place",
  "_protocol_type": "https",
  "_accept_format": "JSON",
  "_params": {},
  "_method": "POST",
  "_header": {
    "x-version": "v2",
    "Accept-Encoding": "gzip",
    "x-app-key": "bf67888c79f28465cba7afc02717dbcb",
    "x-timestamp": "2026-07-06T01:51:37Z",
    "x-signature-version": "1.0",
    "x-signature-algorithm": "HMAC-SHA1",
    "x-signature-nonce": "9c6e113b-5d63-5286-9bee-71e731f3582b",
    "x-signature": "SWua7oFYYs8OgUBE4Nt1QSe3wOs=",
    "User-Agent": "WebullApiSDK (Linux 6.12.68+;aarch64) Python/3.11.15 Core/2.0.10 python-requests/2.33.1",
    "x-webull-client-source": "sdk",
    "Content-Length": "345",
    "Content-Type": "application/json"
  },
  "_body_params": {
    "stock_order": {
      "client_order_id": "ar-5c47a324-6160-4dc9-9b1e-",
      "symbol": "AII",
      "instrument_type": "EQUITY",
      "market": "US",
      "order_type": "LIMIT",
      "side": "BUY",
      "time_in_force": "DAY",
      "entrust_type": "QTY",
      "quantity": "0.154162",
      "support_trading_session": "ALL",
      "account_tax_type": "GENERAL",
      "limit_price": "19.46"
    },
    "account_id": "F8ISIGG74NU0C495ILNGG99D29"
  },
  "_uri_pattern": null,
  "_uri_params": null,
  "_content": "{\"stock_order\":{\"client_order_id\":\"ar-5c47a324-6160-4dc9-9b1e-\",\"symbol\":\"AII\",\"instrument_type\":\"EQUITY\",\"market\":\"US\",\"order_type\":\"LIMIT\",\"side\":\"BUY\",\"time_in_force\":\"DAY\",\"entrust_type\":\"QTY\",\"quantity\":\"0.154162\",\"support_trading_session\":\"ALL\",\"account_tax_type\":\"GENERAL\",\"limit_price\":\"19.46\"},\"account_id\":\"F8ISIGG74NU0C495ILNGG99D29\"}",
  "_extra_user_agent": {},
  "string_to_sign": "",
  "_request_connect_timeout": null,
  "_request_read_timeout": null,
  "endpoint": "api.webull.com",
  "_signer_spec": "<module 'webull.core.auth.algorithm.sha_hmac1' from '/root/.venv/lib/python3.11/site-packages/webull/core/auth/algorithm/sha_hmac1.py'>",
  "_stock_order": {
    "client_order_id": "ar-5c47a324-6160-4dc9-9b1e-",
    "symbol": "AII",
    "instrument_type": "EQUITY",
    "market": "US",
    "order_type": "LIMIT",
    "side": "BUY",
    "time_in_force": "DAY",
    "entrust_type": "QTY",
    "quantity": "0.154162",
    "support_trading_session": "ALL",
    "account_tax_type": "GENERAL",
    "limit_price": "19.46"
  }
} Response:{'message': 'The time you sent is not supported. Please check. ', 'error_code': 'INVALID_PARAMETER'} ServerException:HTTP Status: 417, Code: INVALID_PARAMETER, Msg: The time you sent is not supported. Please check. , RequestID: cfb0c8cb-6868-4aed-addf-953106a8578b
277583065248160 2026-07-06 01:51:37,262 webull.core.client ERROR get_response exception. {
  "error_code": "INVALID_PARAMETER",
  "error_msg": "The time you sent is not supported. Please check. ",
  "http_status": 417,
  "request_id": "cfb0c8cb-6868-4aed-addf-953106a8578b"
}
277583652319648 2026-07-06 01:51:59,559 webull.core.client ERROR ServerException occurred. Host:api.webull.com SDK-Version:2.0.10 Request:{
  "_version": "v2",
  "_action_name": "/trade/order/place",
  "_protocol_type": "https",
  "_accept_format": "JSON",
  "_params": {},
  "_method": "POST",
  "_header": {
    "x-version": "v2",
    "Accept-Encoding": "gzip",
    "x-app-key": "bf67888c79f28465cba7afc02717dbcb",
    "x-timestamp": "2026-07-06T01:51:59Z",
    "x-signature-version": "1.0",
    "x-signature-algorithm": "HMAC-SHA1",
    "x-signature-nonce": "640bd6e2-e360-517e-b447-506dbb6c7b38",
    "x-signature": "nLDBdFOK1GpdhPgsNCOiQoaYqsM=",
    "User-Agent": "WebullApiSDK (Linux 6.12.68+;aarch64) Python/3.11.15 Core/2.0.10 python-requests/2.33.1",
    "x-webull-client-source": "sdk",
    "Content-Length": "345",
    "Content-Type": "application/json"
  },
  "_body_params": {
    "stock_order": {
      "client_order_id": "ar-42d7e5ee-7501-4975-a26b-",
      "symbol": "AMC",
      "instrument_type": "EQUITY",
      "market": "US",
      "order_type": "LIMIT",
      "side": "SELL",
      "time_in_force": "DAY",
      "entrust_type": "QTY",
      "quantity": "0.802139",
      "support_trading_session": "ALL",
      "account_tax_type": "GENERAL",
      "limit_price": "1.87"
    },
    "account_id": "F8ISIGG74NU0C495ILNGG99D29"
  },
  "_uri_pattern": null,
  "_uri_params": null,
  "_content": "{\"stock_order\":{\"client_order_id\":\"ar-42d7e5ee-7501-4975-a26b-\",\"symbol\":\"AMC\",\"instrument_type\":\"EQUITY\",\"market\":\"US\",\"order_type\":\"LIMIT\",\"side\":\"SELL\",\"time_in_force\":\"DAY\",\"entrust_type\":\"QTY\",\"quantity\":\"0.802139\",\"support_trading_session\":\"ALL\",\"account_tax_type\":\"GENERAL\",\"limit_price\":\"1.87\"},\"account_id\":\"F8ISIGG74NU0C495ILNGG99D29\"}",
  "_extra_user_agent": {},
  "string_to_sign": "",
  "_request_connect_timeout": null,
  "_request_read_timeout": null,
  "endpoint": "api.webull.com",
  "_signer_spec": "<module 'webull.core.auth.algorithm.sha_hmac1' from '/root/.venv/lib/python3.11/site-packages/webull/core/auth/algorithm/sha_hmac1.py'>",
  "_stock_order": {
    "client_order_id": "ar-42d7e5ee-7501-4975-a26b-",
    "symbol": "AMC",
    "instrument_type": "EQUITY",
    "market": "US",
    "order_type": "LIMIT",
    "side": "SELL",
    "time_in_force": "DAY",
    "entrust_type": "QTY",
    "quantity": "0.802139",
    "support_trading_session": "ALL",
    "account_tax_type": "GENERAL",
    "limit_price": "1.87"
  }
} Response:{'message': 'The time you sent is not supported. Please check. ', 'error_code': 'INVALID_PARAMETER'} ServerException:HTTP Status: 417, Code: INVALID_PARAMETER, Msg: The time you sent is not supported. Please check. , RequestID: 440715fd-7a8b-49aa-ba8d-5bec2bc05ba3
277583652319648 2026-07-06 01:51:59,559 webull.core.client ERROR get_response exception. {
  "error_code": "INVALID_PARAMETER",
  "error_msg": "The time you sent is not supported. Please check. ",
  "http_status": 417,
  "request_id": "440715fd-7a8b-49aa-ba8d-5bec2bc05ba3"
}
277583618503072 2026-07-06 01:51:59,793 webull.core.client ERROR ServerException occurred. Host:api.webull.com SDK-Version:2.0.10 Request:{
  "_version": "v2",
  "_action_name": "/trade/order/place",
  "_protocol_type": "https",
  "_accept_format": "JSON",
  "_params": {},
  "_method": "POST",
  "_header": {
    "x-version": "v2",
    "Accept-Encoding": "gzip",
    "x-app-key": "bf67888c79f28465cba7afc02717dbcb",
    "x-timestamp": "2026-07-06T01:51:59Z",
    "x-signature-version": "1.0",
    "x-signature-algorithm": "HMAC-SHA1",
    "x-signature-nonce": "43521e35-db10-540f-860c-46cc98584465",
    "x-signature": "CedBcLVbgAbklqrgdiP9jgCOfvc=",
    "User-Agent": "WebullApiSDK (Linux 6.12.68+;aarch64) Python/3.11.15 Core/2.0.10 python-requests/2.33.1",
    "x-webull-client-source": "sdk",
    "Content-Length": "345",
    "Content-Type": "application/json"
  },
  "_body_params": {
    "stock_order": {
      "client_order_id": "ar-85056657-3096-4df1-a262-",
      "symbol": "AMC",
      "instrument_type": "EQUITY",
      "market": "US",
      "order_type": "LIMIT",
      "side": "SELL",
      "time_in_force": "DAY",
      "entrust_type": "QTY",
      "quantity": "0.802139",
      "support_trading_session": "ALL",
      "account_tax_type": "GENERAL",
      "limit_price": "1.87"
    },
    "account_id": "F8ISIGG74NU0C495ILNGG99D29"
  },
  "_uri_pattern": null,
  "_uri_params": null,
  "_content": "{\"stock_order\":{\"client_order_id\":\"ar-85056657-3096-4df1-a262-\",\"symbol\":\"AMC\",\"instrument_type\":\"EQUITY\",\"market\":\"US\",\"order_type\":\"LIMIT\",\"side\":\"SELL\",\"time_in_force\":\"DAY\",\"entrust_type\":\"QTY\",\"quantity\":\"0.802139\",\"support_trading_session\":\"ALL\",\"account_tax_type\":\"GENERAL\",\"limit_price\":\"1.87\"},\"account_id\":\"F8ISIGG74NU0C495ILNGG99D29\"}",
  "_extra_user_agent": {},
  "string_to_sign": "",
  "_request_connect_timeout": null,
  "_request_read_timeout": null,
  "endpoint": "api.webull.com",
  "_signer_spec": "<module 'webull.core.auth.algorithm.sha_hmac1' from '/root/.venv/lib/python3.11/site-packages/webull/core/auth/algorithm/sha_hmac1.py'>",
  "_stock_order": {
    "client_order_id": "ar-85056657-3096-4df1-a262-",
    "symbol": "AMC",
    "instrument_type": "EQUITY",
    "market": "US",
    "order_type": "LIMIT",
    "side": "SELL",
    "time_in_force": "DAY",
    "entrust_type": "QTY",
    "quantity": "0.802139",
    "support_trading_session": "ALL",
    "account_tax_type": "GENERAL",
    "limit_price": "1.87"
  }
} Response:{'message': 'The time you sent is not supported. Please check. ', 'error_code': 'INVALID_PARAMETER'} ServerException:HTTP Status: 417, Code: INVALID_PARAMETER, Msg: The time you sent is not supported. Please check. , RequestID: 21cca867-47eb-4834-8ab6-7ca6f067e71e
277583618503072 2026-07-06 01:51:59,794 webull.core.client ERROR get_response exception. {
  "error_code": "INVALID_PARAMETER",
  "error_msg": "The time you sent is not supported. Please check. ",
  "http_status": 417,
  "request_id": "21cca867-47eb-4834-8ab6-7ca6f067e71e"
}
277583635411360 2026-07-06 01:51:59,922 webull.core.client ERROR ServerException occurred. Host:api.webull.com SDK-Version:2.0.10 Request:{
  "_version": "v2",
  "_action_name": "/openapi/assets/balance",
  "_protocol_type": "https",
  "_accept_format": "JSON",
  "_params": {
    "account_id": "F8ISIGG74NU0C495ILNGG99D29"
  },
  "_method": "GET",
  "_header": {
    "x-version": "v2",
    "Accept-Encoding": "gzip",
    "x-app-key": "bf67888c79f28465cba7afc02717dbcb",
    "x-timestamp": "2026-07-06T01:51:59Z",
    "x-signature-version": "1.0",
    "x-signature-algorithm": "HMAC-SHA1",
    "x-signature-nonce": "72f270bc-be26-5b6d-b33b-1f86ff963fa3",
    "x-signature": "nMHkD8XSlrnEvrU4jLwZeBZzn44=",
    "User-Agent": "WebullApiSDK (Linux 6.12.68+;aarch64) Python/3.11.15 Core/2.0.10 python-requests/2.33.1",
    "x-webull-client-source": "sdk"
  },
  "_body_params": null,
  "_uri_pattern": null,
  "_uri_params": null,
  "_content": null,
  "_extra_user_agent": {},
  "string_to_sign": "",
  "_request_connect_timeout": null,
  "_request_read_timeout": null,
  "endpoint": "api.webull.com",
  "_signer_spec": "<module 'webull.core.auth.algorithm.sha_hmac1' from '/root/.venv/lib/python3.11/site-packages/webull/core/auth/algorithm/sha_hmac1.py'>"
} Response:{'message': 'Too many requests', 'error_code': 'TOO_MANY_REQUESTS'} ServerException:HTTP Status: 429, Code: TOO_MANY_REQUESTS, Msg: Too many requests, RequestID: 9c9440ca-706f-401e-b338-4bd4867523e5
277583635411360 2026-07-06 01:51:59,922 webull.core.client ERROR get_response exception. {
  "error_code": "TOO_MANY_REQUESTS",
  "error_msg": "Too many requests",
  "http_status": 429,
  "request_id": "9c9440ca-706f-401e-b338-4bd4867523e5"
}
277583643865504 2026-07-06 01:52:00,007 webull.core.client ERROR ServerException occurred. Host:api.webull.com SDK-Version:2.0.10 Request:{
  "_version": "v2",
  "_action_name": "/trade/order/place",
  "_protocol_type": "https",
  "_accept_format": "JSON",
  "_params": {},
  "_method": "POST",
  "_header": {
    "x-version": "v2",
    "Accept-Encoding": "gzip",
    "x-app-key": "bf67888c79f28465cba7afc02717dbcb",
    "x-timestamp": "2026-07-06T01:51:59Z",
    "x-signature-version": "1.0",
    "x-signature-algorithm": "HMAC-SHA1",
    "x-signature-nonce": "8c94effc-05a2-55e3-b61b-69a2c7217504",
    "x-signature": "YZlfUyRoG58Wedv3wdmAVda37Kw=",
    "User-Agent": "WebullApiSDK (Linux 6.12.68+;aarch64) Python/3.11.15 Core/2.0.10 python-requests/2.33.1",
    "x-webull-client-source": "sdk",
    "Content-Length": "345",
    "Content-Type": "application/json"
  },
  "_body_params": {
    "stock_order": {
      "client_order_id": "ar-42d7e5ee-7501-4975-a26b-",
      "symbol": "AMC",
      "instrument_type": "EQUITY",
      "market": "US",
      "order_type": "LIMIT",
      "side": "SELL",
      "time_in_force": "DAY",
      "entrust_type": "QTY",
      "quantity": "0.802139",
      "support_trading_session": "ALL",
      "account_tax_type": "GENERAL",
      "limit_price": "1.87"
    },
    "account_id": "F8ISIGG74NU0C495ILNGG99D29"
  },
  "_uri_pattern": null,
  "_uri_params": null,
  "_content": "{\"stock_order\":{\"client_order_id\":\"ar-42d7e5ee-7501-4975-a26b-\",\"symbol\":\"AMC\",\"instrument_type\":\"EQUITY\",\"market\":\"US\",\"order_type\":\"LIMIT\",\"side\":\"SELL\",\"time_in_force\":\"DAY\",\"entrust_type\":\"QTY\",\"quantity\":\"0.802139\",\"support_trading_session\":\"ALL\",\"account_tax_type\":\"GENERAL\",\"limit_price\":\"1.87\"},\"account_id\":\"F8ISIGG74NU0C495ILNGG99D29\"}",
  "_extra_user_agent": {},
  "string_to_sign": "",
  "_request_connect_timeout": null,
  "_request_read_timeout": null,
  "endpoint": "api.webull.com",
  "_signer_spec": "<module 'webull.core.auth.algorithm.sha_hmac1' from '/root/.venv/lib/python3.11/site-packages/webull/core/auth/algorithm/sha_hmac1.py'>",
  "_stock_order": {
    "client_order_id": "ar-42d7e5ee-7501-4975-a26b-",
    "symbol": "AMC",
    "instrument_type": "EQUITY",
    "market": "US",
    "order_type": "LIMIT",
    "side": "SELL",
    "time_in_force": "DAY",
    "entrust_type": "QTY",
    "quantity": "0.802139",
    "support_trading_session": "ALL",
    "account_tax_type": "GENERAL",
    "limit_price": "1.87"
  }
} Response:{'message': 'The time you sent is not supported. Please check. ', 'error_code': 'INVALID_PARAMETER'} ServerException:HTTP Status: 417, Code: INVALID_PARAMETER, Msg: The time you sent is not supported. Please check. , RequestID: 0e03ac0b-c60c-4946-907e-2f39dd1502d4
277583643865504 2026-07-06 01:52:00,007 webull.core.client ERROR get_response exception. {
  "error_code": "INVALID_PARAMETER",
  "error_msg": "The time you sent is not supported. Please check. ",
  "http_status": 417,
  "request_id": "0e03ac0b-c60c-4946-907e-2f39dd1502d4"
}
277583065248160 2026-07-06 01:52:22,765 webull.core.client ERROR ServerException occurred. Host:api.webull.com SDK-Version:2.0.10 Request:{
  "_version": "v2",
  "_action_name": "/trade/order/place",
  "_protocol_type": "https",
  "_accept_format": "JSON",
  "_params": {},
  "_method": "POST",
  "_header": {
    "x-version": "v2",
    "Accept-Encoding": "gzip",
    "x-app-key": "bf67888c79f28465cba7afc02717dbcb",
    "x-timestamp": "2026-07-06T01:52:22Z",
    "x-signature-version": "1.0",
    "x-signature-algorithm": "HMAC-SHA1",
    "x-signature-nonce": "4c59e41e-c50a-50ab-88fe-66bf995ffbdb",
    "x-signature": "J3TAb2JkBwWqxwuX54C4ckYF+SI=",
    "User-Agent": "WebullApiSDK (Linux 6.12.68+;aarch64) Python/3.11.15 Core/2.0.10 python-requests/2.33.1",
    "x-webull-client-source": "sdk",
    "Content-Length": "345",
    "Content-Type": "application/json"
  },
  "_body_params": {
    "stock_order": {
      "client_order_id": "ar-6e5ade8a-cecf-4dc0-808a-",
      "symbol": "AMC",
      "instrument_type": "EQUITY",
      "market": "US",
      "order_type": "LIMIT",
      "side": "SELL",
      "time_in_force": "DAY",
      "entrust_type": "QTY",
      "quantity": "1.604278",
      "support_trading_session": "ALL",
      "account_tax_type": "GENERAL",
      "limit_price": "1.87"
    },
    "account_id": "F8ISIGG74NU0C495ILNGG99D29"
  },
  "_uri_pattern": null,
  "_uri_params": null,
  "_content": "{\"stock_order\":{\"client_order_id\":\"ar-6e5ade8a-cecf-4dc0-808a-\",\"symbol\":\"AMC\",\"instrument_type\":\"EQUITY\",\"market\":\"US\",\"order_type\":\"LIMIT\",\"side\":\"SELL\",\"time_in_force\":\"DAY\",\"entrust_type\":\"QTY\",\"quantity\":\"1.604278\",\"support_trading_session\":\"ALL\",\"account_tax_type\":\"GENERAL\",\"limit_price\":\"1.87\"},\"account_id\":\"F8ISIGG74NU0C495ILNGG99D29\"}",
  "_extra_user_agent": {},
  "string_to_sign": "",
  "_request_connect_timeout": null,
  "_request_read_timeout": null,
  "endpoint": "api.webull.com",
  "_signer_spec": "<module 'webull.core.auth.algorithm.sha_hmac1' from '/root/.venv/lib/python3.11/site-packages/webull/core/auth/algorithm/sha_hmac1.py'>",
  "_stock_order": {
    "client_order_id": "ar-6e5ade8a-cecf-4dc0-808a-",
    "symbol": "AMC",
    "instrument_type": "EQUITY",
    "market": "US",
    "order_type": "LIMIT",
    "side": "SELL",
    "time_in_force": "DAY",
    "entrust_type": "QTY",
    "quantity": "1.604278",
    "support_trading_session": "ALL",
    "account_tax_type": "GENERAL",
    "limit_price": "1.87"
  }
} Response:{'message': 'The time you sent is not supported. Please check. ', 'error_code': 'INVALID_PARAMETER'} ServerException:HTTP Status: 417, Code: INVALID_PARAMETER, Msg: The time you sent is not supported. Please check. , RequestID: 857e6b07-4cd2-46c9-bdd3-f3efbaa518d4
277583065248160 2026-07-06 01:52:22,765 webull.core.client ERROR get_response exception. {
  "error_code": "INVALID_PARAMETER",
  "error_msg": "The time you sent is not supported. Please check. ",
  "http_status": 417,
  "request_id": "857e6b07-4cd2-46c9-bdd3-f3efbaa518d4"
}
277583626957216 2026-07-06 01:52:42,522 webull.core.client ERROR ServerException occurred. Host:api.webull.com SDK-Version:2.0.10 Request:{
  "_version": "v2",
  "_action_name": "/trade/order/place",
  "_protocol_type": "https",
  "_accept_format": "JSON",
  "_params": {},
  "_method": "POST",
  "_header": {
    "x-version": "v2",
    "Accept-Encoding": "gzip",
    "x-app-key": "bf67888c79f28465cba7afc02717dbcb",
    "x-timestamp": "2026-07-06T01:52:42Z",
    "x-signature-version": "1.0",
    "x-signature-algorithm": "HMAC-SHA1",
    "x-signature-nonce": "c5c9b723-40dc-5f82-abf2-725085c5f78d",
    "x-signature": "CYObytO7WiWL+QobzRdcP/NTsFU=",
    "User-Agent": "WebullApiSDK (Linux 6.12.68+;aarch64) Python/3.11.15 Core/2.0.10 python-requests/2.33.1",
    "x-webull-client-source": "sdk",
    "Content-Length": "347",
    "Content-Type": "application/json"
  },
  "_body_params": {
    "stock_order": {
      "client_order_id": "ar-97a9903a-e879-4a0b-add2-",
      "symbol": "NVDA",
      "instrument_type": "EQUITY",
      "market": "US",
      "order_type": "LIMIT",
      "side": "BUY",
      "time_in_force": "DAY",
      "entrust_type": "QTY",
      "quantity": "0.007622",
      "support_trading_session": "ALL",
      "account_tax_type": "GENERAL",
      "limit_price": "196.78"
    },
    "account_id": "F8ISIGG74NU0C495ILNGG99D29"
  },
  "_uri_pattern": null,
  "_uri_params": null,
  "_content": "{\"stock_order\":{\"client_order_id\":\"ar-97a9903a-e879-4a0b-add2-\",\"symbol\":\"NVDA\",\"instrument_type\":\"EQUITY\",\"market\":\"US\",\"order_type\":\"LIMIT\",\"side\":\"BUY\",\"time_in_force\":\"DAY\",\"entrust_type\":\"QTY\",\"quantity\":\"0.007622\",\"support_trading_session\":\"ALL\",\"account_tax_type\":\"GENERAL\",\"limit_price\":\"196.78\"},\"account_id\":\"F8ISIGG74NU0C495ILNGG99D29\"}",
  "_extra_user_agent": {},
  "string_to_sign": "",
  "_request_connect_timeout": null,
  "_request_read_timeout": null,
  "endpoint": "api.webull.com",
  "_signer_spec": "<module 'webull.core.auth.algorithm.sha_hmac1' from '/root/.venv/lib/python3.11/site-packages/webull/core/auth/algorithm/sha_hmac1.py'>",
  "_stock_order": {
    "client_order_id": "ar-97a9903a-e879-4a0b-add2-",
    "symbol": "NVDA",
    "instrument_type": "EQUITY",
    "market": "US",
    "order_type": "LIMIT",
    "side": "BUY",
    "time_in_force": "DAY",
    "entrust_type": "QTY",
    "quantity": "0.007622",
    "support_trading_session": "ALL",
    "account_tax_type": "GENERAL",
    "limit_price": "196.78"
  }
} Response:{'message': 'The time you sent is not supported. Please check. ', 'error_code': 'INVALID_PARAMETER'} ServerException:HTTP Status: 417, Code: INVALID_PARAMETER, Msg: The time you sent is not supported. Please check. , RequestID: 427cabe8-dbf0-441c-aa12-c9da4563c6c2
277583626957216 2026-07-06 01:52:42,522 webull.core.client ERROR get_response exception. {
  "error_code": "INVALID_PARAMETER",
  "error_msg": "The time you sent is not supported. Please check. ",
  "http_status": 417,
  "request_id": "427cabe8-dbf0-441c-aa12-c9da4563c6c2"
}
277584015589792 2026-07-06 01:52:43,120 webull.core.client ERROR ServerException occurred. Host:api.webull.com SDK-Version:2.0.10 Request:{
  "_version": "v2",
  "_action_name": "/openapi/assets/balance",
  "_protocol_type": "https",
  "_accept_format": "JSON",
  "_params": {
    "account_id": "F8ISIGG74NU0C495ILNGG99D29"
  },
  "_method": "GET",
  "_header": {
    "x-version": "v2",
    "Accept-Encoding": "gzip",
    "x-app-key": "bf67888c79f28465cba7afc02717dbcb",
    "x-timestamp": "2026-07-06T01:52:43Z",
    "x-signature-version": "1.0",
    "x-signature-algorithm": "HMAC-SHA1",
    "x-signature-nonce": "0569da56-dd38-5dec-a319-90c7197f3a28",
    "x-signature": "mhSz0kM8+tSAwSD4IqTkuxvglTw=",
    "User-Agent": "WebullApiSDK (Linux 6.12.68+;aarch64) Python/3.11.15 Core/2.0.10 python-requests/2.33.1",
    "x-webull-client-source": "sdk"
  },
  "_body_params": null,
  "_uri_pattern": null,
  "_uri_params": null,
  "_content": null,
  "_extra_user_agent": {},
  "string_to_sign": "",
  "_request_connect_timeout": null,
  "_request_read_timeout": null,
  "endpoint": "api.webull.com",
  "_signer_spec": "<module 'webull.core.auth.algorithm.sha_hmac1' from '/root/.venv/lib/python3.11/site-packages/webull/core/auth/algorithm/sha_hmac1.py'>"
} Response:{'error_code': 'TOO_MANY_REQUESTS', 'message': 'Too many requests'} ServerException:HTTP Status: 429, Code: TOO_MANY_REQUESTS, Msg: Too many requests, RequestID: 1529b365-0137-4775-a4e8-f92e45f7432f
277584015589792 2026-07-06 01:52:43,120 webull.core.client ERROR get_response exception. {
  "error_code": "TOO_MANY_REQUESTS",
  "error_msg": "Too many requests",
  "http_status": 429,
  "request_id": "1529b365-0137-4775-a4e8-f92e45f7432f"
}
277583618503072 2026-07-06 01:52:43,205 webull.core.client ERROR ServerException occurred. Host:api.webull.com SDK-Version:2.0.10 Request:{
  "_version": "v2",
  "_action_name": "/trade/order/place",
  "_protocol_type": "https",
  "_accept_format": "JSON",
  "_params": {},
  "_method": "POST",
  "_header": {
    "x-version": "v2",
    "Accept-Encoding": "gzip",
    "x-app-key": "bf67888c79f28465cba7afc02717dbcb",
    "x-timestamp": "2026-07-06T01:52:43Z",
    "x-signature-version": "1.0",
    "x-signature-algorithm": "HMAC-SHA1",
    "x-signature-nonce": "b9cfe7d2-45f5-5f93-8eca-3c0a6dfd5130",
    "x-signature": "0jyqeBp+BHpINFAYkU2n+7zEm60=",
    "User-Agent": "WebullApiSDK (Linux 6.12.68+;aarch64) Python/3.11.15 Core/2.0.10 python-requests/2.33.1",
    "x-webull-client-source": "sdk",
    "Content-Length": "347",
    "Content-Type": "application/json"
  },
  "_body_params": {
    "stock_order": {
      "client_order_id": "ar-5e8ab756-e928-4d94-92cf-",
      "symbol": "NVDA",
      "instrument_type": "EQUITY",
      "market": "US",
      "order_type": "LIMIT",
      "side": "BUY",
      "time_in_force": "DAY",
      "entrust_type": "QTY",
      "quantity": "0.007622",
      "support_trading_session": "ALL",
      "account_tax_type": "GENERAL",
      "limit_price": "196.78"
    },
    "account_id": "F8ISIGG74NU0C495ILNGG99D29"
  },
  "_uri_pattern": null,
  "_uri_params": null,
  "_content": "{\"stock_order\":{\"client_order_id\":\"ar-5e8ab756-e928-4d94-92cf-\",\"symbol\":\"NVDA\",\"instrument_type\":\"EQUITY\",\"market\":\"US\",\"order_type\":\"LIMIT\",\"side\":\"BUY\",\"time_in_force\":\"DAY\",\"entrust_type\":\"QTY\",\"quantity\":\"0.007622\",\"support_trading_session\":\"ALL\",\"account_tax_type\":\"GENERAL\",\"limit_price\":\"196.78\"},\"account_id\":\"F8ISIGG74NU0C495ILNGG99D29\"}",
  "_extra_user_agent": {},
  "string_to_sign": "",
  "_request_connect_timeout": null,
  "_request_read_timeout": null,
  "endpoint": "api.webull.com",
  "_signer_spec": "<module 'webull.core.auth.algorithm.sha_hmac1' from '/root/.venv/lib/python3.11/site-packages/webull/core/auth/algorithm/sha_hmac1.py'>",
  "_stock_order": {
    "client_order_id": "ar-5e8ab756-e928-4d94-92cf-",
    "symbol": "NVDA",
    "instrument_type": "EQUITY",
    "market": "US",
    "order_type": "LIMIT",
    "side": "BUY",
    "time_in_force": "DAY",
    "entrust_type": "QTY",
    "quantity": "0.007622",
    "support_trading_session": "ALL",
    "account_tax_type": "GENERAL",
    "limit_price": "196.78"
  }
} Response:{'message': 'The time you sent is not supported. Please check. ', 'error_code': 'INVALID_PARAMETER'} ServerException:HTTP Status: 417, Code: INVALID_PARAMETER, Msg: The time you sent is not supported. Please check. , RequestID: a09e7793-eee4-4933-bad0-592e621891f9
277583618503072 2026-07-06 01:52:43,205 webull.core.client ERROR get_response exception. {
  "error_code": "INVALID_PARAMETER",
  "error_msg": "The time you sent is not supported. Please check. ",
  "http_status": 417,
  "request_id": "a09e7793-eee4-4933-bad0-592e621891f9"
}
277583652319648 2026-07-06 01:52:49,351 webull.core.client ERROR ServerException occurred. Host:api.webull.com SDK-Version:2.0.10 Request:{
  "_version": "v2",
  "_action_name": "/trade/order/place",
  "_protocol_type": "https",
  "_accept_format": "JSON",
  "_params": {},
  "_method": "POST",
  "_header": {
    "x-version": "v2",
    "Accept-Encoding": "gzip",
    "x-app-key": "bf67888c79f28465cba7afc02717dbcb",
    "x-timestamp": "2026-07-06T01:52:49Z",
    "x-signature-version": "1.0",
    "x-signature-algorithm": "HMAC-SHA1",
    "x-signature-nonce": "0ed3c608-f1e5-5342-aac5-96a8aa0c42da",
    "x-signature": "IWA6vmigdlWctCZu4s+uUrreyZM=",
    "User-Agent": "WebullApiSDK (Linux 6.12.68+;aarch64) Python/3.11.15 Core/2.0.10 python-requests/2.33.1",
    "x-webull-client-source": "sdk",
    "Content-Length": "347",
    "Content-Type": "application/json"
  },
  "_body_params": {
    "stock_order": {
      "client_order_id": "ar-c58cfa4a-d9dc-438e-9f0f-",
      "symbol": "NVDA",
      "instrument_type": "EQUITY",
      "market": "US",
      "order_type": "LIMIT",
      "side": "BUY",
      "time_in_force": "DAY",
      "entrust_type": "QTY",
      "quantity": "0.015245",
      "support_trading_session": "ALL",
      "account_tax_type": "GENERAL",
      "limit_price": "196.78"
    },
    "account_id": "F8ISIGG74NU0C495ILNGG99D29"
  },
  "_uri_pattern": null,
  "_uri_params": null,
  "_content": "{\"stock_order\":{\"client_order_id\":\"ar-c58cfa4a-d9dc-438e-9f0f-\",\"symbol\":\"NVDA\",\"instrument_type\":\"EQUITY\",\"market\":\"US\",\"order_type\":\"LIMIT\",\"side\":\"BUY\",\"time_in_force\":\"DAY\",\"entrust_type\":\"QTY\",\"quantity\":\"0.015245\",\"support_trading_session\":\"ALL\",\"account_tax_type\":\"GENERAL\",\"limit_price\":\"196.78\"},\"account_id\":\"F8ISIGG74NU0C495ILNGG99D29\"}",
  "_extra_user_agent": {},
  "string_to_sign": "",
  "_request_connect_timeout": null,
  "_request_read_timeout": null,
  "endpoint": "api.webull.com",
  "_signer_spec": "<module 'webull.core.auth.algorithm.sha_hmac1' from '/root/.venv/lib/python3.11/site-packages/webull/core/auth/algorithm/sha_hmac1.py'>",
  "_stock_order": {
    "client_order_id": "ar-c58cfa4a-d9dc-438e-9f0f-",
    "symbol": "NVDA",
    "instrument_type": "EQUITY",
    "market": "US",
    "order_type": "LIMIT",
    "side": "BUY",
    "time_in_force": "DAY",
    "entrust_type": "QTY",
    "quantity": "0.015245",
    "support_trading_session": "ALL",
    "account_tax_type": "GENERAL",
    "limit_price": "196.78"
  }
} Response:{'message': 'The time you sent is not supported. Please check. ', 'error_code': 'INVALID_PARAMETER'} ServerException:HTTP Status: 417, Code: INVALID_PARAMETER, Msg: The time you sent is not supported. Please check. , RequestID: 7e70a48e-cd7e-4858-9014-f061c26d2579
277583652319648 2026-07-06 01:52:49,351 webull.core.client ERROR get_response exception. {
  "error_code": "INVALID_PARAMETER",
  "error_msg": "The time you sent is not supported. Please check. ",
  "http_status": 417,
  "request_id": "7e70a48e-cd7e-4858-9014-f061c26d2579"
}
277583660773792 2026-07-06 01:53:09,638 webull.core.client ERROR ServerException occurred. Host:api.webull.com SDK-Version:2.0.10 Request:{
  "_version": "v2",
  "_action_name": "/trade/order/place",
  "_protocol_type": "https",
  "_accept_format": "JSON",
  "_params": {},
  "_method": "POST",
  "_header": {
    "x-version": "v2",
    "Accept-Encoding": "gzip",
    "x-app-key": "bf67888c79f28465cba7afc02717dbcb",
    "x-timestamp": "2026-07-06T01:53:09Z",
    "x-signature-version": "1.0",
    "x-signature-algorithm": "HMAC-SHA1",
    "x-signature-nonce": "09c11ddc-6fde-5533-b772-48429d329e50",
    "x-signature": "hfXw4D1DqHFMHHxrP7XQX8Euj/g=",
    "User-Agent": "WebullApiSDK (Linux 6.12.68+;aarch64) Python/3.11.15 Core/2.0.10 python-requests/2.33.1",
    "x-webull-client-source": "sdk",
    "Content-Length": "347",
    "Content-Type": "application/json"
  },
  "_body_params": {
    "stock_order": {
      "client_order_id": "ar-ca2326d1-37f4-4a4e-ab0d-",
      "symbol": "NVDA",
      "instrument_type": "EQUITY",
      "market": "US",
      "order_type": "LIMIT",
      "side": "BUY",
      "time_in_force": "DAY",
      "entrust_type": "QTY",
      "quantity": "0.015245",
      "support_trading_session": "ALL",
      "account_tax_type": "GENERAL",
      "limit_price": "196.78"
    },
    "account_id": "F8ISIGG74NU0C495ILNGG99D29"
  },
  "_uri_pattern": null,
  "_uri_params": null,
  "_content": "{\"stock_order\":{\"client_order_id\":\"ar-ca2326d1-37f4-4a4e-ab0d-\",\"symbol\":\"NVDA\",\"instrument_type\":\"EQUITY\",\"market\":\"US\",\"order_type\":\"LIMIT\",\"side\":\"BUY\",\"time_in_force\":\"DAY\",\"entrust_type\":\"QTY\",\"quantity\":\"0.015245\",\"support_trading_session\":\"ALL\",\"account_tax_type\":\"GENERAL\",\"limit_price\":\"196.78\"},\"account_id\":\"F8ISIGG74NU0C495ILNGG99D29\"}",
  "_extra_user_agent": {},
  "string_to_sign": "",
  "_request_connect_timeout": null,
  "_request_read_timeout": null,
  "endpoint": "api.webull.com",
  "_signer_spec": "<module 'webull.core.auth.algorithm.sha_hmac1' from '/root/.venv/lib/python3.11/site-packages/webull/core/auth/algorithm/sha_hmac1.py'>",
  "_stock_order": {
    "client_order_id": "ar-ca2326d1-37f4-4a4e-ab0d-",
    "symbol": "NVDA",
    "instrument_type": "EQUITY",
    "market": "US",
    "order_type": "LIMIT",
    "side": "BUY",
    "time_in_force": "DAY",
    "entrust_type": "QTY",
    "quantity": "0.015245",
    "support_trading_session": "ALL",
    "account_tax_type": "GENERAL",
    "limit_price": "196.78"
  }
} Response:{'message': 'The time you sent is not supported. Please check. ', 'error_code': 'INVALID_PARAMETER'} ServerException:HTTP Status: 417, Code: INVALID_PARAMETER, Msg: The time you sent is not supported. Please check. , RequestID: 2edea5b0-c0b6-4704-b7dd-5da8cc171eb6
277583660773792 2026-07-06 01:53:09,638 webull.core.client ERROR get_response exception. {
  "error_code": "INVALID_PARAMETER",
  "error_msg": "The time you sent is not supported. Please check. ",
  "http_status": 417,
  "request_id": "2edea5b0-c0b6-4704-b7dd-5da8cc171eb6"
}
277583660773792 2026-07-06 01:55:09,176 webull.core.client ERROR ServerException occurred. Host:api.webull.com SDK-Version:2.0.10 Request:{
  "_version": "v2",
  "_action_name": "/trade/order/place",
  "_protocol_type": "https",
  "_accept_format": "JSON",
  "_params": {},
  "_method": "POST",
  "_header": {
    "x-version": "v2",
    "Accept-Encoding": "gzip",
    "x-app-key": "bf67888c79f28465cba7afc02717dbcb",
    "x-timestamp": "2026-07-06T01:55:09Z",
    "x-signature-version": "1.0",
    "x-signature-algorithm": "HMAC-SHA1",
    "x-signature-nonce": "c938d808-7c8b-58d1-9882-6c416a74c600",
    "x-signature": "zdCUZPkAUDxNlJB2enx9GKKR/7I=",
    "User-Agent": "WebullApiSDK (Linux 6.12.68+;aarch64) Python/3.11.15 Core/2.0.10 python-requests/2.33.1",
    "x-webull-client-source": "sdk",
    "Content-Length": "345",
    "Content-Type": "application/json"
  },
  "_body_params": {
    "stock_order": {
      "client_order_id": "ar-104ea371-42c1-4022-94aa-",
      "symbol": "AAL",
      "instrument_type": "EQUITY",
      "market": "US",
      "order_type": "LIMIT",
      "side": "BUY",
      "time_in_force": "DAY",
      "entrust_type": "QTY",
      "quantity": "0.165745",
      "support_trading_session": "ALL",
      "account_tax_type": "GENERAL",
      "limit_price": "18.10"
    },
    "account_id": "F8ISIGG74NU0C495ILNGG99D29"
  },
  "_uri_pattern": null,
  "_uri_params": null,
  "_content": "{\"stock_order\":{\"client_order_id\":\"ar-104ea371-42c1-4022-94aa-\",\"symbol\":\"AAL\",\"instrument_type\":\"EQUITY\",\"market\":\"US\",\"order_type\":\"LIMIT\",\"side\":\"BUY\",\"time_in_force\":\"DAY\",\"entrust_type\":\"QTY\",\"quantity\":\"0.165745\",\"support_trading_session\":\"ALL\",\"account_tax_type\":\"GENERAL\",\"limit_price\":\"18.10\"},\"account_id\":\"F8ISIGG74NU0C495ILNGG99D29\"}",
  "_extra_user_agent": {},
  "string_to_sign": "",
  "_request_connect_timeout": null,
  "_request_read_timeout": null,
  "endpoint": "api.webull.com",
  "_signer_spec": "<module 'webull.core.auth.algorithm.sha_hmac1' from '/root/.venv/lib/python3.11/site-packages/webull/core/auth/algorithm/sha_hmac1.py'>",
  "_stock_order": {
    "client_order_id": "ar-104ea371-42c1-4022-94aa-",
    "symbol": "AAL",
    "instrument_type": "EQUITY",
    "market": "US",
    "order_type": "LIMIT",
    "side": "BUY",
    "time_in_force": "DAY",
    "entrust_type": "QTY",
    "quantity": "0.165745",
    "support_trading_session": "ALL",
    "account_tax_type": "GENERAL",
    "limit_price": "18.10"
  }
} Response:{'message': 'The time you sent is not supported. Please check. ', 'error_code': 'INVALID_PARAMETER'} ServerException:HTTP Status: 417, Code: INVALID_PARAMETER, Msg: The time you sent is not supported. Please check. , RequestID: f11d9915-ec10-42cf-bc59-27ad090e3ff2
277583660773792 2026-07-06 01:55:09,176 webull.core.client ERROR get_response exception. {
  "error_code": "INVALID_PARAMETER",
  "error_msg": "The time you sent is not supported. Please check. ",
  "http_status": 417,
  "request_id": "f11d9915-ec10-42cf-bc59-27ad090e3ff2"
}
277583618503072 2026-07-06 01:55:22,293 webull.core.client ERROR ServerException occurred. Host:api.webull.com SDK-Version:2.0.10 Request:{
  "_version": "v2",
  "_action_name": "/trade/order/place",
  "_protocol_type": "https",
  "_accept_format": "JSON",
  "_params": {},
  "_method": "POST",
  "_header": {
    "x-version": "v2",
    "Accept-Encoding": "gzip",
    "x-app-key": "bf67888c79f28465cba7afc02717dbcb",
    "x-timestamp": "2026-07-06T01:55:22Z",
    "x-signature-version": "1.0",
    "x-signature-algorithm": "HMAC-SHA1",
    "x-signature-nonce": "b788db17-2ec1-5740-a63c-00767f1e99f1",
    "x-signature": "1oVpGazEsAoRdcySkaYa4IknTWI=",
    "User-Agent": "WebullApiSDK (Linux 6.12.68+;aarch64) Python/3.11.15 Core/2.0.10 python-requests/2.33.1",
    "x-webull-client-source": "sdk",
    "Content-Length": "345",
    "Content-Type": "application/json"
  },
  "_body_params": {
    "stock_order": {
      "client_order_id": "ar-e2321efe-6bef-45de-9b85-",
      "symbol": "AAL",
      "instrument_type": "EQUITY",
      "market": "US",
      "order_type": "LIMIT",
      "side": "BUY",
      "time_in_force": "DAY",
      "entrust_type": "QTY",
      "quantity": "0.165745",
      "support_trading_session": "ALL",
      "account_tax_type": "GENERAL",
      "limit_price": "18.10"
    },
    "account_id": "F8ISIGG74NU0C495ILNGG99D29"
  },
  "_uri_pattern": null,
  "_uri_params": null,
  "_content": "{\"stock_order\":{\"client_order_id\":\"ar-e2321efe-6bef-45de-9b85-\",\"symbol\":\"AAL\",\"instrument_type\":\"EQUITY\",\"market\":\"US\",\"order_type\":\"LIMIT\",\"side\":\"BUY\",\"time_in_force\":\"DAY\",\"entrust_type\":\"QTY\",\"quantity\":\"0.165745\",\"support_trading_session\":\"ALL\",\"account_tax_type\":\"GENERAL\",\"limit_price\":\"18.10\"},\"account_id\":\"F8ISIGG74NU0C495ILNGG99D29\"}",
  "_extra_user_agent": {},
  "string_to_sign": "",
  "_request_connect_timeout": null,
  "_request_read_timeout": null,
  "endpoint": "api.webull.com",
  "_signer_spec": "<module 'webull.core.auth.algorithm.sha_hmac1' from '/root/.venv/lib/python3.11/site-packages/webull/core/auth/algorithm/sha_hmac1.py'>",
  "_stock_order": {
    "client_order_id": "ar-e2321efe-6bef-45de-9b85-",
    "symbol": "AAL",
    "instrument_type": "EQUITY",
    "market": "US",
    "order_type": "LIMIT",
    "side": "BUY",
    "time_in_force": "DAY",
    "entrust_type": "QTY",
    "quantity": "0.165745",
    "support_trading_session": "ALL",
    "account_tax_type": "GENERAL",
    "limit_price": "18.10"
  }
} Response:{'message': 'The time you sent is not supported. Please check. ', 'error_code': 'INVALID_PARAMETER'} ServerException:HTTP Status: 417, Code: INVALID_PARAMETER, Msg: The time you sent is not supported. Please check. , RequestID: e8c40adc-7225-4f3a-86ee-61c6b852f3ad
277583618503072 2026-07-06 01:55:22,293 webull.core.client ERROR get_response exception. {
  "error_code": "INVALID_PARAMETER",
  "error_msg": "The time you sent is not supported. Please check. ",
  "http_status": 417,
  "request_id": "e8c40adc-7225-4f3a-86ee-61c6b852f3ad"
}
277583643865504 2026-07-06 01:56:19,404 webull.core.client ERROR ServerException occurred. Host:api.webull.com SDK-Version:2.0.10 Request:{
  "_version": "v2",
  "_action_name": "/trade/order/place",
  "_protocol_type": "https",
  "_accept_format": "JSON",
  "_params": {},
  "_method": "POST",
  "_header": {
    "x-version": "v2",
    "Accept-Encoding": "gzip",
    "x-app-key": "bf67888c79f28465cba7afc02717dbcb",
    "x-timestamp": "2026-07-06T01:56:19Z",
    "x-signature-version": "1.0",
    "x-signature-algorithm": "HMAC-SHA1",
    "x-signature-nonce": "bc671b02-221b-550f-a69d-744c1214917a",
    "x-signature": "7csrVP4xf9K8Zuh5lhbAQJpKci0=",
    "User-Agent": "WebullApiSDK (Linux 6.12.68+;aarch64) Python/3.11.15 Core/2.0.10 python-requests/2.33.1",
    "x-webull-client-source": "sdk",
    "Content-Length": "347",
    "Content-Type": "application/json"
  },
  "_body_params": {
    "stock_order": {
      "client_order_id": "ar-8040fcf0-6f5d-4807-a00e-",
      "symbol": "AAPL",
      "instrument_type": "EQUITY",
      "market": "US",
      "order_type": "LIMIT",
      "side": "BUY",
      "time_in_force": "DAY",
      "entrust_type": "QTY",
      "quantity": "0.004812",
      "support_trading_session": "ALL",
      "account_tax_type": "GENERAL",
      "limit_price": "311.72"
    },
    "account_id": "F8ISIGG74NU0C495ILNGG99D29"
  },
  "_uri_pattern": null,
  "_uri_params": null,
  "_content": "{\"stock_order\":{\"client_order_id\":\"ar-8040fcf0-6f5d-4807-a00e-\",\"symbol\":\"AAPL\",\"instrument_type\":\"EQUITY\",\"market\":\"US\",\"order_type\":\"LIMIT\",\"side\":\"BUY\",\"time_in_force\":\"DAY\",\"entrust_type\":\"QTY\",\"quantity\":\"0.004812\",\"support_trading_session\":\"ALL\",\"account_tax_type\":\"GENERAL\",\"limit_price\":\"311.72\"},\"account_id\":\"F8ISIGG74NU0C495ILNGG99D29\"}",
  "_extra_user_agent": {},
  "string_to_sign": "",
  "_request_connect_timeout": null,
  "_request_read_timeout": null,
  "endpoint": "api.webull.com",
  "_signer_spec": "<module 'webull.core.auth.algorithm.sha_hmac1' from '/root/.venv/lib/python3.11/site-packages/webull/core/auth/algorithm/sha_hmac1.py'>",
  "_stock_order": {
    "client_order_id": "ar-8040fcf0-6f5d-4807-a00e-",
    "symbol": "AAPL",
    "instrument_type": "EQUITY",
    "market": "US",
    "order_type": "LIMIT",
    "side": "BUY",
    "time_in_force": "DAY",
    "entrust_type": "QTY",
    "quantity": "0.004812",
    "support_trading_session": "ALL",
    "account_tax_type": "GENERAL",
    "limit_price": "311.72"
  }
} Response:{'message': 'The time you sent is not supported. Please check. ', 'error_code': 'INVALID_PARAMETER'} ServerException:HTTP Status: 417, Code: INVALID_PARAMETER, Msg: The time you sent is not supported. Please check. , RequestID: d0706d83-354f-499e-8f91-b8ddde548aa4
277583643865504 2026-07-06 01:56:19,404 webull.core.client ERROR get_response exception. {
  "error_code": "INVALID_PARAMETER",
  "error_msg": "The time you sent is not supported. Please check. ",
  "http_status": 417,
  "request_id": "d0706d83-354f-499e-8f91-b8ddde548aa4"
}
277583643865504 2026-07-06 01:56:21,844 webull.core.client ERROR ServerException occurred. Host:api.webull.com SDK-Version:2.0.10 Request:{
  "_version": "v2",
  "_action_name": "/trade/order/place",
  "_protocol_type": "https",
  "_accept_format": "JSON",
  "_params": {},
  "_method": "POST",
  "_header": {
    "x-version": "v2",
    "Accept-Encoding": "gzip",
    "x-app-key": "bf67888c79f28465cba7afc02717dbcb",
    "x-timestamp": "2026-07-06T01:56:21Z",
    "x-signature-version": "1.0",
    "x-signature-algorithm": "HMAC-SHA1",
    "x-signature-nonce": "89291f44-5eb4-5cbb-90f6-d383785a53ea",
    "x-signature": "nOlGWKPo81Ay8OH10/Vd4gcxrQo=",
    "User-Agent": "WebullApiSDK (Linux 6.12.68+;aarch64) Python/3.11.15 Core/2.0.10 python-requests/2.33.1",
    "x-webull-client-source": "sdk",
    "Content-Length": "347",
    "Content-Type": "application/json"
  },
  "_body_params": {
    "stock_order": {
      "client_order_id": "ar-c9bee004-2384-44a9-9f7b-",
      "symbol": "AAPL",
      "instrument_type": "EQUITY",
      "market": "US",
      "order_type": "LIMIT",
      "side": "BUY",
      "time_in_force": "DAY",
      "entrust_type": "QTY",
      "quantity": "0.004812",
      "support_trading_session": "ALL",
      "account_tax_type": "GENERAL",
      "limit_price": "311.72"
    },
    "account_id": "F8ISIGG74NU0C495ILNGG99D29"
  },
  "_uri_pattern": null,
  "_uri_params": null,
  "_content": "{\"stock_order\":{\"client_order_id\":\"ar-c9bee004-2384-44a9-9f7b-\",\"symbol\":\"AAPL\",\"instrument_type\":\"EQUITY\",\"market\":\"US\",\"order_type\":\"LIMIT\",\"side\":\"BUY\",\"time_in_force\":\"DAY\",\"entrust_type\":\"QTY\",\"quantity\":\"0.004812\",\"support_trading_session\":\"ALL\",\"account_tax_type\":\"GENERAL\",\"limit_price\":\"311.72\"},\"account_id\":\"F8ISIGG74NU0C495ILNGG99D29\"}",
  "_extra_user_agent": {},
  "string_to_sign": "",
  "_request_connect_timeout": null,
  "_request_read_timeout": null,
  "endpoint": "api.webull.com",
  "_signer_spec": "<module 'webull.core.auth.algorithm.sha_hmac1' from '/root/.venv/lib/python3.11/site-packages/webull/core/auth/algorithm/sha_hmac1.py'>",
  "_stock_order": {
    "client_order_id": "ar-c9bee004-2384-44a9-9f7b-",
    "symbol": "AAPL",
    "instrument_type": "EQUITY",
    "market": "US",
    "order_type": "LIMIT",
    "side": "BUY",
    "time_in_force": "DAY",
    "entrust_type": "QTY",
    "quantity": "0.004812",
    "support_trading_session": "ALL",
    "account_tax_type": "GENERAL",
    "limit_price": "311.72"
  }
} Response:{'message': 'The time you sent is not supported. Please check. ', 'error_code': 'INVALID_PARAMETER'} ServerException:HTTP Status: 417, Code: INVALID_PARAMETER, Msg: The time you sent is not supported. Please check. , RequestID: 4458c44b-165d-4a88-929a-608e02a375bc
277583643865504 2026-07-06 01:56:21,844 webull.core.client ERROR get_response exception. {
  "error_code": "INVALID_PARAMETER",
  "error_msg": "The time you sent is not supported. Please check. ",
  "http_status": 417,
  "request_id": "4458c44b-165d-4a88-929a-608e02a375bc"
}
277583618503072 2026-07-06 01:56:58,280 webull.core.client ERROR ServerException occurred. Host:api.webull.com SDK-Version:2.0.10 Request:{
  "_version": "v2",
  "_action_name": "/trade/order/place",
  "_protocol_type": "https",
  "_accept_format": "JSON",
  "_params": {},
  "_method": "POST",
  "_header": {
    "x-version": "v2",
    "Accept-Encoding": "gzip",
    "x-app-key": "bf67888c79f28465cba7afc02717dbcb",
    "x-timestamp": "2026-07-06T01:56:58Z",
    "x-signature-version": "1.0",
    "x-signature-algorithm": "HMAC-SHA1",
    "x-signature-nonce": "7c5bd604-18ce-5e2b-a791-027f6bf58b58",
    "x-signature": "xVINX6rMfl6fOFcXL3kMjxkpyFI=",
    "User-Agent": "WebullApiSDK (Linux 6.12.68+;aarch64) Python/3.11.15 Core/2.0.10 python-requests/2.33.1",
    "x-webull-client-source": "sdk",
    "Content-Length": "347",
    "Content-Type": "application/json"
  },
  "_body_params": {
    "stock_order": {
      "client_order_id": "ar-b416a669-891c-414f-a11a-",
      "symbol": "AAPL",
      "instrument_type": "EQUITY",
      "market": "US",
      "order_type": "LIMIT",
      "side": "BUY",
      "time_in_force": "DAY",
      "entrust_type": "QTY",
      "quantity": "0.009624",
      "support_trading_session": "ALL",
      "account_tax_type": "GENERAL",
      "limit_price": "311.72"
    },
    "account_id": "F8ISIGG74NU0C495ILNGG99D29"
  },
  "_uri_pattern": null,
  "_uri_params": null,
  "_content": "{\"stock_order\":{\"client_order_id\":\"ar-b416a669-891c-414f-a11a-\",\"symbol\":\"AAPL\",\"instrument_type\":\"EQUITY\",\"market\":\"US\",\"order_type\":\"LIMIT\",\"side\":\"BUY\",\"time_in_force\":\"DAY\",\"entrust_type\":\"QTY\",\"quantity\":\"0.009624\",\"support_trading_session\":\"ALL\",\"account_tax_type\":\"GENERAL\",\"limit_price\":\"311.72\"},\"account_id\":\"F8ISIGG74NU0C495ILNGG99D29\"}",
  "_extra_user_agent": {},
  "string_to_sign": "",
  "_request_connect_timeout": null,
  "_request_read_timeout": null,
  "endpoint": "api.webull.com",
  "_signer_spec": "<module 'webull.core.auth.algorithm.sha_hmac1' from '/root/.venv/lib/python3.11/site-packages/webull/core/auth/algorithm/sha_hmac1.py'>",
  "_stock_order": {
    "client_order_id": "ar-b416a669-891c-414f-a11a-",
    "symbol": "AAPL",
    "instrument_type": "EQUITY",
    "market": "US",
    "order_type": "LIMIT",
    "side": "BUY",
    "time_in_force": "DAY",
    "entrust_type": "QTY",
    "quantity": "0.009624",
    "support_trading_session": "ALL",
    "account_tax_type": "GENERAL",
    "limit_price": "311.72"
  }
} Response:{'message': 'The time you sent is not supported. Please check. ', 'error_code': 'INVALID_PARAMETER'} ServerException:HTTP Status: 417, Code: INVALID_PARAMETER, Msg: The time you sent is not supported. Please check. , RequestID: 6522912d-3059-435a-8e9d-0dfc1e64990b
277583618503072 2026-07-06 01:56:58,280 webull.core.client ERROR get_response exception. {
  "error_code": "INVALID_PARAMETER",
  "error_msg": "The time you sent is not supported. Please check. ",
  "http_status": 417,
  "request_id": "6522912d-3059-435a-8e9d-0dfc1e64990b"
}
277583618503072 2026-07-06 01:57:04,107 webull.core.client ERROR ServerException occurred. Host:api.webull.com SDK-Version:2.0.10 Request:{
  "_version": "v2",
  "_action_name": "/trade/order/place",
  "_protocol_type": "https",
  "_accept_format": "JSON",
  "_params": {},
  "_method": "POST",
  "_header": {
    "x-version": "v2",
    "Accept-Encoding": "gzip",
    "x-app-key": "bf67888c79f28465cba7afc02717dbcb",
    "x-timestamp": "2026-07-06T01:57:04Z",
    "x-signature-version": "1.0",
    "x-signature-algorithm": "HMAC-SHA1",
    "x-signature-nonce": "0dc381ef-a9b1-58ce-b29e-844637d58240",
    "x-signature": "KIrlSF9TLWytjlaN1Q6ZuMS0I/A=",
    "User-Agent": "WebullApiSDK (Linux 6.12.68+;aarch64) Python/3.11.15 Core/2.0.10 python-requests/2.33.1",
    "x-webull-client-source": "sdk",
    "Content-Length": "347",
    "Content-Type": "application/json"
  },
  "_body_params": {
    "stock_order": {
      "client_order_id": "ar-bc7e6ef7-ee9b-4ac9-99a4-",
      "symbol": "NVDA",
      "instrument_type": "EQUITY",
      "market": "US",
      "order_type": "LIMIT",
      "side": "BUY",
      "time_in_force": "DAY",
      "entrust_type": "QTY",
      "quantity": "0.007622",
      "support_trading_session": "ALL",
      "account_tax_type": "GENERAL",
      "limit_price": "196.78"
    },
    "account_id": "F8ISIGG74NU0C495ILNGG99D29"
  },
  "_uri_pattern": null,
  "_uri_params": null,
  "_content": "{\"stock_order\":{\"client_order_id\":\"ar-bc7e6ef7-ee9b-4ac9-99a4-\",\"symbol\":\"NVDA\",\"instrument_type\":\"EQUITY\",\"market\":\"US\",\"order_type\":\"LIMIT\",\"side\":\"BUY\",\"time_in_force\":\"DAY\",\"entrust_type\":\"QTY\",\"quantity\":\"0.007622\",\"support_trading_session\":\"ALL\",\"account_tax_type\":\"GENERAL\",\"limit_price\":\"196.78\"},\"account_id\":\"F8ISIGG74NU0C495ILNGG99D29\"}",
  "_extra_user_agent": {},
  "string_to_sign": "",
  "_request_connect_timeout": null,
  "_request_read_timeout": null,
  "endpoint": "api.webull.com",
  "_signer_spec": "<module 'webull.core.auth.algorithm.sha_hmac1' from '/root/.venv/lib/python3.11/site-packages/webull/core/auth/algorithm/sha_hmac1.py'>",
  "_stock_order": {
    "client_order_id": "ar-bc7e6ef7-ee9b-4ac9-99a4-",
    "symbol": "NVDA",
    "instrument_type": "EQUITY",
    "market": "US",
    "order_type": "LIMIT",
    "side": "BUY",
    "time_in_force": "DAY",
    "entrust_type": "QTY",
    "quantity": "0.007622",
    "support_trading_session": "ALL",
    "account_tax_type": "GENERAL",
    "limit_price": "196.78"
  }
} Response:{'message': 'The time you sent is not supported. Please check. ', 'error_code': 'INVALID_PARAMETER'} ServerException:HTTP Status: 417, Code: INVALID_PARAMETER, Msg: The time you sent is not supported. Please check. , RequestID: ee6629aa-6f25-4ae1-b8ba-c74aae39ae3a
277583618503072 2026-07-06 01:57:04,107 webull.core.client ERROR get_response exception. {
  "error_code": "INVALID_PARAMETER",
  "error_msg": "The time you sent is not supported. Please check. ",
  "http_status": 417,
  "request_id": "ee6629aa-6f25-4ae1-b8ba-c74aae39ae3a"
}
277583065248160 2026-07-06 01:57:06,397 webull.core.client ERROR ServerException occurred. Host:api.webull.com SDK-Version:2.0.10 Request:{
  "_version": "v2",
  "_action_name": "/trade/order/place",
  "_protocol_type": "https",
  "_accept_format": "JSON",
  "_params": {},
  "_method": "POST",
  "_header": {
    "x-version": "v2",
    "Accept-Encoding": "gzip",
    "x-app-key": "bf67888c79f28465cba7afc02717dbcb",
    "x-timestamp": "2026-07-06T01:57:06Z",
    "x-signature-version": "1.0",
    "x-signature-algorithm": "HMAC-SHA1",
    "x-signature-nonce": "ff5bf398-21db-524f-aff3-63679ec0feeb",
    "x-signature": "jIcOwY0Di36GIOwVZH9kox61FKY=",
    "User-Agent": "WebullApiSDK (Linux 6.12.68+;aarch64) Python/3.11.15 Core/2.0.10 python-requests/2.33.1",
    "x-webull-client-source": "sdk",
    "Content-Length": "347",
    "Content-Type": "application/json"
  },
  "_body_params": {
    "stock_order": {
      "client_order_id": "ar-a34714ab-0a43-4c42-bea6-",
      "symbol": "NVDA",
      "instrument_type": "EQUITY",
      "market": "US",
      "order_type": "LIMIT",
      "side": "BUY",
      "time_in_force": "DAY",
      "entrust_type": "QTY",
      "quantity": "0.007622",
      "support_trading_session": "ALL",
      "account_tax_type": "GENERAL",
      "limit_price": "196.78"
    },
    "account_id": "F8ISIGG74NU0C495ILNGG99D29"
  },
  "_uri_pattern": null,
  "_uri_params": null,
  "_content": "{\"stock_order\":{\"client_order_id\":\"ar-a34714ab-0a43-4c42-bea6-\",\"symbol\":\"NVDA\",\"instrument_type\":\"EQUITY\",\"market\":\"US\",\"order_type\":\"LIMIT\",\"side\":\"BUY\",\"time_in_force\":\"DAY\",\"entrust_type\":\"QTY\",\"quantity\":\"0.007622\",\"support_trading_session\":\"ALL\",\"account_tax_type\":\"GENERAL\",\"limit_price\":\"196.78\"},\"account_id\":\"F8ISIGG74NU0C495ILNGG99D29\"}",
  "_extra_user_agent": {},
  "string_to_sign": "",
  "_request_connect_timeout": null,
  "_request_read_timeout": null,
  "endpoint": "api.webull.com",
  "_signer_spec": "<module 'webull.core.auth.algorithm.sha_hmac1' from '/root/.venv/lib/python3.11/site-packages/webull/core/auth/algorithm/sha_hmac1.py'>",
  "_stock_order": {
    "client_order_id": "ar-a34714ab-0a43-4c42-bea6-",
    "symbol": "NVDA",
    "instrument_type": "EQUITY",
    "market": "US",
    "order_type": "LIMIT",
    "side": "BUY",
    "time_in_force": "DAY",
    "entrust_type": "QTY",
    "quantity": "0.007622",
    "support_trading_session": "ALL",
    "account_tax_type": "GENERAL",
    "limit_price": "196.78"
  }
} Response:{'message': 'The time you sent is not supported. Please check. ', 'error_code': 'INVALID_PARAMETER'} ServerException:HTTP Status: 417, Code: INVALID_PARAMETER, Msg: The time you sent is not supported. Please check. , RequestID: 2253ffc1-624e-4714-b09f-9cedd63abb1c
277583065248160 2026-07-06 01:57:06,397 webull.core.client ERROR get_response exception. {
  "error_code": "INVALID_PARAMETER",
  "error_msg": "The time you sent is not supported. Please check. ",
  "http_status": 417,
  "request_id": "2253ffc1-624e-4714-b09f-9cedd63abb1c"
}
277583635411360 2026-07-06 01:57:29,845 webull.core.client ERROR ServerException occurred. Host:api.webull.com SDK-Version:2.0.10 Request:{
  "_version": "v2",
  "_action_name": "/trade/order/place",
  "_protocol_type": "https",
  "_accept_format": "JSON",
  "_params": {},
  "_method": "POST",
  "_header": {
    "x-version": "v2",
    "Accept-Encoding": "gzip",
    "x-app-key": "bf67888c79f28465cba7afc02717dbcb",
    "x-timestamp": "2026-07-06T01:57:29Z",
    "x-signature-version": "1.0",
    "x-signature-algorithm": "HMAC-SHA1",
    "x-signature-nonce": "85286260-add4-5039-916e-17880afc9613",
    "x-signature": "2d6o4bTZfVfG+ohgBAumE+P9iHs=",
    "User-Agent": "WebullApiSDK (Linux 6.12.68+;aarch64) Python/3.11.15 Core/2.0.10 python-requests/2.33.1",
    "x-webull-client-source": "sdk",
    "Content-Length": "347",
    "Content-Type": "application/json"
  },
  "_body_params": {
    "stock_order": {
      "client_order_id": "ar-cf194b43-a0a3-4376-85c9-",
      "symbol": "NVDA",
      "instrument_type": "EQUITY",
      "market": "US",
      "order_type": "LIMIT",
      "side": "BUY",
      "time_in_force": "DAY",
      "entrust_type": "QTY",
      "quantity": "0.015245",
      "support_trading_session": "ALL",
      "account_tax_type": "GENERAL",
      "limit_price": "196.78"
    },
    "account_id": "F8ISIGG74NU0C495ILNGG99D29"
  },
  "_uri_pattern": null,
  "_uri_params": null,
  "_content": "{\"stock_order\":{\"client_order_id\":\"ar-cf194b43-a0a3-4376-85c9-\",\"symbol\":\"NVDA\",\"instrument_type\":\"EQUITY\",\"market\":\"US\",\"order_type\":\"LIMIT\",\"side\":\"BUY\",\"time_in_force\":\"DAY\",\"entrust_type\":\"QTY\",\"quantity\":\"0.015245\",\"support_trading_session\":\"ALL\",\"account_tax_type\":\"GENERAL\",\"limit_price\":\"196.78\"},\"account_id\":\"F8ISIGG74NU0C495ILNGG99D29\"}",
  "_extra_user_agent": {},
  "string_to_sign": "",
  "_request_connect_timeout": null,
  "_request_read_timeout": null,
  "endpoint": "api.webull.com",
  "_signer_spec": "<module 'webull.core.auth.algorithm.sha_hmac1' from '/root/.venv/lib/python3.11/site-packages/webull/core/auth/algorithm/sha_hmac1.py'>",
  "_stock_order": {
    "client_order_id": "ar-cf194b43-a0a3-4376-85c9-",
    "symbol": "NVDA",
    "instrument_type": "EQUITY",
    "market": "US",
    "order_type": "LIMIT",
    "side": "BUY",
    "time_in_force": "DAY",
    "entrust_type": "QTY",
    "quantity": "0.015245",
    "support_trading_session": "ALL",
    "account_tax_type": "GENERAL",
    "limit_price": "196.78"
  }
} Response:{'message': 'The time you sent is not supported. Please check. ', 'error_code': 'INVALID_PARAMETER'} ServerException:HTTP Status: 417, Code: INVALID_PARAMETER, Msg: The time you sent is not supported. Please check. , RequestID: 7ffc7ec6-3679-47a6-8c80-2c592dbfc11e
277583635411360 2026-07-06 01:57:29,846 webull.core.client ERROR get_response exception. {
  "error_code": "INVALID_PARAMETER",
  "error_msg": "The time you sent is not supported. Please check. ",
  "http_status": 417,
  "request_id": "7ffc7ec6-3679-47a6-8c80-2c592dbfc11e"
}
277584015589792 2026-07-06 01:57:44,607 webull.core.client ERROR ServerException occurred. Host:api.webull.com SDK-Version:2.0.10 Request:{
  "_version": "v2",
  "_action_name": "/trade/order/place",
  "_protocol_type": "https",
  "_accept_format": "JSON",
  "_params": {},
  "_method": "POST",
  "_header": {
    "x-version": "v2",
    "Accept-Encoding": "gzip",
    "x-app-key": "bf67888c79f28465cba7afc02717dbcb",
    "x-timestamp": "2026-07-06T01:57:44Z",
    "x-signature-version": "1.0",
    "x-signature-algorithm": "HMAC-SHA1",
    "x-signature-nonce": "f7205f1c-2c22-5a66-8f82-baf3aeb64a48",
    "x-signature": "BMZrNbyo929L5zaqoRFKA/QxHQw=",
    "User-Agent": "WebullApiSDK (Linux 6.12.68+;aarch64) Python/3.11.15 Core/2.0.10 python-requests/2.33.1",
    "x-webull-client-source": "sdk",
    "Content-Length": "347",
    "Content-Type": "application/json"
  },
  "_body_params": {
    "stock_order": {
      "client_order_id": "ar-56b0d9be-7426-4bd8-817b-",
      "symbol": "NVDA",
      "instrument_type": "EQUITY",
      "market": "US",
      "order_type": "LIMIT",
      "side": "BUY",
      "time_in_force": "DAY",
      "entrust_type": "QTY",
      "quantity": "0.015245",
      "support_trading_session": "ALL",
      "account_tax_type": "GENERAL",
      "limit_price": "196.78"
    },
    "account_id": "F8ISIGG74NU0C495ILNGG99D29"
  },
  "_uri_pattern": null,
  "_uri_params": null,
  "_content": "{\"stock_order\":{\"client_order_id\":\"ar-56b0d9be-7426-4bd8-817b-\",\"symbol\":\"NVDA\",\"instrument_type\":\"EQUITY\",\"market\":\"US\",\"order_type\":\"LIMIT\",\"side\":\"BUY\",\"time_in_force\":\"DAY\",\"entrust_type\":\"QTY\",\"quantity\":\"0.015245\",\"support_trading_session\":\"ALL\",\"account_tax_type\":\"GENERAL\",\"limit_price\":\"196.78\"},\"account_id\":\"F8ISIGG74NU0C495ILNGG99D29\"}",
  "_extra_user_agent": {},
  "string_to_sign": "",
  "_request_connect_timeout": null,
  "_request_read_timeout": null,
  "endpoint": "api.webull.com",
  "_signer_spec": "<module 'webull.core.auth.algorithm.sha_hmac1' from '/root/.venv/lib/python3.11/site-packages/webull/core/auth/algorithm/sha_hmac1.py'>",
  "_stock_order": {
    "client_order_id": "ar-56b0d9be-7426-4bd8-817b-",
    "symbol": "NVDA",
    "instrument_type": "EQUITY",
    "market": "US",
    "order_type": "LIMIT",
    "side": "BUY",
    "time_in_force": "DAY",
    "entrust_type": "QTY",
    "quantity": "0.015245",
    "support_trading_session": "ALL",
    "account_tax_type": "GENERAL",
    "limit_price": "196.78"
  }
} Response:{'message': 'The time you sent is not supported. Please check. ', 'error_code': 'INVALID_PARAMETER'} ServerException:HTTP Status: 417, Code: INVALID_PARAMETER, Msg: The time you sent is not supported. Please check. , RequestID: d90de0f3-40f5-433b-ac9e-32267eeecee7
277584015589792 2026-07-06 01:57:44,608 webull.core.client ERROR get_response exception. {
  "error_code": "INVALID_PARAMETER",
  "error_msg": "The time you sent is not supported. Please check. ",
  "http_status": 417,
  "request_id": "d90de0f3-40f5-433b-ac9e-32267eeecee7"
}
277583660773792 2026-07-06 01:59:21,134 webull.core.client ERROR ServerException occurred. Host:api.webull.com SDK-Version:2.0.10 Request:{
  "_version": "v2",
  "_action_name": "/trade/order/place",
  "_protocol_type": "https",
  "_accept_format": "JSON",
  "_params": {},
  "_method": "POST",
  "_header": {
    "x-version": "v2",
    "Accept-Encoding": "gzip",
    "x-app-key": "bf67888c79f28465cba7afc02717dbcb",
    "x-timestamp": "2026-07-06T01:59:21Z",
    "x-signature-version": "1.0",
    "x-signature-algorithm": "HMAC-SHA1",
    "x-signature-nonce": "4415246b-967a-5168-87df-78028a984f3f",
    "x-signature": "lH3axuZOnKlaSnRAACTlO0jgj6c=",
    "User-Agent": "WebullApiSDK (Linux 6.12.68+;aarch64) Python/3.11.15 Core/2.0.10 python-requests/2.33.1",
    "x-webull-client-source": "sdk",
    "Content-Length": "348",
    "Content-Type": "application/json"
  },
  "_body_params": {
    "stock_order": {
      "client_order_id": "ar-4b860c85-833c-418c-b40a-",
      "symbol": "ABNB",
      "instrument_type": "EQUITY",
      "market": "US",
      "order_type": "LIMIT",
      "side": "SELL",
      "time_in_force": "DAY",
      "entrust_type": "QTY",
      "quantity": "0.010173",
      "support_trading_session": "ALL",
      "account_tax_type": "GENERAL",
      "limit_price": "147.44"
    },
    "account_id": "F8ISIGG74NU0C495ILNGG99D29"
  },
  "_uri_pattern": null,
  "_uri_params": null,
  "_content": "{\"stock_order\":{\"client_order_id\":\"ar-4b860c85-833c-418c-b40a-\",\"symbol\":\"ABNB\",\"instrument_type\":\"EQUITY\",\"market\":\"US\",\"order_type\":\"LIMIT\",\"side\":\"SELL\",\"time_in_force\":\"DAY\",\"entrust_type\":\"QTY\",\"quantity\":\"0.010173\",\"support_trading_session\":\"ALL\",\"account_tax_type\":\"GENERAL\",\"limit_price\":\"147.44\"},\"account_id\":\"F8ISIGG74NU0C495ILNGG99D29\"}",
  "_extra_user_agent": {},
  "string_to_sign": "",
  "_request_connect_timeout": null,
  "_request_read_timeout": null,
  "endpoint": "api.webull.com",
  "_signer_spec": "<module 'webull.core.auth.algorithm.sha_hmac1' from '/root/.venv/lib/python3.11/site-packages/webull/core/auth/algorithm/sha_hmac1.py'>",
  "_stock_order": {
    "client_order_id": "ar-4b860c85-833c-418c-b40a-",
    "symbol": "ABNB",
    "instrument_type": "EQUITY",
    "market": "US",
    "order_type": "LIMIT",
    "side": "SELL",
    "time_in_force": "DAY",
    "entrust_type": "QTY",
    "quantity": "0.010173",
    "support_trading_session": "ALL",
    "account_tax_type": "GENERAL",
    "limit_price": "147.44"
  }
} Response:{'message': 'The time you sent is not supported. Please check. ', 'error_code': 'INVALID_PARAMETER'} ServerException:HTTP Status: 417, Code: INVALID_PARAMETER, Msg: The time you sent is not supported. Please check. , RequestID: 039de597-fcd6-4080-9328-0c43b8133147
277583660773792 2026-07-06 01:59:21,135 webull.core.client ERROR get_response exception. {
  "error_code": "INVALID_PARAMETER",
  "error_msg": "The time you sent is not supported. Please check. ",
  "http_status": 417,
  "request_id": "039de597-fcd6-4080-9328-0c43b8133147"
}
277583065248160 2026-07-06 01:59:59,515 webull.core.client ERROR ServerException occurred. Host:api.webull.com SDK-Version:2.0.10 Request:{
  "_version": "v2",
  "_action_name": "/trade/order/place",
  "_protocol_type": "https",
  "_accept_format": "JSON",
  "_params": {},
  "_method": "POST",
  "_header": {
    "x-version": "v2",
    "Accept-Encoding": "gzip",
    "x-app-key": "bf67888c79f28465cba7afc02717dbcb",
    "x-timestamp": "2026-07-06T01:59:59Z",
    "x-signature-version": "1.0",
    "x-signature-algorithm": "HMAC-SHA1",
    "x-signature-nonce": "4ae2e1c9-fea0-524e-bdfc-0f43ccbc69c0",
    "x-signature": "0AMkaXhLN+wFJvDsVtJzk1dd0Ag=",
    "User-Agent": "WebullApiSDK (Linux 6.12.68+;aarch64) Python/3.11.15 Core/2.0.10 python-requests/2.33.1",
    "x-webull-client-source": "sdk",
    "Content-Length": "348",
    "Content-Type": "application/json"
  },
  "_body_params": {
    "stock_order": {
      "client_order_id": "ar-35e20dd6-d841-42e4-808c-",
      "symbol": "ABNB",
      "instrument_type": "EQUITY",
      "market": "US",
      "order_type": "LIMIT",
      "side": "SELL",
      "time_in_force": "DAY",
      "entrust_type": "QTY",
      "quantity": "0.020347",
      "support_trading_session": "ALL",
      "account_tax_type": "GENERAL",
      "limit_price": "147.44"
    },
    "account_id": "F8ISIGG74NU0C495ILNGG99D29"
  },
  "_uri_pattern": null,
  "_uri_params": null,
  "_content": "{\"stock_order\":{\"client_order_id\":\"ar-35e20dd6-d841-42e4-808c-\",\"symbol\":\"ABNB\",\"instrument_type\":\"EQUITY\",\"market\":\"US\",\"order_type\":\"LIMIT\",\"side\":\"SELL\",\"time_in_force\":\"DAY\",\"entrust_type\":\"QTY\",\"quantity\":\"0.020347\",\"support_trading_session\":\"ALL\",\"account_tax_type\":\"GENERAL\",\"limit_price\":\"147.44\"},\"account_id\":\"F8ISIGG74NU0C495ILNGG99D29\"}",
  "_extra_user_agent": {},
  "string_to_sign": "",
  "_request_connect_timeout": null,
  "_request_read_timeout": null,
  "endpoint": "api.webull.com",
  "_signer_spec": "<module 'webull.core.auth.algorithm.sha_hmac1' from '/root/.venv/lib/python3.11/site-packages/webull/core/auth/algorithm/sha_hmac1.py'>",
  "_stock_order": {
    "client_order_id": "ar-35e20dd6-d841-42e4-808c-",
    "symbol": "ABNB",
    "instrument_type": "EQUITY",
    "market": "US",
    "order_type": "LIMIT",
    "side": "SELL",
    "time_in_force": "DAY",
    "entrust_type": "QTY",
    "quantity": "0.020347",
    "support_trading_session": "ALL",
    "account_tax_type": "GENERAL",
    "limit_price": "147.44"
  }
} Response:{'message': 'The time you sent is not supported. Please check. ', 'error_code': 'INVALID_PARAMETER'} ServerException:HTTP Status: 417, Code: INVALID_PARAMETER, Msg: The time you sent is not supported. Please check. , RequestID: 74ce646d-68fd-4da2-b5e0-f136f4254b10
277583065248160 2026-07-06 01:59:59,516 webull.core.client ERROR get_response exception. {
  "error_code": "INVALID_PARAMETER",
  "error_msg": "The time you sent is not supported. Please check. ",
  "http_status": 417,
  "request_id": "74ce646d-68fd-4da2-b5e0-f136f4254b10"
}
277583660773792 2026-07-06 02:01:38,399 webull.core.client ERROR ServerException occurred. Host:api.webull.com SDK-Version:2.0.10 Request:{
  "_version": "v2",
  "_action_name": "/trade/order/place",
  "_protocol_type": "https",
  "_accept_format": "JSON",
  "_params": {},
  "_method": "POST",
  "_header": {
    "x-version": "v2",
    "Accept-Encoding": "gzip",
    "x-app-key": "bf67888c79f28465cba7afc02717dbcb",
    "x-timestamp": "2026-07-06T02:01:38Z",
    "x-signature-version": "1.0",
    "x-signature-algorithm": "HMAC-SHA1",
    "x-signature-nonce": "d03c8b3a-137f-5d9f-8107-043add780383",
    "x-signature": "D81/so0SW7InFkqlBFf1wZScIj8=",
    "User-Agent": "WebullApiSDK (Linux 6.12.68+;aarch64) Python/3.11.15 Core/2.0.10 python-requests/2.33.1",
    "x-webull-client-source": "sdk",
    "Content-Length": "347",
    "Content-Type": "application/json"
  },
  "_body_params": {
    "stock_order": {
      "client_order_id": "ar-fca54fcb-199a-4c2a-a5af-",
      "symbol": "NVDA",
      "instrument_type": "EQUITY",
      "market": "US",
      "order_type": "LIMIT",
      "side": "BUY",
      "time_in_force": "DAY",
      "entrust_type": "QTY",
      "quantity": "0.007622",
      "support_trading_session": "ALL",
      "account_tax_type": "GENERAL",
      "limit_price": "196.78"
    },
    "account_id": "F8ISIGG74NU0C495ILNGG99D29"
  },
  "_uri_pattern": null,
  "_uri_params": null,
  "_content": "{\"stock_order\":{\"client_order_id\":\"ar-fca54fcb-199a-4c2a-a5af-\",\"symbol\":\"NVDA\",\"instrument_type\":\"EQUITY\",\"market\":\"US\",\"order_type\":\"LIMIT\",\"side\":\"BUY\",\"time_in_force\":\"DAY\",\"entrust_type\":\"QTY\",\"quantity\":\"0.007622\",\"support_trading_session\":\"ALL\",\"account_tax_type\":\"GENERAL\",\"limit_price\":\"196.78\"},\"account_id\":\"F8ISIGG74NU0C495ILNGG99D29\"}",
  "_extra_user_agent": {},
  "string_to_sign": "",
  "_request_connect_timeout": null,
  "_request_read_timeout": null,
  "endpoint": "api.webull.com",
  "_signer_spec": "<module 'webull.core.auth.algorithm.sha_hmac1' from '/root/.venv/lib/python3.11/site-packages/webull/core/auth/algorithm/sha_hmac1.py'>",
  "_stock_order": {
    "client_order_id": "ar-fca54fcb-199a-4c2a-a5af-",
    "symbol": "NVDA",
    "instrument_type": "EQUITY",
    "market": "US",
    "order_type": "LIMIT",
    "side": "BUY",
    "time_in_force": "DAY",
    "entrust_type": "QTY",
    "quantity": "0.007622",
    "support_trading_session": "ALL",
    "account_tax_type": "GENERAL",
    "limit_price": "196.78"
  }
} Response:{'message': 'The time you sent is not supported. Please check. ', 'error_code': 'INVALID_PARAMETER'} ServerException:HTTP Status: 417, Code: INVALID_PARAMETER, Msg: The time you sent is not supported. Please check. , RequestID: b7989303-8747-477b-ab53-c900ccc93427
277583660773792 2026-07-06 02:01:38,399 webull.core.client ERROR get_response exception. {
  "error_code": "INVALID_PARAMETER",
  "error_msg": "The time you sent is not supported. Please check. ",
  "http_status": 417,
  "request_id": "b7989303-8747-477b-ab53-c900ccc93427"
}
277583652319648 2026-07-06 02:01:39,158 webull.core.client ERROR ServerException occurred. Host:api.webull.com SDK-Version:2.0.10 Request:{
  "_version": "v2",
  "_action_name": "/openapi/assets/balance",
  "_protocol_type": "https",
  "_accept_format": "JSON",
  "_params": {
    "account_id": "F8ISIGG74NU0C495ILNGG99D29"
  },
  "_method": "GET",
  "_header": {
    "x-version": "v2",
    "Accept-Encoding": "gzip",
    "x-app-key": "bf67888c79f28465cba7afc02717dbcb",
    "x-timestamp": "2026-07-06T02:01:39Z",
    "x-signature-version": "1.0",
    "x-signature-algorithm": "HMAC-SHA1",
    "x-signature-nonce": "dddedc16-2124-5cdf-b792-9c55ee26913c",
    "x-signature": "mHO851MNxJwkYHDLxYTIPR75Ayg=",
    "User-Agent": "WebullApiSDK (Linux 6.12.68+;aarch64) Python/3.11.15 Core/2.0.10 python-requests/2.33.1",
    "x-webull-client-source": "sdk"
  },
  "_body_params": null,
  "_uri_pattern": null,
  "_uri_params": null,
  "_content": null,
  "_extra_user_agent": {},
  "string_to_sign": "",
  "_request_connect_timeout": null,
  "_request_read_timeout": null,
  "endpoint": "api.webull.com",
  "_signer_spec": "<module 'webull.core.auth.algorithm.sha_hmac1' from '/root/.venv/lib/python3.11/site-packages/webull/core/auth/algorithm/sha_hmac1.py'>"
} Response:{'message': 'Too many requests', 'error_code': 'TOO_MANY_REQUESTS'} ServerException:HTTP Status: 429, Code: TOO_MANY_REQUESTS, Msg: Too many requests, RequestID: 5533a83d-4b80-4ad4-ad02-40f59652e159
277583652319648 2026-07-06 02:01:39,158 webull.core.client ERROR get_response exception. {
  "error_code": "TOO_MANY_REQUESTS",
  "error_msg": "Too many requests",
  "http_status": 429,
  "request_id": "5533a83d-4b80-4ad4-ad02-40f59652e159"
}
277583635411360 2026-07-06 02:01:39,248 webull.core.client ERROR ServerException occurred. Host:api.webull.com SDK-Version:2.0.10 Request:{
  "_version": "v2",
  "_action_name": "/trade/order/place",
  "_protocol_type": "https",
  "_accept_format": "JSON",
  "_params": {},
  "_method": "POST",
  "_header": {
    "x-version": "v2",
    "Accept-Encoding": "gzip",
    "x-app-key": "bf67888c79f28465cba7afc02717dbcb",
    "x-timestamp": "2026-07-06T02:01:39Z",
    "x-signature-version": "1.0",
    "x-signature-algorithm": "HMAC-SHA1",
    "x-signature-nonce": "4139db6a-5f78-5996-acc2-c9e9ea29a06e",
    "x-signature": "x+syvJP/cFS5m6jhQeMmcE7scqA=",
    "User-Agent": "WebullApiSDK (Linux 6.12.68+;aarch64) Python/3.11.15 Core/2.0.10 python-requests/2.33.1",
    "x-webull-client-source": "sdk",
    "Content-Length": "347",
    "Content-Type": "application/json"
  },
  "_body_params": {
    "stock_order": {
      "client_order_id": "ar-9aa7fc01-f1b1-44fd-9e00-",
      "symbol": "NVDA",
      "instrument_type": "EQUITY",
      "market": "US",
      "order_type": "LIMIT",
      "side": "BUY",
      "time_in_force": "DAY",
      "entrust_type": "QTY",
      "quantity": "0.007622",
      "support_trading_session": "ALL",
      "account_tax_type": "GENERAL",
      "limit_price": "196.78"
    },
    "account_id": "F8ISIGG74NU0C495ILNGG99D29"
  },
  "_uri_pattern": null,
  "_uri_params": null,
  "_content": "{\"stock_order\":{\"client_order_id\":\"ar-9aa7fc01-f1b1-44fd-9e00-\",\"symbol\":\"NVDA\",\"instrument_type\":\"EQUITY\",\"market\":\"US\",\"order_type\":\"LIMIT\",\"side\":\"BUY\",\"time_in_force\":\"DAY\",\"entrust_type\":\"QTY\",\"quantity\":\"0.007622\",\"support_trading_session\":\"ALL\",\"account_tax_type\":\"GENERAL\",\"limit_price\":\"196.78\"},\"account_id\":\"F8ISIGG74NU0C495ILNGG99D29\"}",
  "_extra_user_agent": {},
  "string_to_sign": "",
  "_request_connect_timeout": null,
  "_request_read_timeout": null,
  "endpoint": "api.webull.com",
  "_signer_spec": "<module 'webull.core.auth.algorithm.sha_hmac1' from '/root/.venv/lib/python3.11/site-packages/webull/core/auth/algorithm/sha_hmac1.py'>",
  "_stock_order": {
    "client_order_id": "ar-9aa7fc01-f1b1-44fd-9e00-",
    "symbol": "NVDA",
    "instrument_type": "EQUITY",
    "market": "US",
    "order_type": "LIMIT",
    "side": "BUY",
    "time_in_force": "DAY",
    "entrust_type": "QTY",
    "quantity": "0.007622",
    "support_trading_session": "ALL",
    "account_tax_type": "GENERAL",
    "limit_price": "196.78"
  }
} Response:{'message': 'The time you sent is not supported. Please check. ', 'error_code': 'INVALID_PARAMETER'} ServerException:HTTP Status: 417, Code: INVALID_PARAMETER, Msg: The time you sent is not supported. Please check. , RequestID: dfc4e25f-31f4-42fa-9834-4a1577e1e57e
277583635411360 2026-07-06 02:01:39,248 webull.core.client ERROR get_response exception. {
  "error_code": "INVALID_PARAMETER",
  "error_msg": "The time you sent is not supported. Please check. ",
  "http_status": 417,
  "request_id": "dfc4e25f-31f4-42fa-9834-4a1577e1e57e"
}
277583618503072 2026-07-06 02:01:56,579 webull.core.client ERROR ServerException occurred. Host:api.webull.com SDK-Version:2.0.10 Request:{
  "_version": "v2",
  "_action_name": "/trade/order/place",
  "_protocol_type": "https",
  "_accept_format": "JSON",
  "_params": {},
  "_method": "POST",
  "_header": {
    "x-version": "v2",
    "Accept-Encoding": "gzip",
    "x-app-key": "bf67888c79f28465cba7afc02717dbcb",
    "x-timestamp": "2026-07-06T02:01:56Z",
    "x-signature-version": "1.0",
    "x-signature-algorithm": "HMAC-SHA1",
    "x-signature-nonce": "2a23c630-462a-51e7-ba84-f72d5186026a",
    "x-signature": "pSZlyoclX9+F59DWUgHkXOcVKUE=",
    "User-Agent": "WebullApiSDK (Linux 6.12.68+;aarch64) Python/3.11.15 Core/2.0.10 python-requests/2.33.1",
    "x-webull-client-source": "sdk",
    "Content-Length": "347",
    "Content-Type": "application/json"
  },
  "_body_params": {
    "stock_order": {
      "client_order_id": "ar-7fded22b-8093-486f-85f3-",
      "symbol": "NVDA",
      "instrument_type": "EQUITY",
      "market": "US",
      "order_type": "LIMIT",
      "side": "BUY",
      "time_in_force": "DAY",
      "entrust_type": "QTY",
      "quantity": "0.015245",
      "support_trading_session": "ALL",
      "account_tax_type": "GENERAL",
      "limit_price": "196.78"
    },
    "account_id": "F8ISIGG74NU0C495ILNGG99D29"
  },
  "_uri_pattern": null,
  "_uri_params": null,
  "_content": "{\"stock_order\":{\"client_order_id\":\"ar-7fded22b-8093-486f-85f3-\",\"symbol\":\"NVDA\",\"instrument_type\":\"EQUITY\",\"market\":\"US\",\"order_type\":\"LIMIT\",\"side\":\"BUY\",\"time_in_force\":\"DAY\",\"entrust_type\":\"QTY\",\"quantity\":\"0.015245\",\"support_trading_session\":\"ALL\",\"account_tax_type\":\"GENERAL\",\"limit_price\":\"196.78\"},\"account_id\":\"F8ISIGG74NU0C495ILNGG99D29\"}",
  "_extra_user_agent": {},
  "string_to_sign": "",
  "_request_connect_timeout": null,
  "_request_read_timeout": null,
  "endpoint": "api.webull.com",
  "_signer_spec": "<module 'webull.core.auth.algorithm.sha_hmac1' from '/root/.venv/lib/python3.11/site-packages/webull/core/auth/algorithm/sha_hmac1.py'>",
  "_stock_order": {
    "client_order_id": "ar-7fded22b-8093-486f-85f3-",
    "symbol": "NVDA",
    "instrument_type": "EQUITY",
    "market": "US",
    "order_type": "LIMIT",
    "side": "BUY",
    "time_in_force": "DAY",
    "entrust_type": "QTY",
    "quantity": "0.015245",
    "support_trading_session": "ALL",
    "account_tax_type": "GENERAL",
    "limit_price": "196.78"
  }
} Response:{'message': 'The time you sent is not supported. Please check. ', 'error_code': 'INVALID_PARAMETER'} ServerException:HTTP Status: 417, Code: INVALID_PARAMETER, Msg: The time you sent is not supported. Please check. , RequestID: 4993b9a9-3868-40f5-bd7e-65ae182a32e8
277583618503072 2026-07-06 02:01:56,580 webull.core.client ERROR get_response exception. {
  "error_code": "INVALID_PARAMETER",
  "error_msg": "The time you sent is not supported. Please check. ",
  "http_status": 417,
  "request_id": "4993b9a9-3868-40f5-bd7e-65ae182a32e8"
}
277583626957216 2026-07-06 02:02:13,738 webull.core.client ERROR ServerException occurred. Host:api.webull.com SDK-Version:2.0.10 Request:{
  "_version": "v2",
  "_action_name": "/trade/order/place",
  "_protocol_type": "https",
  "_accept_format": "JSON",
  "_params": {},
  "_method": "POST",
  "_header": {
    "x-version": "v2",
    "Accept-Encoding": "gzip",
    "x-app-key": "bf67888c79f28465cba7afc02717dbcb",
    "x-timestamp": "2026-07-06T02:02:13Z",
    "x-signature-version": "1.0",
    "x-signature-algorithm": "HMAC-SHA1",
    "x-signature-nonce": "994e5dc8-1592-5e9c-9dc6-8e2167d3cffa",
    "x-signature": "f9OB63fQmZaHf4DZ+KikV3pXTfE=",
    "User-Agent": "WebullApiSDK (Linux 6.12.68+;aarch64) Python/3.11.15 Core/2.0.10 python-requests/2.33.1",
    "x-webull-client-source": "sdk",
    "Content-Length": "347",
    "Content-Type": "application/json"
  },
  "_body_params": {
    "stock_order": {
      "client_order_id": "ar-3e40c48c-3b06-4fb1-86d9-",
      "symbol": "NVDA",
      "instrument_type": "EQUITY",
      "market": "US",
      "order_type": "LIMIT",
      "side": "BUY",
      "time_in_force": "DAY",
      "entrust_type": "QTY",
      "quantity": "0.015245",
      "support_trading_session": "ALL",
      "account_tax_type": "GENERAL",
      "limit_price": "196.78"
    },
    "account_id": "F8ISIGG74NU0C495ILNGG99D29"
  },
  "_uri_pattern": null,
  "_uri_params": null,
  "_content": "{\"stock_order\":{\"client_order_id\":\"ar-3e40c48c-3b06-4fb1-86d9-\",\"symbol\":\"NVDA\",\"instrument_type\":\"EQUITY\",\"market\":\"US\",\"order_type\":\"LIMIT\",\"side\":\"BUY\",\"time_in_force\":\"DAY\",\"entrust_type\":\"QTY\",\"quantity\":\"0.015245\",\"support_trading_session\":\"ALL\",\"account_tax_type\":\"GENERAL\",\"limit_price\":\"196.78\"},\"account_id\":\"F8ISIGG74NU0C495ILNGG99D29\"}",
  "_extra_user_agent": {},
  "string_to_sign": "",
  "_request_connect_timeout": null,
  "_request_read_timeout": null,
  "endpoint": "api.webull.com",
  "_signer_spec": "<module 'webull.core.auth.algorithm.sha_hmac1' from '/root/.venv/lib/python3.11/site-packages/webull/core/auth/algorithm/sha_hmac1.py'>",
  "_stock_order": {
    "client_order_id": "ar-3e40c48c-3b06-4fb1-86d9-",
    "symbol": "NVDA",
    "instrument_type": "EQUITY",
    "market": "US",
    "order_type": "LIMIT",
    "side": "BUY",
    "time_in_force": "DAY",
    "entrust_type": "QTY",
    "quantity": "0.015245",
    "support_trading_session": "ALL",
    "account_tax_type": "GENERAL",
    "limit_price": "196.78"
  }
} Response:{'message': 'The time you sent is not supported. Please check. ', 'error_code': 'INVALID_PARAMETER'} ServerException:HTTP Status: 417, Code: INVALID_PARAMETER, Msg: The time you sent is not supported. Please check. , RequestID: 9d3e133b-3215-44a3-8c7b-2e1fbc3ceeb6
277583626957216 2026-07-06 02:02:13,738 webull.core.client ERROR get_response exception. {
  "error_code": "INVALID_PARAMETER",
  "error_msg": "The time you sent is not supported. Please check. ",
  "http_status": 417,
  "request_id": "9d3e133b-3215-44a3-8c7b-2e1fbc3ceeb6"
}
277584015589792 2026-07-06 02:04:34,382 webull.core.client ERROR ServerException occurred. Host:api.webull.com SDK-Version:2.0.10 Request:{
  "_version": "v2",
  "_action_name": "/trade/order/place",
  "_protocol_type": "https",
  "_accept_format": "JSON",
  "_params": {},
  "_method": "POST",
  "_header": {
    "x-version": "v2",
    "Accept-Encoding": "gzip",
    "x-app-key": "bf67888c79f28465cba7afc02717dbcb",
    "x-timestamp": "2026-07-06T02:04:34Z",
    "x-signature-version": "1.0",
    "x-signature-algorithm": "HMAC-SHA1",
    "x-signature-nonce": "9e2cbe83-20b0-5795-82b1-c50a53b92319",
    "x-signature": "1CZ5MTDb3k5rlbKwqmZzdtEc8kY=",
    "User-Agent": "WebullApiSDK (Linux 6.12.68+;aarch64) Python/3.11.15 Core/2.0.10 python-requests/2.33.1",
    "x-webull-client-source": "sdk",
    "Content-Length": "345",
    "Content-Type": "application/json"
  },
  "_body_params": {
    "stock_order": {
      "client_order_id": "ar-5b44be8e-2376-4f37-9149-",
      "symbol": "AEO",
      "instrument_type": "EQUITY",
      "market": "US",
      "order_type": "LIMIT",
      "side": "BUY",
      "time_in_force": "DAY",
      "entrust_type": "QTY",
      "quantity": "0.180505",
      "support_trading_session": "ALL",
      "account_tax_type": "GENERAL",
      "limit_price": "16.62"
    },
    "account_id": "F8ISIGG74NU0C495ILNGG99D29"
  },
  "_uri_pattern": null,
  "_uri_params": null,
  "_content": "{\"stock_order\":{\"client_order_id\":\"ar-5b44be8e-2376-4f37-9149-\",\"symbol\":\"AEO\",\"instrument_type\":\"EQUITY\",\"market\":\"US\",\"order_type\":\"LIMIT\",\"side\":\"BUY\",\"time_in_force\":\"DAY\",\"entrust_type\":\"QTY\",\"quantity\":\"0.180505\",\"support_trading_session\":\"ALL\",\"account_tax_type\":\"GENERAL\",\"limit_price\":\"16.62\"},\"account_id\":\"F8ISIGG74NU0C495ILNGG99D29\"}",
  "_extra_user_agent": {},
  "string_to_sign": "",
  "_request_connect_timeout": null,
  "_request_read_timeout": null,
  "endpoint": "api.webull.com",
  "_signer_spec": "<module 'webull.core.auth.algorithm.sha_hmac1' from '/root/.venv/lib/python3.11/site-packages/webull/core/auth/algorithm/sha_hmac1.py'>",
  "_stock_order": {
    "client_order_id": "ar-5b44be8e-2376-4f37-9149-",
    "symbol": "AEO",
    "instrument_type": "EQUITY",
    "market": "US",
    "order_type": "LIMIT",
    "side": "BUY",
    "time_in_force": "DAY",
    "entrust_type": "QTY",
    "quantity": "0.180505",
    "support_trading_session": "ALL",
    "account_tax_type": "GENERAL",
    "limit_price": "16.62"
  }
} Response:{'message': 'The time you sent is not supported. Please check. ', 'error_code': 'INVALID_PARAMETER'} ServerException:HTTP Status: 417, Code: INVALID_PARAMETER, Msg: The time you sent is not supported. Please check. , RequestID: 4972f180-e6f7-4614-afba-6fda3a7847b2
277584015589792 2026-07-06 02:04:34,382 webull.core.client ERROR get_response exception. {
  "error_code": "INVALID_PARAMETER",
  "error_msg": "The time you sent is not supported. Please check. ",
  "http_status": 417,
  "request_id": "4972f180-e6f7-4614-afba-6fda3a7847b2"
}
277583643865504 2026-07-06 02:06:14,863 webull.core.client ERROR ServerException occurred. Host:api.webull.com SDK-Version:2.0.10 Request:{
  "_version": "v2",
  "_action_name": "/trade/order/place",
  "_protocol_type": "https",
  "_accept_format": "JSON",
  "_params": {},
  "_method": "POST",
  "_header": {
    "x-version": "v2",
    "Accept-Encoding": "gzip",
    "x-app-key": "bf67888c79f28465cba7afc02717dbcb",
    "x-timestamp": "2026-07-06T02:06:14Z",
    "x-signature-version": "1.0",
    "x-signature-algorithm": "HMAC-SHA1",
    "x-signature-nonce": "4fe84abe-3393-5ff5-926b-695b2c142a9d",
    "x-signature": "KU2NsRHq569M18N7WpsC7MW3H+E=",
    "User-Agent": "WebullApiSDK (Linux 6.12.68+;aarch64) Python/3.11.15 Core/2.0.10 python-requests/2.33.1",
    "x-webull-client-source": "sdk",
    "Content-Length": "347",
    "Content-Type": "application/json"
  },
  "_body_params": {
    "stock_order": {
      "client_order_id": "ar-ff9eeca6-b437-461b-9f15-",
      "symbol": "NVDA",
      "instrument_type": "EQUITY",
      "market": "US",
      "order_type": "LIMIT",
      "side": "BUY",
      "time_in_force": "DAY",
      "entrust_type": "QTY",
      "quantity": "0.007622",
      "support_trading_session": "ALL",
      "account_tax_type": "GENERAL",
      "limit_price": "196.78"
    },
    "account_id": "F8ISIGG74NU0C495ILNGG99D29"
  },
  "_uri_pattern": null,
  "_uri_params": null,
  "_content": "{\"stock_order\":{\"client_order_id\":\"ar-ff9eeca6-b437-461b-9f15-\",\"symbol\":\"NVDA\",\"instrument_type\":\"EQUITY\",\"market\":\"US\",\"order_type\":\"LIMIT\",\"side\":\"BUY\",\"time_in_force\":\"DAY\",\"entrust_type\":\"QTY\",\"quantity\":\"0.007622\",\"support_trading_session\":\"ALL\",\"account_tax_type\":\"GENERAL\",\"limit_price\":\"196.78\"},\"account_id\":\"F8ISIGG74NU0C495ILNGG99D29\"}",
  "_extra_user_agent": {},
  "string_to_sign": "",
  "_request_connect_timeout": null,
  "_request_read_timeout": null,
  "endpoint": "api.webull.com",
  "_signer_spec": "<module 'webull.core.auth.algorithm.sha_hmac1' from '/root/.venv/lib/python3.11/site-packages/webull/core/auth/algorithm/sha_hmac1.py'>",
  "_stock_order": {
    "client_order_id": "ar-ff9eeca6-b437-461b-9f15-",
    "symbol": "NVDA",
    "instrument_type": "EQUITY",
    "market": "US",
    "order_type": "LIMIT",
    "side": "BUY",
    "time_in_force": "DAY",
    "entrust_type": "QTY",
    "quantity": "0.007622",
    "support_trading_session": "ALL",
    "account_tax_type": "GENERAL",
    "limit_price": "196.78"
  }
} Response:{'message': 'The time you sent is not supported. Please check. ', 'error_code': 'INVALID_PARAMETER'} ServerException:HTTP Status: 417, Code: INVALID_PARAMETER, Msg: The time you sent is not supported. Please check. , RequestID: d8997c11-0bff-4cb6-8a42-7593179486e2
277583643865504 2026-07-06 02:06:14,864 webull.core.client ERROR get_response exception. {
  "error_code": "INVALID_PARAMETER",
  "error_msg": "The time you sent is not supported. Please check. ",
  "http_status": 417,
  "request_id": "d8997c11-0bff-4cb6-8a42-7593179486e2"
}
277583626957216 2026-07-06 02:06:19,020 webull.core.client ERROR ServerException occurred. Host:api.webull.com SDK-Version:2.0.10 Request:{
  "_version": "v2",
  "_action_name": "/trade/order/place",
  "_protocol_type": "https",
  "_accept_format": "JSON",
  "_params": {},
  "_method": "POST",
  "_header": {
    "x-version": "v2",
    "Accept-Encoding": "gzip",
    "x-app-key": "bf67888c79f28465cba7afc02717dbcb",
    "x-timestamp": "2026-07-06T02:06:18Z",
    "x-signature-version": "1.0",
    "x-signature-algorithm": "HMAC-SHA1",
    "x-signature-nonce": "bf781f6c-e1ce-5357-9fc6-5832d17ac3fc",
    "x-signature": "+JcE292ZvnTmgwo01hNwr12ooU8=",
    "User-Agent": "WebullApiSDK (Linux 6.12.68+;aarch64) Python/3.11.15 Core/2.0.10 python-requests/2.33.1",
    "x-webull-client-source": "sdk",
    "Content-Length": "347",
    "Content-Type": "application/json"
  },
  "_body_params": {
    "stock_order": {
      "client_order_id": "ar-07d8a316-7954-4f44-a139-",
      "symbol": "NVDA",
      "instrument_type": "EQUITY",
      "market": "US",
      "order_type": "LIMIT",
      "side": "BUY",
      "time_in_force": "DAY",
      "entrust_type": "QTY",
      "quantity": "0.007622",
      "support_trading_session": "ALL",
      "account_tax_type": "GENERAL",
      "limit_price": "196.78"
    },
    "account_id": "F8ISIGG74NU0C495ILNGG99D29"
  },
  "_uri_pattern": null,
  "_uri_params": null,
  "_content": "{\"stock_order\":{\"client_order_id\":\"ar-07d8a316-7954-4f44-a139-\",\"symbol\":\"NVDA\",\"instrument_type\":\"EQUITY\",\"market\":\"US\",\"order_type\":\"LIMIT\",\"side\":\"BUY\",\"time_in_force\":\"DAY\",\"entrust_type\":\"QTY\",\"quantity\":\"0.007622\",\"support_trading_session\":\"ALL\",\"account_tax_type\":\"GENERAL\",\"limit_price\":\"196.78\"},\"account_id\":\"F8ISIGG74NU0C495ILNGG99D29\"}",
  "_extra_user_agent": {},
  "string_to_sign": "",
  "_request_connect_timeout": null,
  "_request_read_timeout": null,
  "endpoint": "api.webull.com",
  "_signer_spec": "<module 'webull.core.auth.algorithm.sha_hmac1' from '/root/.venv/lib/python3.11/site-packages/webull/core/auth/algorithm/sha_hmac1.py'>",
  "_stock_order": {
    "client_order_id": "ar-07d8a316-7954-4f44-a139-",
    "symbol": "NVDA",
    "instrument_type": "EQUITY",
    "market": "US",
    "order_type": "LIMIT",
    "side": "BUY",
    "time_in_force": "DAY",
    "entrust_type": "QTY",
    "quantity": "0.007622",
    "support_trading_session": "ALL",
    "account_tax_type": "GENERAL",
    "limit_price": "196.78"
  }
} Response:{'message': 'The time you sent is not supported. Please check. ', 'error_code': 'INVALID_PARAMETER'} ServerException:HTTP Status: 417, Code: INVALID_PARAMETER, Msg: The time you sent is not supported. Please check. , RequestID: d9668231-a67a-4182-b750-7c5922392531
277583626957216 2026-07-06 02:06:19,020 webull.core.client ERROR get_response exception. {
  "error_code": "INVALID_PARAMETER",
  "error_msg": "The time you sent is not supported. Please check. ",
  "http_status": 417,
  "request_id": "d9668231-a67a-4182-b750-7c5922392531"
}
277583643865504 2026-07-06 02:06:31,496 webull.core.client ERROR ServerException occurred. Host:api.webull.com SDK-Version:2.0.10 Request:{
  "_version": "v2",
  "_action_name": "/trade/order/place",
  "_protocol_type": "https",
  "_accept_format": "JSON",
  "_params": {},
  "_method": "POST",
  "_header": {
    "x-version": "v2",
    "Accept-Encoding": "gzip",
    "x-app-key": "bf67888c79f28465cba7afc02717dbcb",
    "x-timestamp": "2026-07-06T02:06:31Z",
    "x-signature-version": "1.0",
    "x-signature-algorithm": "HMAC-SHA1",
    "x-signature-nonce": "ede9ba69-5cb9-52b2-9f61-ac3138fc79cf",
    "x-signature": "9thBUR8WZgNE2H1LfrpD9pX8s4E=",
    "User-Agent": "WebullApiSDK (Linux 6.12.68+;aarch64) Python/3.11.15 Core/2.0.10 python-requests/2.33.1",
    "x-webull-client-source": "sdk",
    "Content-Length": "347",
    "Content-Type": "application/json"
  },
  "_body_params": {
    "stock_order": {
      "client_order_id": "ar-55ca41d3-0fd0-4647-98a1-",
      "symbol": "NVDA",
      "instrument_type": "EQUITY",
      "market": "US",
      "order_type": "LIMIT",
      "side": "BUY",
      "time_in_force": "DAY",
      "entrust_type": "QTY",
      "quantity": "0.015245",
      "support_trading_session": "ALL",
      "account_tax_type": "GENERAL",
      "limit_price": "196.78"
    },
    "account_id": "F8ISIGG74NU0C495ILNGG99D29"
  },
  "_uri_pattern": null,
  "_uri_params": null,
  "_content": "{\"stock_order\":{\"client_order_id\":\"ar-55ca41d3-0fd0-4647-98a1-\",\"symbol\":\"NVDA\",\"instrument_type\":\"EQUITY\",\"market\":\"US\",\"order_type\":\"LIMIT\",\"side\":\"BUY\",\"time_in_force\":\"DAY\",\"entrust_type\":\"QTY\",\"quantity\":\"0.015245\",\"support_trading_session\":\"ALL\",\"account_tax_type\":\"GENERAL\",\"limit_price\":\"196.78\"},\"account_id\":\"F8ISIGG74NU0C495ILNGG99D29\"}",
  "_extra_user_agent": {},
  "string_to_sign": "",
  "_request_connect_timeout": null,
  "_request_read_timeout": null,
  "endpoint": "api.webull.com",
  "_signer_spec": "<module 'webull.core.auth.algorithm.sha_hmac1' from '/root/.venv/lib/python3.11/site-packages/webull/core/auth/algorithm/sha_hmac1.py'>",
  "_stock_order": {
    "client_order_id": "ar-55ca41d3-0fd0-4647-98a1-",
    "symbol": "NVDA",
    "instrument_type": "EQUITY",
    "market": "US",
    "order_type": "LIMIT",
    "side": "BUY",
    "time_in_force": "DAY",
    "entrust_type": "QTY",
    "quantity": "0.015245",
    "support_trading_session": "ALL",
    "account_tax_type": "GENERAL",
    "limit_price": "196.78"
  }
} Response:{'message': 'The time you sent is not supported. Please check. ', 'error_code': 'INVALID_PARAMETER'} ServerException:HTTP Status: 417, Code: INVALID_PARAMETER, Msg: The time you sent is not supported. Please check. , RequestID: 55080a5e-7c51-40f6-ac0d-dcea462e78e0
277583643865504 2026-07-06 02:06:31,496 webull.core.client ERROR get_response exception. {
  "error_code": "INVALID_PARAMETER",
  "error_msg": "The time you sent is not supported. Please check. ",
  "http_status": 417,
  "request_id": "55080a5e-7c51-40f6-ac0d-dcea462e78e0"
}
277583618503072 2026-07-06 02:06:54,701 webull.core.client ERROR ServerException occurred. Host:api.webull.com SDK-Version:2.0.10 Request:{
  "_version": "v2",
  "_action_name": "/trade/order/place",
  "_protocol_type": "https",
  "_accept_format": "JSON",
  "_params": {},
  "_method": "POST",
  "_header": {
    "x-version": "v2",
    "Accept-Encoding": "gzip",
    "x-app-key": "bf67888c79f28465cba7afc02717dbcb",
    "x-timestamp": "2026-07-06T02:06:54Z",
    "x-signature-version": "1.0",
    "x-signature-algorithm": "HMAC-SHA1",
    "x-signature-nonce": "a19c6789-094a-5798-bc35-79d2f4098a83",
    "x-signature": "/7DQL2E0ghgvQEVtfdKJie4zg6c=",
    "User-Agent": "WebullApiSDK (Linux 6.12.68+;aarch64) Python/3.11.15 Core/2.0.10 python-requests/2.33.1",
    "x-webull-client-source": "sdk",
    "Content-Length": "347",
    "Content-Type": "application/json"
  },
  "_body_params": {
    "stock_order": {
      "client_order_id": "ar-3f697b19-fd99-4d97-9d3c-",
      "symbol": "NVDA",
      "instrument_type": "EQUITY",
      "market": "US",
      "order_type": "LIMIT",
      "side": "BUY",
      "time_in_force": "DAY",
      "entrust_type": "QTY",
      "quantity": "0.015245",
      "support_trading_session": "ALL",
      "account_tax_type": "GENERAL",
      "limit_price": "196.78"
    },
    "account_id": "F8ISIGG74NU0C495ILNGG99D29"
  },
  "_uri_pattern": null,
  "_uri_params": null,
  "_content": "{\"stock_order\":{\"client_order_id\":\"ar-3f697b19-fd99-4d97-9d3c-\",\"symbol\":\"NVDA\",\"instrument_type\":\"EQUITY\",\"market\":\"US\",\"order_type\":\"LIMIT\",\"side\":\"BUY\",\"time_in_force\":\"DAY\",\"entrust_type\":\"QTY\",\"quantity\":\"0.015245\",\"support_trading_session\":\"ALL\",\"account_tax_type\":\"GENERAL\",\"limit_price\":\"196.78\"},\"account_id\":\"F8ISIGG74NU0C495ILNGG99D29\"}",
  "_extra_user_agent": {},
  "string_to_sign": "",
  "_request_connect_timeout": null,
  "_request_read_timeout": null,
  "endpoint": "api.webull.com",
  "_signer_spec": "<module 'webull.core.auth.algorithm.sha_hmac1' from '/root/.venv/lib/python3.11/site-packages/webull/core/auth/algorithm/sha_hmac1.py'>",
  "_stock_order": {
    "client_order_id": "ar-3f697b19-fd99-4d97-9d3c-",
    "symbol": "NVDA",
    "instrument_type": "EQUITY",
    "market": "US",
    "order_type": "LIMIT",
    "side": "BUY",
    "time_in_force": "DAY",
    "entrust_type": "QTY",
    "quantity": "0.015245",
    "support_trading_session": "ALL",
    "account_tax_type": "GENERAL",
    "limit_price": "196.78"
  }
} Response:{'message': 'The time you sent is not supported. Please check. ', 'error_code': 'INVALID_PARAMETER'} ServerException:HTTP Status: 417, Code: INVALID_PARAMETER, Msg: The time you sent is not supported. Please check. , RequestID: f85265b1-6701-4534-8dd5-fd9be2540a1d
277583618503072 2026-07-06 02:06:54,702 webull.core.client ERROR get_response exception. {
  "error_code": "INVALID_PARAMETER",
  "error_msg": "The time you sent is not supported. Please check. ",
  "http_status": 417,
  "request_id": "f85265b1-6701-4534-8dd5-fd9be2540a1d"
}
277583626957216 2026-07-06 02:09:52,604 webull.core.client ERROR ServerException occurred. Host:api.webull.com SDK-Version:2.0.10 Request:{
  "_version": "v2",
  "_action_name": "/trade/order/place",
  "_protocol_type": "https",
  "_accept_format": "JSON",
  "_params": {},
  "_method": "POST",
  "_header": {
    "x-version": "v2",
    "Accept-Encoding": "gzip",
    "x-app-key": "bf67888c79f28465cba7afc02717dbcb",
    "x-timestamp": "2026-07-06T02:09:52Z",
    "x-signature-version": "1.0",
    "x-signature-algorithm": "HMAC-SHA1",
    "x-signature-nonce": "ec3bfa9d-fc7b-5409-b456-96047ec78624",
    "x-signature": "mZaqRWCWh7x3McImP/9JN1AEltU=",
    "User-Agent": "WebullApiSDK (Linux 6.12.68+;aarch64) Python/3.11.15 Core/2.0.10 python-requests/2.33.1",
    "x-webull-client-source": "sdk",
    "Content-Length": "345",
    "Content-Type": "application/json"
  },
  "_body_params": {
    "stock_order": {
      "client_order_id": "ar-a103a04c-0b71-418e-8e34-",
      "symbol": "AMC",
      "instrument_type": "EQUITY",
      "market": "US",
      "order_type": "LIMIT",
      "side": "SELL",
      "time_in_force": "DAY",
      "entrust_type": "QTY",
      "quantity": "1.604278",
      "support_trading_session": "ALL",
      "account_tax_type": "GENERAL",
      "limit_price": "1.87"
    },
    "account_id": "F8ISIGG74NU0C495ILNGG99D29"
  },
  "_uri_pattern": null,
  "_uri_params": null,
  "_content": "{\"stock_order\":{\"client_order_id\":\"ar-a103a04c-0b71-418e-8e34-\",\"symbol\":\"AMC\",\"instrument_type\":\"EQUITY\",\"market\":\"US\",\"order_type\":\"LIMIT\",\"side\":\"SELL\",\"time_in_force\":\"DAY\",\"entrust_type\":\"QTY\",\"quantity\":\"1.604278\",\"support_trading_session\":\"ALL\",\"account_tax_type\":\"GENERAL\",\"limit_price\":\"1.87\"},\"account_id\":\"F8ISIGG74NU0C495ILNGG99D29\"}",
  "_extra_user_agent": {},
  "string_to_sign": "",
  "_request_connect_timeout": null,
  "_request_read_timeout": null,
  "endpoint": "api.webull.com",
  "_signer_spec": "<module 'webull.core.auth.algorithm.sha_hmac1' from '/root/.venv/lib/python3.11/site-packages/webull/core/auth/algorithm/sha_hmac1.py'>",
  "_stock_order": {
    "client_order_id": "ar-a103a04c-0b71-418e-8e34-",
    "symbol": "AMC",
    "instrument_type": "EQUITY",
    "market": "US",
    "order_type": "LIMIT",
    "side": "SELL",
    "time_in_force": "DAY",
    "entrust_type": "QTY",
    "quantity": "1.604278",
    "support_trading_session": "ALL",
    "account_tax_type": "GENERAL",
    "limit_price": "1.87"
  }
} Response:{'message': 'The time you sent is not supported. Please check. ', 'error_code': 'INVALID_PARAMETER'} ServerException:HTTP Status: 417, Code: INVALID_PARAMETER, Msg: The time you sent is not supported. Please check. , RequestID: 135fbfc8-8fe0-4c1f-a0ab-3394ea09828b
277583626957216 2026-07-06 02:09:52,605 webull.core.client ERROR get_response exception. {
  "error_code": "INVALID_PARAMETER",
  "error_msg": "The time you sent is not supported. Please check. ",
  "http_status": 417,
  "request_id": "135fbfc8-8fe0-4c1f-a0ab-3394ea09828b"
}
277583660773792 2026-07-06 02:10:50,204 webull.core.client ERROR ServerException occurred. Host:api.webull.com SDK-Version:2.0.10 Request:{
  "_version": "v2",
  "_action_name": "/trade/order/place",
  "_protocol_type": "https",
  "_accept_format": "JSON",
  "_params": {},
  "_method": "POST",
  "_header": {
    "x-version": "v2",
    "Accept-Encoding": "gzip",
    "x-app-key": "bf67888c79f28465cba7afc02717dbcb",
    "x-timestamp": "2026-07-06T02:10:50Z",
    "x-signature-version": "1.0",
    "x-signature-algorithm": "HMAC-SHA1",
    "x-signature-nonce": "54cba0e1-da62-5257-a020-393672183740",
    "x-signature": "t0SuHfXJUhvqJGmudt/5tY63A6Y=",
    "User-Agent": "WebullApiSDK (Linux 6.12.68+;aarch64) Python/3.11.15 Core/2.0.10 python-requests/2.33.1",
    "x-webull-client-source": "sdk",
    "Content-Length": "347",
    "Content-Type": "application/json"
  },
  "_body_params": {
    "stock_order": {
      "client_order_id": "ar-b96a6e08-f0df-4739-8284-",
      "symbol": "NVDA",
      "instrument_type": "EQUITY",
      "market": "US",
      "order_type": "LIMIT",
      "side": "BUY",
      "time_in_force": "DAY",
      "entrust_type": "QTY",
      "quantity": "0.007622",
      "support_trading_session": "ALL",
      "account_tax_type": "GENERAL",
      "limit_price": "196.78"
    },
    "account_id": "F8ISIGG74NU0C495ILNGG99D29"
  },
  "_uri_pattern": null,
  "_uri_params": null,
  "_content": "{\"stock_order\":{\"client_order_id\":\"ar-b96a6e08-f0df-4739-8284-\",\"symbol\":\"NVDA\",\"instrument_type\":\"EQUITY\",\"market\":\"US\",\"order_type\":\"LIMIT\",\"side\":\"BUY\",\"time_in_force\":\"DAY\",\"entrust_type\":\"QTY\",\"quantity\":\"0.007622\",\"support_trading_session\":\"ALL\",\"account_tax_type\":\"GENERAL\",\"limit_price\":\"196.78\"},\"account_id\":\"F8ISIGG74NU0C495ILNGG99D29\"}",
  "_extra_user_agent": {},
  "string_to_sign": "",
  "_request_connect_timeout": null,
  "_request_read_timeout": null,
  "endpoint": "api.webull.com",
  "_signer_spec": "<module 'webull.core.auth.algorithm.sha_hmac1' from '/root/.venv/lib/python3.11/site-packages/webull/core/auth/algorithm/sha_hmac1.py'>",
  "_stock_order": {
    "client_order_id": "ar-b96a6e08-f0df-4739-8284-",
    "symbol": "NVDA",
    "instrument_type": "EQUITY",
    "market": "US",
    "order_type": "LIMIT",
    "side": "BUY",
    "time_in_force": "DAY",
    "entrust_type": "QTY",
    "quantity": "0.007622",
    "support_trading_session": "ALL",
    "account_tax_type": "GENERAL",
    "limit_price": "196.78"
  }
} Response:{'message': 'The time you sent is not supported. Please check. ', 'error_code': 'INVALID_PARAMETER'} ServerException:HTTP Status: 417, Code: INVALID_PARAMETER, Msg: The time you sent is not supported. Please check. , RequestID: 36943794-c8ad-434d-9af6-5cef89b9fabc
277583660773792 2026-07-06 02:10:50,204 webull.core.client ERROR get_response exception. {
  "error_code": "INVALID_PARAMETER",
  "error_msg": "The time you sent is not supported. Please check. ",
  "http_status": 417,
  "request_id": "36943794-c8ad-434d-9af6-5cef89b9fabc"
}
277583652319648 2026-07-06 02:10:50,338 webull.core.client ERROR ServerException occurred. Host:api.webull.com SDK-Version:2.0.10 Request:{
  "_version": "v2",
  "_action_name": "/trade/order/place",
  "_protocol_type": "https",
  "_accept_format": "JSON",
  "_params": {},
  "_method": "POST",
  "_header": {
    "x-version": "v2",
    "Accept-Encoding": "gzip",
    "x-app-key": "bf67888c79f28465cba7afc02717dbcb",
    "x-timestamp": "2026-07-06T02:10:50Z",
    "x-signature-version": "1.0",
    "x-signature-algorithm": "HMAC-SHA1",
    "x-signature-nonce": "b7d1242c-4424-53ae-809b-4f308a8ece53",
    "x-signature": "C++SR0LWL01h35UuOkLBoof4jNo=",
    "User-Agent": "WebullApiSDK (Linux 6.12.68+;aarch64) Python/3.11.15 Core/2.0.10 python-requests/2.33.1",
    "x-webull-client-source": "sdk",
    "Content-Length": "347",
    "Content-Type": "application/json"
  },
  "_body_params": {
    "stock_order": {
      "client_order_id": "ar-b96a6e08-f0df-4739-8284-",
      "symbol": "NVDA",
      "instrument_type": "EQUITY",
      "market": "US",
      "order_type": "LIMIT",
      "side": "BUY",
      "time_in_force": "DAY",
      "entrust_type": "QTY",
      "quantity": "0.007622",
      "support_trading_session": "ALL",
      "account_tax_type": "GENERAL",
      "limit_price": "196.78"
    },
    "account_id": "F8ISIGG74NU0C495ILNGG99D29"
  },
  "_uri_pattern": null,
  "_uri_params": null,
  "_content": "{\"stock_order\":{\"client_order_id\":\"ar-b96a6e08-f0df-4739-8284-\",\"symbol\":\"NVDA\",\"instrument_type\":\"EQUITY\",\"market\":\"US\",\"order_type\":\"LIMIT\",\"side\":\"BUY\",\"time_in_force\":\"DAY\",\"entrust_type\":\"QTY\",\"quantity\":\"0.007622\",\"support_trading_session\":\"ALL\",\"account_tax_type\":\"GENERAL\",\"limit_price\":\"196.78\"},\"account_id\":\"F8ISIGG74NU0C495ILNGG99D29\"}",
  "_extra_user_agent": {},
  "string_to_sign": "",
  "_request_connect_timeout": null,
  "_request_read_timeout": null,
  "endpoint": "api.webull.com",
  "_signer_spec": "<module 'webull.core.auth.algorithm.sha_hmac1' from '/root/.venv/lib/python3.11/site-packages/webull/core/auth/algorithm/sha_hmac1.py'>",
  "_stock_order": {
    "client_order_id": "ar-b96a6e08-f0df-4739-8284-",
    "symbol": "NVDA",
    "instrument_type": "EQUITY",
    "market": "US",
    "order_type": "LIMIT",
    "side": "BUY",
    "time_in_force": "DAY",
    "entrust_type": "QTY",
    "quantity": "0.007622",
    "support_trading_session": "ALL",
    "account_tax_type": "GENERAL",
    "limit_price": "196.78"
  }
} Response:{'message': 'The time you sent is not supported. Please check. ', 'error_code': 'INVALID_PARAMETER'} ServerException:HTTP Status: 417, Code: INVALID_PARAMETER, Msg: The time you sent is not supported. Please check. , RequestID: a7024d88-f397-4774-b1e3-4ff8ebe647ee
277583652319648 2026-07-06 02:10:50,338 webull.core.client ERROR get_response exception. {
  "error_code": "INVALID_PARAMETER",
  "error_msg": "The time you sent is not supported. Please check. ",
  "http_status": 417,
  "request_id": "a7024d88-f397-4774-b1e3-4ff8ebe647ee"
}
277583065248160 2026-07-06 02:10:50,341 webull.core.client ERROR ServerException occurred. Host:api.webull.com SDK-Version:2.0.10 Request:{
  "_version": "v2",
  "_action_name": "/openapi/assets/balance",
  "_protocol_type": "https",
  "_accept_format": "JSON",
  "_params": {
    "account_id": "F8ISIGG74NU0C495ILNGG99D29"
  },
  "_method": "GET",
  "_header": {
    "x-version": "v2",
    "Accept-Encoding": "gzip",
    "x-app-key": "bf67888c79f28465cba7afc02717dbcb",
    "x-timestamp": "2026-07-06T02:10:50Z",
    "x-signature-version": "1.0",
    "x-signature-algorithm": "HMAC-SHA1",
    "x-signature-nonce": "a3cc750b-8b1a-553f-8def-ce51d466c5c4",
    "x-signature": "6SyBYBNPu3X7SoF529E6+cUd5Ek=",
    "User-Agent": "WebullApiSDK (Linux 6.12.68+;aarch64) Python/3.11.15 Core/2.0.10 python-requests/2.33.1",
    "x-webull-client-source": "sdk"
  },
  "_body_params": null,
  "_uri_pattern": null,
  "_uri_params": null,
  "_content": null,
  "_extra_user_agent": {},
  "string_to_sign": "",
  "_request_connect_timeout": null,
  "_request_read_timeout": null,
  "endpoint": "api.webull.com",
  "_signer_spec": "<module 'webull.core.auth.algorithm.sha_hmac1' from '/root/.venv/lib/python3.11/site-packages/webull/core/auth/algorithm/sha_hmac1.py'>"
} Response:{'message': 'Too many requests', 'error_code': 'TOO_MANY_REQUESTS'} ServerException:HTTP Status: 429, Code: TOO_MANY_REQUESTS, Msg: Too many requests, RequestID: c17d6d0f-91a4-473e-bc5f-6cddfd918374
277583065248160 2026-07-06 02:10:50,341 webull.core.client ERROR get_response exception. {
  "error_code": "TOO_MANY_REQUESTS",
  "error_msg": "Too many requests",
  "http_status": 429,
  "request_id": "c17d6d0f-91a4-473e-bc5f-6cddfd918374"
}
277583618503072 2026-07-06 02:10:50,438 webull.core.client ERROR ServerException occurred. Host:api.webull.com SDK-Version:2.0.10 Request:{
  "_version": "v2",
  "_action_name": "/trade/order/place",
  "_protocol_type": "https",
  "_accept_format": "JSON",
  "_params": {},
  "_method": "POST",
  "_header": {
    "x-version": "v2",
    "Accept-Encoding": "gzip",
    "x-app-key": "bf67888c79f28465cba7afc02717dbcb",
    "x-timestamp": "2026-07-06T02:10:50Z",
    "x-signature-version": "1.0",
    "x-signature-algorithm": "HMAC-SHA1",
    "x-signature-nonce": "3a7e3da2-2943-5730-9362-a399d5dec529",
    "x-signature": "jeDEIB25BC/H9ODf10XycaTwjUE=",
    "User-Agent": "WebullApiSDK (Linux 6.12.68+;aarch64) Python/3.11.15 Core/2.0.10 python-requests/2.33.1",
    "x-webull-client-source": "sdk",
    "Content-Length": "347",
    "Content-Type": "application/json"
  },
  "_body_params": {
    "stock_order": {
      "client_order_id": "ar-5ec9ee59-2a4d-4c66-b1ab-",
      "symbol": "NVDA",
      "instrument_type": "EQUITY",
      "market": "US",
      "order_type": "LIMIT",
      "side": "BUY",
      "time_in_force": "DAY",
      "entrust_type": "QTY",
      "quantity": "0.007622",
      "support_trading_session": "ALL",
      "account_tax_type": "GENERAL",
      "limit_price": "196.78"
    },
    "account_id": "F8ISIGG74NU0C495ILNGG99D29"
  },
  "_uri_pattern": null,
  "_uri_params": null,
  "_content": "{\"stock_order\":{\"client_order_id\":\"ar-5ec9ee59-2a4d-4c66-b1ab-\",\"symbol\":\"NVDA\",\"instrument_type\":\"EQUITY\",\"market\":\"US\",\"order_type\":\"LIMIT\",\"side\":\"BUY\",\"time_in_force\":\"DAY\",\"entrust_type\":\"QTY\",\"quantity\":\"0.007622\",\"support_trading_session\":\"ALL\",\"account_tax_type\":\"GENERAL\",\"limit_price\":\"196.78\"},\"account_id\":\"F8ISIGG74NU0C495ILNGG99D29\"}",
  "_extra_user_agent": {},
  "string_to_sign": "",
  "_request_connect_timeout": null,
  "_request_read_timeout": null,
  "endpoint": "api.webull.com",
  "_signer_spec": "<module 'webull.core.auth.algorithm.sha_hmac1' from '/root/.venv/lib/python3.11/site-packages/webull/core/auth/algorithm/sha_hmac1.py'>",
  "_stock_order": {
    "client_order_id": "ar-5ec9ee59-2a4d-4c66-b1ab-",
    "symbol": "NVDA",
    "instrument_type": "EQUITY",
    "market": "US",
    "order_type": "LIMIT",
    "side": "BUY",
    "time_in_force": "DAY",
    "entrust_type": "QTY",
    "quantity": "0.007622",
    "support_trading_session": "ALL",
    "account_tax_type": "GENERAL",
    "limit_price": "196.78"
  }
} Response:{'message': 'The time you sent is not supported. Please check. ', 'error_code': 'INVALID_PARAMETER'} ServerException:HTTP Status: 417, Code: INVALID_PARAMETER, Msg: The time you sent is not supported. Please check. , RequestID: 6aadc989-8a97-458f-b8c2-7e80a7a6b1e5
277583618503072 2026-07-06 02:10:50,439 webull.core.client ERROR get_response exception. {
  "error_code": "INVALID_PARAMETER",
  "error_msg": "The time you sent is not supported. Please check. ",
  "http_status": 417,
  "request_id": "6aadc989-8a97-458f-b8c2-7e80a7a6b1e5"
}
277583660773792 2026-07-06 02:10:50,467 webull.core.client ERROR ServerException occurred. Host:api.webull.com SDK-Version:2.0.10 Request:{
  "_version": "v2",
  "_action_name": "/openapi/assets/balance",
  "_protocol_type": "https",
  "_accept_format": "JSON",
  "_params": {
    "account_id": "F8ISIGG74NU0C495ILNGG99D29"
  },
  "_method": "GET",
  "_header": {
    "x-version": "v2",
    "Accept-Encoding": "gzip",
    "x-app-key": "bf67888c79f28465cba7afc02717dbcb",
    "x-timestamp": "2026-07-06T02:10:50Z",
    "x-signature-version": "1.0",
    "x-signature-algorithm": "HMAC-SHA1",
    "x-signature-nonce": "960ba44b-3c5b-5eaa-8fe9-1db3accb4e76",
    "x-signature": "gJd9VzUwPCKLgZj9Vf5SADDhkrY=",
    "User-Agent": "WebullApiSDK (Linux 6.12.68+;aarch64) Python/3.11.15 Core/2.0.10 python-requests/2.33.1",
    "x-webull-client-source": "sdk"
  },
  "_body_params": null,
  "_uri_pattern": null,
  "_uri_params": null,
  "_content": null,
  "_extra_user_agent": {},
  "string_to_sign": "",
  "_request_connect_timeout": null,
  "_request_read_timeout": null,
  "endpoint": "api.webull.com",
  "_signer_spec": "<module 'webull.core.auth.algorithm.sha_hmac1' from '/root/.venv/lib/python3.11/site-packages/webull/core/auth/algorithm/sha_hmac1.py'>"
} Response:{'message': 'Too many requests', 'error_code': 'TOO_MANY_REQUESTS'} ServerException:HTTP Status: 429, Code: TOO_MANY_REQUESTS, Msg: Too many requests, RequestID: 7cf1779d-aeee-412c-b252-661d63b0a24e
277583660773792 2026-07-06 02:10:50,467 webull.core.client ERROR get_response exception. {
  "error_code": "TOO_MANY_REQUESTS",
  "error_msg": "Too many requests",
  "http_status": 429,
  "request_id": "7cf1779d-aeee-412c-b252-661d63b0a24e"
}
277583635411360 2026-07-06 02:10:50,552 webull.core.client ERROR ServerException occurred. Host:api.webull.com SDK-Version:2.0.10 Request:{
  "_version": "v2",
  "_action_name": "/trade/order/place",
  "_protocol_type": "https",
  "_accept_format": "JSON",
  "_params": {},
  "_method": "POST",
  "_header": {
    "x-version": "v2",
    "Accept-Encoding": "gzip",
    "x-app-key": "bf67888c79f28465cba7afc02717dbcb",
    "x-timestamp": "2026-07-06T02:10:50Z",
    "x-signature-version": "1.0",
    "x-signature-algorithm": "HMAC-SHA1",
    "x-signature-nonce": "b86d7696-28f8-5552-9033-0fb834b4e456",
    "x-signature": "Lefxw5QWQHSJ4toWRwij2/IKkag=",
    "User-Agent": "WebullApiSDK (Linux 6.12.68+;aarch64) Python/3.11.15 Core/2.0.10 python-requests/2.33.1",
    "x-webull-client-source": "sdk",
    "Content-Length": "347",
    "Content-Type": "application/json"
  },
  "_body_params": {
    "stock_order": {
      "client_order_id": "ar-5ec9ee59-2a4d-4c66-b1ab-",
      "symbol": "NVDA",
      "instrument_type": "EQUITY",
      "market": "US",
      "order_type": "LIMIT",
      "side": "BUY",
      "time_in_force": "DAY",
      "entrust_type": "QTY",
      "quantity": "0.007622",
      "support_trading_session": "ALL",
      "account_tax_type": "GENERAL",
      "limit_price": "196.78"
    },
    "account_id": "F8ISIGG74NU0C495ILNGG99D29"
  },
  "_uri_pattern": null,
  "_uri_params": null,
  "_content": "{\"stock_order\":{\"client_order_id\":\"ar-5ec9ee59-2a4d-4c66-b1ab-\",\"symbol\":\"NVDA\",\"instrument_type\":\"EQUITY\",\"market\":\"US\",\"order_type\":\"LIMIT\",\"side\":\"BUY\",\"time_in_force\":\"DAY\",\"entrust_type\":\"QTY\",\"quantity\":\"0.007622\",\"support_trading_session\":\"ALL\",\"account_tax_type\":\"GENERAL\",\"limit_price\":\"196.78\"},\"account_id\":\"F8ISIGG74NU0C495ILNGG99D29\"}",
  "_extra_user_agent": {},
  "string_to_sign": "",
  "_request_connect_timeout": null,
  "_request_read_timeout": null,
  "endpoint": "api.webull.com",
  "_signer_spec": "<module 'webull.core.auth.algorithm.sha_hmac1' from '/root/.venv/lib/python3.11/site-packages/webull/core/auth/algorithm/sha_hmac1.py'>",
  "_stock_order": {
    "client_order_id": "ar-5ec9ee59-2a4d-4c66-b1ab-",
    "symbol": "NVDA",
    "instrument_type": "EQUITY",
    "market": "US",
    "order_type": "LIMIT",
    "side": "BUY",
    "time_in_force": "DAY",
    "entrust_type": "QTY",
    "quantity": "0.007622",
    "support_trading_session": "ALL",
    "account_tax_type": "GENERAL",
    "limit_price": "196.78"
  }
} Response:{'message': 'The time you sent is not supported. Please check. ', 'error_code': 'INVALID_PARAMETER'} ServerException:HTTP Status: 417, Code: INVALID_PARAMETER, Msg: The time you sent is not supported. Please check. , RequestID: 6f4e4bda-8517-4930-8d74-1d3f16feae7f
277583635411360 2026-07-06 02:10:50,552 webull.core.client ERROR get_response exception. {
  "error_code": "INVALID_PARAMETER",
  "error_msg": "The time you sent is not supported. Please check. ",
  "http_status": 417,
  "request_id": "6f4e4bda-8517-4930-8d74-1d3f16feae7f"
}
277583643865504 2026-07-06 02:11:02,044 webull.core.client ERROR ServerException occurred. Host:api.webull.com SDK-Version:2.0.10 Request:{
  "_version": "v2",
  "_action_name": "/trade/order/place",
  "_protocol_type": "https",
  "_accept_format": "JSON",
  "_params": {},
  "_method": "POST",
  "_header": {
    "x-version": "v2",
    "Accept-Encoding": "gzip",
    "x-app-key": "bf67888c79f28465cba7afc02717dbcb",
    "x-timestamp": "2026-07-06T02:11:01Z",
    "x-signature-version": "1.0",
    "x-signature-algorithm": "HMAC-SHA1",
    "x-signature-nonce": "9ec4d862-0db8-589b-9f6e-ebe983f5e562",
    "x-signature": "16q4VmVCbYx0oLVsniU50aV4ifw=",
    "User-Agent": "WebullApiSDK (Linux 6.12.68+;aarch64) Python/3.11.15 Core/2.0.10 python-requests/2.33.1",
    "x-webull-client-source": "sdk",
    "Content-Length": "347",
    "Content-Type": "application/json"
  },
  "_body_params": {
    "stock_order": {
      "client_order_id": "ar-ff717fe5-6129-4aa8-878b-",
      "symbol": "NVDA",
      "instrument_type": "EQUITY",
      "market": "US",
      "order_type": "LIMIT",
      "side": "BUY",
      "time_in_force": "DAY",
      "entrust_type": "QTY",
      "quantity": "0.015245",
      "support_trading_session": "ALL",
      "account_tax_type": "GENERAL",
      "limit_price": "196.78"
    },
    "account_id": "F8ISIGG74NU0C495ILNGG99D29"
  },
  "_uri_pattern": null,
  "_uri_params": null,
  "_content": "{\"stock_order\":{\"client_order_id\":\"ar-ff717fe5-6129-4aa8-878b-\",\"symbol\":\"NVDA\",\"instrument_type\":\"EQUITY\",\"market\":\"US\",\"order_type\":\"LIMIT\",\"side\":\"BUY\",\"time_in_force\":\"DAY\",\"entrust_type\":\"QTY\",\"quantity\":\"0.015245\",\"support_trading_session\":\"ALL\",\"account_tax_type\":\"GENERAL\",\"limit_price\":\"196.78\"},\"account_id\":\"F8ISIGG74NU0C495ILNGG99D29\"}",
  "_extra_user_agent": {},
  "string_to_sign": "",
  "_request_connect_timeout": null,
  "_request_read_timeout": null,
  "endpoint": "api.webull.com",
  "_signer_spec": "<module 'webull.core.auth.algorithm.sha_hmac1' from '/root/.venv/lib/python3.11/site-packages/webull/core/auth/algorithm/sha_hmac1.py'>",
  "_stock_order": {
    "client_order_id": "ar-ff717fe5-6129-4aa8-878b-",
    "symbol": "NVDA",
    "instrument_type": "EQUITY",
    "market": "US",
    "order_type": "LIMIT",
    "side": "BUY",
    "time_in_force": "DAY",
    "entrust_type": "QTY",
    "quantity": "0.015245",
    "support_trading_session": "ALL",
    "account_tax_type": "GENERAL",
    "limit_price": "196.78"
  }
} Response:{'message': 'The time you sent is not supported. Please check. ', 'error_code': 'INVALID_PARAMETER'} ServerException:HTTP Status: 417, Code: INVALID_PARAMETER, Msg: The time you sent is not supported. Please check. , RequestID: b496ee40-5320-4a64-90cd-5b7d140e6069
277583643865504 2026-07-06 02:11:02,044 webull.core.client ERROR get_response exception. {
  "error_code": "INVALID_PARAMETER",
  "error_msg": "The time you sent is not supported. Please check. ",
  "http_status": 417,
  "request_id": "b496ee40-5320-4a64-90cd-5b7d140e6069"
}
277583618503072 2026-07-06 02:11:24,591 webull.core.client ERROR ServerException occurred. Host:api.webull.com SDK-Version:2.0.10 Request:{
  "_version": "v2",
  "_action_name": "/trade/order/place",
  "_protocol_type": "https",
  "_accept_format": "JSON",
  "_params": {},
  "_method": "POST",
  "_header": {
    "x-version": "v2",
    "Accept-Encoding": "gzip",
    "x-app-key": "bf67888c79f28465cba7afc02717dbcb",
    "x-timestamp": "2026-07-06T02:11:24Z",
    "x-signature-version": "1.0",
    "x-signature-algorithm": "HMAC-SHA1",
    "x-signature-nonce": "4afafeb4-7943-510c-858a-80b83138ac1f",
    "x-signature": "wfnbaoue2wXjqJGHzygT/yMS2SE=",
    "User-Agent": "WebullApiSDK (Linux 6.12.68+;aarch64) Python/3.11.15 Core/2.0.10 python-requests/2.33.1",
    "x-webull-client-source": "sdk",
    "Content-Length": "347",
    "Content-Type": "application/json"
  },
  "_body_params": {
    "stock_order": {
      "client_order_id": "ar-a68840ff-7a6b-4e8d-966d-",
      "symbol": "NVDA",
      "instrument_type": "EQUITY",
      "market": "US",
      "order_type": "LIMIT",
      "side": "BUY",
      "time_in_force": "DAY",
      "entrust_type": "QTY",
      "quantity": "0.015245",
      "support_trading_session": "ALL",
      "account_tax_type": "GENERAL",
      "limit_price": "196.78"
    },
    "account_id": "F8ISIGG74NU0C495ILNGG99D29"
  },
  "_uri_pattern": null,
  "_uri_params": null,
  "_content": "{\"stock_order\":{\"client_order_id\":\"ar-a68840ff-7a6b-4e8d-966d-\",\"symbol\":\"NVDA\",\"instrument_type\":\"EQUITY\",\"market\":\"US\",\"order_type\":\"LIMIT\",\"side\":\"BUY\",\"time_in_force\":\"DAY\",\"entrust_type\":\"QTY\",\"quantity\":\"0.015245\",\"support_trading_session\":\"ALL\",\"account_tax_type\":\"GENERAL\",\"limit_price\":\"196.78\"},\"account_id\":\"F8ISIGG74NU0C495ILNGG99D29\"}",
  "_extra_user_agent": {},
  "string_to_sign": "",
  "_request_connect_timeout": null,
  "_request_read_timeout": null,
  "endpoint": "api.webull.com",
  "_signer_spec": "<module 'webull.core.auth.algorithm.sha_hmac1' from '/root/.venv/lib/python3.11/site-packages/webull/core/auth/algorithm/sha_hmac1.py'>",
  "_stock_order": {
    "client_order_id": "ar-a68840ff-7a6b-4e8d-966d-",
    "symbol": "NVDA",
    "instrument_type": "EQUITY",
    "market": "US",
    "order_type": "LIMIT",
    "side": "BUY",
    "time_in_force": "DAY",
    "entrust_type": "QTY",
    "quantity": "0.015245",
    "support_trading_session": "ALL",
    "account_tax_type": "GENERAL",
    "limit_price": "196.78"
  }
} Response:{'message': 'The time you sent is not supported. Please check. ', 'error_code': 'INVALID_PARAMETER'} ServerException:HTTP Status: 417, Code: INVALID_PARAMETER, Msg: The time you sent is not supported. Please check. , RequestID: 8dc83323-8ace-439a-95a0-353555238485
277583618503072 2026-07-06 02:11:24,591 webull.core.client ERROR get_response exception. {
  "error_code": "INVALID_PARAMETER",
  "error_msg": "The time you sent is not supported. Please check. ",
  "http_status": 417,
  "request_id": "8dc83323-8ace-439a-95a0-353555238485"
}
277583660773792 2026-07-06 02:13:08,945 webull.core.client ERROR ServerException occurred. Host:api.webull.com SDK-Version:2.0.10 Request:{
  "_version": "v2",
  "_action_name": "/trade/order/place",
  "_protocol_type": "https",
  "_accept_format": "JSON",
  "_params": {},
  "_method": "POST",
  "_header": {
    "x-version": "v2",
    "Accept-Encoding": "gzip",
    "x-app-key": "bf67888c79f28465cba7afc02717dbcb",
    "x-timestamp": "2026-07-06T02:13:08Z",
    "x-signature-version": "1.0",
    "x-signature-algorithm": "HMAC-SHA1",
    "x-signature-nonce": "8bdf0f56-431b-5921-b828-04f84cb34ef1",
    "x-signature": "tRC+2RY6/5PAv2j7O9MhdeVbZB4=",
    "User-Agent": "WebullApiSDK (Linux 6.12.68+;aarch64) Python/3.11.15 Core/2.0.10 python-requests/2.33.1",
    "x-webull-client-source": "sdk",
    "Content-Length": "348",
    "Content-Type": "application/json"
  },
  "_body_params": {
    "stock_order": {
      "client_order_id": "ar-c1ba789e-b3cb-4c60-b8da-",
      "symbol": "AAPL",
      "instrument_type": "EQUITY",
      "market": "US",
      "order_type": "LIMIT",
      "side": "SELL",
      "time_in_force": "DAY",
      "entrust_type": "QTY",
      "quantity": "0.004909",
      "support_trading_session": "ALL",
      "account_tax_type": "GENERAL",
      "limit_price": "305.54"
    },
    "account_id": "F8ISIGG74NU0C495ILNGG99D29"
  },
  "_uri_pattern": null,
  "_uri_params": null,
  "_content": "{\"stock_order\":{\"client_order_id\":\"ar-c1ba789e-b3cb-4c60-b8da-\",\"symbol\":\"AAPL\",\"instrument_type\":\"EQUITY\",\"market\":\"US\",\"order_type\":\"LIMIT\",\"side\":\"SELL\",\"time_in_force\":\"DAY\",\"entrust_type\":\"QTY\",\"quantity\":\"0.004909\",\"support_trading_session\":\"ALL\",\"account_tax_type\":\"GENERAL\",\"limit_price\":\"305.54\"},\"account_id\":\"F8ISIGG74NU0C495ILNGG99D29\"}",
  "_extra_user_agent": {},
  "string_to_sign": "",
  "_request_connect_timeout": null,
  "_request_read_timeout": null,
  "endpoint": "api.webull.com",
  "_signer_spec": "<module 'webull.core.auth.algorithm.sha_hmac1' from '/root/.venv/lib/python3.11/site-packages/webull/core/auth/algorithm/sha_hmac1.py'>",
  "_stock_order": {
    "client_order_id": "ar-c1ba789e-b3cb-4c60-b8da-",
    "symbol": "AAPL",
    "instrument_type": "EQUITY",
    "market": "US",
    "order_type": "LIMIT",
    "side": "SELL",
    "time_in_force": "DAY",
    "entrust_type": "QTY",
    "quantity": "0.004909",
    "support_trading_session": "ALL",
    "account_tax_type": "GENERAL",
    "limit_price": "305.54"
  }
} Response:{'message': 'The time you sent is not supported. Please check. ', 'error_code': 'INVALID_PARAMETER'} ServerException:HTTP Status: 417, Code: INVALID_PARAMETER, Msg: The time you sent is not supported. Please check. , RequestID: 8dc7a48e-27b3-4d99-bd49-f6bf894f9454
277583660773792 2026-07-06 02:13:08,945 webull.core.client ERROR get_response exception. {
  "error_code": "INVALID_PARAMETER",
  "error_msg": "The time you sent is not supported. Please check. ",
  "http_status": 417,
  "request_id": "8dc7a48e-27b3-4d99-bd49-f6bf894f9454"
}
277583618503072 2026-07-06 02:13:46,325 webull.core.client ERROR ServerException occurred. Host:api.webull.com SDK-Version:2.0.10 Request:{
  "_version": "v2",
  "_action_name": "/trade/order/place",
  "_protocol_type": "https",
  "_accept_format": "JSON",
  "_params": {},
  "_method": "POST",
  "_header": {
    "x-version": "v2",
    "Accept-Encoding": "gzip",
    "x-app-key": "bf67888c79f28465cba7afc02717dbcb",
    "x-timestamp": "2026-07-06T02:13:46Z",
    "x-signature-version": "1.0",
    "x-signature-algorithm": "HMAC-SHA1",
    "x-signature-nonce": "24fc28b8-47bc-5d5b-afd1-e91924a5f78c",
    "x-signature": "1NHlZIF2gCfHisluveH2MECEojQ=",
    "User-Agent": "WebullApiSDK (Linux 6.12.68+;aarch64) Python/3.11.15 Core/2.0.10 python-requests/2.33.1",
    "x-webull-client-source": "sdk",
    "Content-Length": "348",
    "Content-Type": "application/json"
  },
  "_body_params": {
    "stock_order": {
      "client_order_id": "ar-ecb1393f-40bb-4b0a-b334-",
      "symbol": "AAPL",
      "instrument_type": "EQUITY",
      "market": "US",
      "order_type": "LIMIT",
      "side": "SELL",
      "time_in_force": "DAY",
      "entrust_type": "QTY",
      "quantity": "0.009818",
      "support_trading_session": "ALL",
      "account_tax_type": "GENERAL",
      "limit_price": "305.54"
    },
    "account_id": "F8ISIGG74NU0C495ILNGG99D29"
  },
  "_uri_pattern": null,
  "_uri_params": null,
  "_content": "{\"stock_order\":{\"client_order_id\":\"ar-ecb1393f-40bb-4b0a-b334-\",\"symbol\":\"AAPL\",\"instrument_type\":\"EQUITY\",\"market\":\"US\",\"order_type\":\"LIMIT\",\"side\":\"SELL\",\"time_in_force\":\"DAY\",\"entrust_type\":\"QTY\",\"quantity\":\"0.009818\",\"support_trading_session\":\"ALL\",\"account_tax_type\":\"GENERAL\",\"limit_price\":\"305.54\"},\"account_id\":\"F8ISIGG74NU0C495ILNGG99D29\"}",
  "_extra_user_agent": {},
  "string_to_sign": "",
  "_request_connect_timeout": null,
  "_request_read_timeout": null,
  "endpoint": "api.webull.com",
  "_signer_spec": "<module 'webull.core.auth.algorithm.sha_hmac1' from '/root/.venv/lib/python3.11/site-packages/webull/core/auth/algorithm/sha_hmac1.py'>",
  "_stock_order": {
    "client_order_id": "ar-ecb1393f-40bb-4b0a-b334-",
    "symbol": "AAPL",
    "instrument_type": "EQUITY",
    "market": "US",
    "order_type": "LIMIT",
    "side": "SELL",
    "time_in_force": "DAY",
    "entrust_type": "QTY",
    "quantity": "0.009818",
    "support_trading_session": "ALL",
    "account_tax_type": "GENERAL",
    "limit_price": "305.54"
  }
} Response:{'message': 'The time you sent is not supported. Please check. ', 'error_code': 'INVALID_PARAMETER'} ServerException:HTTP Status: 417, Code: INVALID_PARAMETER, Msg: The time you sent is not supported. Please check. , RequestID: 86aa0a7b-071a-4b13-8323-26e13caecaa5
277583618503072 2026-07-06 02:13:46,325 webull.core.client ERROR get_response exception. {
  "error_code": "INVALID_PARAMETER",
  "error_msg": "The time you sent is not supported. Please check. ",
  "http_status": 417,
  "request_id": "86aa0a7b-071a-4b13-8323-26e13caecaa5"
}
277583652319648 2026-07-06 02:14:36,057 webull.core.client ERROR ServerException occurred. Host:api.webull.com SDK-Version:2.0.10 Request:{
  "_version": "v2",
  "_action_name": "/trade/order/place",
  "_protocol_type": "https",
  "_accept_format": "JSON",
  "_params": {},
  "_method": "POST",
  "_header": {
    "x-version": "v2",
    "Accept-Encoding": "gzip",
    "x-app-key": "bf67888c79f28465cba7afc02717dbcb",
    "x-timestamp": "2026-07-06T02:14:35Z",
    "x-signature-version": "1.0",
    "x-signature-algorithm": "HMAC-SHA1",
    "x-signature-nonce": "08198ac2-87b2-520c-a7c0-c4bb05eb5929",
    "x-signature": "xKJ6auNfijc/fVk8Wd7W9uAFr6A=",
    "User-Agent": "WebullApiSDK (Linux 6.12.68+;aarch64) Python/3.11.15 Core/2.0.10 python-requests/2.33.1",
    "x-webull-client-source": "sdk",
    "Content-Length": "347",
    "Content-Type": "application/json"
  },
  "_body_params": {
    "stock_order": {
      "client_order_id": "ar-1f6b1772-7509-4b5e-ba0b-",
      "symbol": "ABNB",
      "instrument_type": "EQUITY",
      "market": "US",
      "order_type": "LIMIT",
      "side": "BUY",
      "time_in_force": "DAY",
      "entrust_type": "QTY",
      "quantity": "0.009972",
      "support_trading_session": "ALL",
      "account_tax_type": "GENERAL",
      "limit_price": "150.42"
    },
    "account_id": "F8ISIGG74NU0C495ILNGG99D29"
  },
  "_uri_pattern": null,
  "_uri_params": null,
  "_content": "{\"stock_order\":{\"client_order_id\":\"ar-1f6b1772-7509-4b5e-ba0b-\",\"symbol\":\"ABNB\",\"instrument_type\":\"EQUITY\",\"market\":\"US\",\"order_type\":\"LIMIT\",\"side\":\"BUY\",\"time_in_force\":\"DAY\",\"entrust_type\":\"QTY\",\"quantity\":\"0.009972\",\"support_trading_session\":\"ALL\",\"account_tax_type\":\"GENERAL\",\"limit_price\":\"150.42\"},\"account_id\":\"F8ISIGG74NU0C495ILNGG99D29\"}",
  "_extra_user_agent": {},
  "string_to_sign": "",
  "_request_connect_timeout": null,
  "_request_read_timeout": null,
  "endpoint": "api.webull.com",
  "_signer_spec": "<module 'webull.core.auth.algorithm.sha_hmac1' from '/root/.venv/lib/python3.11/site-packages/webull/core/auth/algorithm/sha_hmac1.py'>",
  "_stock_order": {
    "client_order_id": "ar-1f6b1772-7509-4b5e-ba0b-",
    "symbol": "ABNB",
    "instrument_type": "EQUITY",
    "market": "US",
    "order_type": "LIMIT",
    "side": "BUY",
    "time_in_force": "DAY",
    "entrust_type": "QTY",
    "quantity": "0.009972",
    "support_trading_session": "ALL",
    "account_tax_type": "GENERAL",
    "limit_price": "150.42"
  }
} Response:{'message': 'The time you sent is not supported. Please check. ', 'error_code': 'INVALID_PARAMETER'} ServerException:HTTP Status: 417, Code: INVALID_PARAMETER, Msg: The time you sent is not supported. Please check. , RequestID: 1c720926-3034-4fa7-b258-825d650e5eac
277583652319648 2026-07-06 02:14:36,062 webull.core.client ERROR get_response exception. {
  "error_code": "INVALID_PARAMETER",
  "error_msg": "The time you sent is not supported. Please check. ",
  "http_status": 417,
  "request_id": "1c720926-3034-4fa7-b258-825d650e5eac"
}
277583065248160 2026-07-06 02:14:37,791 webull.core.client ERROR ServerException occurred. Host:api.webull.com SDK-Version:2.0.10 Request:{
  "_version": "v2",
  "_action_name": "/trade/order/place",
  "_protocol_type": "https",
  "_accept_format": "JSON",
  "_params": {},
  "_method": "POST",
  "_header": {
    "x-version": "v2",
    "Accept-Encoding": "gzip",
    "x-app-key": "bf67888c79f28465cba7afc02717dbcb",
    "x-timestamp": "2026-07-06T02:14:37Z",
    "x-signature-version": "1.0",
    "x-signature-algorithm": "HMAC-SHA1",
    "x-signature-nonce": "da583c7c-c716-5abe-b975-2498a9129f07",
    "x-signature": "YgMOpsi+ex6b8bj2cnzz/q7CR/4=",
    "User-Agent": "WebullApiSDK (Linux 6.12.68+;aarch64) Python/3.11.15 Core/2.0.10 python-requests/2.33.1",
    "x-webull-client-source": "sdk",
    "Content-Length": "347",
    "Content-Type": "application/json"
  },
  "_body_params": {
    "stock_order": {
      "client_order_id": "ar-71c611d8-cdf9-4b01-bcf4-",
      "symbol": "ABNB",
      "instrument_type": "EQUITY",
      "market": "US",
      "order_type": "LIMIT",
      "side": "BUY",
      "time_in_force": "DAY",
      "entrust_type": "QTY",
      "quantity": "0.009972",
      "support_trading_session": "ALL",
      "account_tax_type": "GENERAL",
      "limit_price": "150.42"
    },
    "account_id": "F8ISIGG74NU0C495ILNGG99D29"
  },
  "_uri_pattern": null,
  "_uri_params": null,
  "_content": "{\"stock_order\":{\"client_order_id\":\"ar-71c611d8-cdf9-4b01-bcf4-\",\"symbol\":\"ABNB\",\"instrument_type\":\"EQUITY\",\"market\":\"US\",\"order_type\":\"LIMIT\",\"side\":\"BUY\",\"time_in_force\":\"DAY\",\"entrust_type\":\"QTY\",\"quantity\":\"0.009972\",\"support_trading_session\":\"ALL\",\"account_tax_type\":\"GENERAL\",\"limit_price\":\"150.42\"},\"account_id\":\"F8ISIGG74NU0C495ILNGG99D29\"}",
  "_extra_user_agent": {},
  "string_to_sign": "",
  "_request_connect_timeout": null,
  "_request_read_timeout": null,
  "endpoint": "api.webull.com",
  "_signer_spec": "<module 'webull.core.auth.algorithm.sha_hmac1' from '/root/.venv/lib/python3.11/site-packages/webull/core/auth/algorithm/sha_hmac1.py'>",
  "_stock_order": {
    "client_order_id": "ar-71c611d8-cdf9-4b01-bcf4-",
    "symbol": "ABNB",
    "instrument_type": "EQUITY",
    "market": "US",
    "order_type": "LIMIT",
    "side": "BUY",
    "time_in_force": "DAY",
    "entrust_type": "QTY",
    "quantity": "0.009972",
    "support_trading_session": "ALL",
    "account_tax_type": "GENERAL",
    "limit_price": "150.42"
  }
} Response:{'message': 'The time you sent is not supported. Please check. ', 'error_code': 'INVALID_PARAMETER'} ServerException:HTTP Status: 417, Code: INVALID_PARAMETER, Msg: The time you sent is not supported. Please check. , RequestID: 2d322949-e377-480e-8133-9a6be90d6637
277583065248160 2026-07-06 02:14:37,793 webull.core.client ERROR get_response exception. {
  "error_code": "INVALID_PARAMETER",
  "error_msg": "The time you sent is not supported. Please check. ",
  "http_status": 417,
  "request_id": "2d322949-e377-480e-8133-9a6be90d6637"
}
277583660773792 2026-07-06 02:14:50,903 webull.core.client ERROR ServerException occurred. Host:api.webull.com SDK-Version:2.0.10 Request:{
  "_version": "v2",
  "_action_name": "/trade/order/place",
  "_protocol_type": "https",
  "_accept_format": "JSON",
  "_params": {},
  "_method": "POST",
  "_header": {
    "x-version": "v2",
    "Accept-Encoding": "gzip",
    "x-app-key": "bf67888c79f28465cba7afc02717dbcb",
    "x-timestamp": "2026-07-06T02:14:50Z",
    "x-signature-version": "1.0",
    "x-signature-algorithm": "HMAC-SHA1",
    "x-signature-nonce": "596f548b-b225-5115-b96f-7b5ff74f2545",
    "x-signature": "jmdZ7/MaCPg4KUWMjrjCBJizJIY=",
    "User-Agent": "WebullApiSDK (Linux 6.12.68+;aarch64) Python/3.11.15 Core/2.0.10 python-requests/2.33.1",
    "x-webull-client-source": "sdk",
    "Content-Length": "347",
    "Content-Type": "application/json"
  },
  "_body_params": {
    "stock_order": {
      "client_order_id": "ar-f403a2b6-3c51-4a5f-957b-",
      "symbol": "ABNB",
      "instrument_type": "EQUITY",
      "market": "US",
      "order_type": "LIMIT",
      "side": "BUY",
      "time_in_force": "DAY",
      "entrust_type": "QTY",
      "quantity": "0.019944",
      "support_trading_session": "ALL",
      "account_tax_type": "GENERAL",
      "limit_price": "150.42"
    },
    "account_id": "F8ISIGG74NU0C495ILNGG99D29"
  },
  "_uri_pattern": null,
  "_uri_params": null,
  "_content": "{\"stock_order\":{\"client_order_id\":\"ar-f403a2b6-3c51-4a5f-957b-\",\"symbol\":\"ABNB\",\"instrument_type\":\"EQUITY\",\"market\":\"US\",\"order_type\":\"LIMIT\",\"side\":\"BUY\",\"time_in_force\":\"DAY\",\"entrust_type\":\"QTY\",\"quantity\":\"0.019944\",\"support_trading_session\":\"ALL\",\"account_tax_type\":\"GENERAL\",\"limit_price\":\"150.42\"},\"account_id\":\"F8ISIGG74NU0C495ILNGG99D29\"}",
  "_extra_user_agent": {},
  "string_to_sign": "",
  "_request_connect_timeout": null,
  "_request_read_timeout": null,
  "endpoint": "api.webull.com",
  "_signer_spec": "<module 'webull.core.auth.algorithm.sha_hmac1' from '/root/.venv/lib/python3.11/site-packages/webull/core/auth/algorithm/sha_hmac1.py'>",
  "_stock_order": {
    "client_order_id": "ar-f403a2b6-3c51-4a5f-957b-",
    "symbol": "ABNB",
    "instrument_type": "EQUITY",
    "market": "US",
    "order_type": "LIMIT",
    "side": "BUY",
    "time_in_force": "DAY",
    "entrust_type": "QTY",
    "quantity": "0.019944",
    "support_trading_session": "ALL",
    "account_tax_type": "GENERAL",
    "limit_price": "150.42"
  }
} Response:{'message': 'The time you sent is not supported. Please check. ', 'error_code': 'INVALID_PARAMETER'} ServerException:HTTP Status: 417, Code: INVALID_PARAMETER, Msg: The time you sent is not supported. Please check. , RequestID: 141fb6d2-2b7d-49db-9135-e11de04fdd5f
277583660773792 2026-07-06 02:14:50,904 webull.core.client ERROR get_response exception. {
  "error_code": "INVALID_PARAMETER",
  "error_msg": "The time you sent is not supported. Please check. ",
  "http_status": 417,
  "request_id": "141fb6d2-2b7d-49db-9135-e11de04fdd5f"
}
272681291149728 2026-07-06 02:33:28,218 webull.core.client ERROR ServerException occurred. Host:api.webull.com SDK-Version:2.0.10 Request:{
  "_version": "v2",
  "_action_name": "/openapi/assets/balance",
  "_protocol_type": "https",
  "_accept_format": "JSON",
  "_params": {
    "account_id": "F8ISIGG74NU0C495ILNGG99D29"
  },
  "_method": "GET",
  "_header": {
    "x-version": "v2",
    "Accept-Encoding": "gzip",
    "x-app-key": "bf67888c79f28465cba7afc02717dbcb",
    "x-timestamp": "2026-07-06T02:33:27Z",
    "x-signature-version": "1.0",
    "x-signature-algorithm": "HMAC-SHA1",
    "x-signature-nonce": "d0a34b71-43cb-5296-831b-7fe9091994f0",
    "x-signature": "zactWxoJyAZiM5PxFwmqFiCX08g=",
    "User-Agent": "WebullApiSDK (Linux 6.12.68+;aarch64) Python/3.11.15 Core/2.0.10 python-requests/2.33.1",
    "x-webull-client-source": "sdk"
  },
  "_body_params": null,
  "_uri_pattern": null,
  "_uri_params": null,
  "_content": null,
  "_extra_user_agent": {},
  "string_to_sign": "",
  "_request_connect_timeout": null,
  "_request_read_timeout": null,
  "endpoint": "api.webull.com",
  "_signer_spec": "<module 'webull.core.auth.algorithm.sha_hmac1' from '/root/.venv/lib/python3.11/site-packages/webull/core/auth/algorithm/sha_hmac1.py'>"
} Response:{'error_code': 'TOO_MANY_REQUESTS', 'message': 'Too many requests'} ServerException:HTTP Status: 429, Code: TOO_MANY_REQUESTS, Msg: Too many requests, RequestID: 72477957-b78e-4352-aada-80c61202d674
272681257333152 2026-07-06 02:33:28,219 webull.core.client ERROR ServerException occurred. Host:api.webull.com SDK-Version:2.0.10 Request:{
  "_version": "v2",
  "_action_name": "/openapi/assets/balance",
  "_protocol_type": "https",
  "_accept_format": "JSON",
  "_params": {
    "account_id": "F8ISIGG74NU0C495ILNGG99D29"
  },
  "_method": "GET",
  "_header": {
    "x-version": "v2",
    "Accept-Encoding": "gzip",
    "x-app-key": "bf67888c79f28465cba7afc02717dbcb",
    "x-timestamp": "2026-07-06T02:33:27Z",
    "x-signature-version": "1.0",
    "x-signature-algorithm": "HMAC-SHA1",
    "x-signature-nonce": "38bee4fe-8735-5b77-8792-466134ba683f",
    "x-signature": "ekkca87/18ZDPzoK9uPkO5xnGvg=",
    "User-Agent": "WebullApiSDK (Linux 6.12.68+;aarch64) Python/3.11.15 Core/2.0.10 python-requests/2.33.1",
    "x-webull-client-source": "sdk"
  },
  "_body_params": null,
  "_uri_pattern": null,
  "_uri_params": null,
  "_content": null,
  "_extra_user_agent": {},
  "string_to_sign": "",
  "_request_connect_timeout": null,
  "_request_read_timeout": null,
  "endpoint": "api.webull.com",
  "_signer_spec": "<module 'webull.core.auth.algorithm.sha_hmac1' from '/root/.venv/lib/python3.11/site-packages/webull/core/auth/algorithm/sha_hmac1.py'>"
} Response:{'message': 'Too many requests', 'error_code': 'TOO_MANY_REQUESTS'} ServerException:HTTP Status: 429, Code: TOO_MANY_REQUESTS, Msg: Too many requests, RequestID: 01e00376-b498-44bc-80d6-133303c0ab50
272681291149728 2026-07-06 02:33:28,221 webull.core.client ERROR get_response exception. {
  "error_code": "TOO_MANY_REQUESTS",
  "error_msg": "Too many requests",
  "http_status": 429,
  "request_id": "72477957-b78e-4352-aada-80c61202d674"
}
272681257333152 2026-07-06 02:33:28,221 webull.core.client ERROR get_response exception. {
  "error_code": "TOO_MANY_REQUESTS",
  "error_msg": "Too many requests",
  "http_status": 429,
  "request_id": "01e00376-b498-44bc-80d6-133303c0ab50"
}
272681653240224 2026-07-06 02:33:28,342 webull.core.client ERROR ServerException occurred. Host:api.webull.com SDK-Version:2.0.10 Request:{
  "_version": "v2",
  "_action_name": "/openapi/assets/balance",
  "_protocol_type": "https",
  "_accept_format": "JSON",
  "_params": {
    "account_id": "F8ISIGG74NU0C495ILNGG99D29"
  },
  "_method": "GET",
  "_header": {
    "x-version": "v2",
    "Accept-Encoding": "gzip",
    "x-app-key": "bf67888c79f28465cba7afc02717dbcb",
    "x-timestamp": "2026-07-06T02:33:28Z",
    "x-signature-version": "1.0",
    "x-signature-algorithm": "HMAC-SHA1",
    "x-signature-nonce": "a947f266-15f8-5910-b216-c3ec973634c7",
    "x-signature": "EneHPJvTXQrjihyRkiG38tjjkSM=",
    "User-Agent": "WebullApiSDK (Linux 6.12.68+;aarch64) Python/3.11.15 Core/2.0.10 python-requests/2.33.1",
    "x-webull-client-source": "sdk"
  },
  "_body_params": null,
  "_uri_pattern": null,
  "_uri_params": null,
  "_content": null,
  "_extra_user_agent": {},
  "string_to_sign": "",
  "_request_connect_timeout": null,
  "_request_read_timeout": null,
  "endpoint": "api.webull.com",
  "_signer_spec": "<module 'webull.core.auth.algorithm.sha_hmac1' from '/root/.venv/lib/python3.11/site-packages/webull/core/auth/algorithm/sha_hmac1.py'>"
} Response:{'message': 'Too many requests', 'error_code': 'TOO_MANY_REQUESTS'} ServerException:HTTP Status: 429, Code: TOO_MANY_REQUESTS, Msg: Too many requests, RequestID: 86ac1698-0490-49b2-bbd3-7a53225ecffc
272681653240224 2026-07-06 02:33:28,342 webull.core.client ERROR get_response exception. {
  "error_code": "TOO_MANY_REQUESTS",
  "error_msg": "Too many requests",
  "http_status": 429,
  "request_id": "86ac1698-0490-49b2-bbd3-7a53225ecffc"
}
272681299603872 2026-07-06 02:33:28,344 webull.core.client ERROR ServerException occurred. Host:api.webull.com SDK-Version:2.0.10 Request:{
  "_version": "v2",
  "_action_name": "/openapi/assets/balance",
  "_protocol_type": "https",
  "_accept_format": "JSON",
  "_params": {
    "account_id": "F8ISIGG74NU0C495ILNGG99D29"
  },
  "_method": "GET",
  "_header": {
    "x-version": "v2",
    "Accept-Encoding": "gzip",
    "x-app-key": "bf67888c79f28465cba7afc02717dbcb",
    "x-timestamp": "2026-07-06T02:33:28Z",
    "x-signature-version": "1.0",
    "x-signature-algorithm": "HMAC-SHA1",
    "x-signature-nonce": "0bbd1696-57a4-5268-aa3d-a5ecf34d6298",
    "x-signature": "vhsH1npcEZln6+YJoALtY/9EAWg=",
    "User-Agent": "WebullApiSDK (Linux 6.12.68+;aarch64) Python/3.11.15 Core/2.0.10 python-requests/2.33.1",
    "x-webull-client-source": "sdk"
  },
  "_body_params": null,
  "_uri_pattern": null,
  "_uri_params": null,
  "_content": null,
  "_extra_user_agent": {},
  "string_to_sign": "",
  "_request_connect_timeout": null,
  "_request_read_timeout": null,
  "endpoint": "api.webull.com",
  "_signer_spec": "<module 'webull.core.auth.algorithm.sha_hmac1' from '/root/.venv/lib/python3.11/site-packages/webull/core/auth/algorithm/sha_hmac1.py'>"
} Response:{'message': 'Too many requests', 'error_code': 'TOO_MANY_REQUESTS'} ServerException:HTTP Status: 429, Code: TOO_MANY_REQUESTS, Msg: Too many requests, RequestID: 9ceced09-7d1f-4f5b-8b53-36a980f30d82
272681299603872 2026-07-06 02:33:28,344 webull.core.client ERROR get_response exception. {
  "error_code": "TOO_MANY_REQUESTS",
  "error_msg": "Too many requests",
  "http_status": 429,
  "request_id": "9ceced09-7d1f-4f5b-8b53-36a980f30d82"
}
272681265787296 2026-07-06 02:33:28,409 webull.core.client ERROR ServerException occurred. Host:api.webull.com SDK-Version:2.0.10 Request:{
  "_version": "v2",
  "_action_name": "/openapi/assets/balance",
  "_protocol_type": "https",
  "_accept_format": "JSON",
  "_params": {
    "account_id": "F8ISIGG74NU0C495ILNGG99D29"
  },
  "_method": "GET",
  "_header": {
    "x-version": "v2",
    "Accept-Encoding": "gzip",
    "x-app-key": "bf67888c79f28465cba7afc02717dbcb",
    "x-timestamp": "2026-07-06T02:33:28Z",
    "x-signature-version": "1.0",
    "x-signature-algorithm": "HMAC-SHA1",
    "x-signature-nonce": "53b800b3-ed0b-5ade-9d2a-01a8927578ef",
    "x-signature": "CekNErtmNPwyce1TQ0xhgJOFcvY=",
    "User-Agent": "WebullApiSDK (Linux 6.12.68+;aarch64) Python/3.11.15 Core/2.0.10 python-requests/2.33.1",
    "x-webull-client-source": "sdk"
  },
  "_body_params": null,
  "_uri_pattern": null,
  "_uri_params": null,
  "_content": null,
  "_extra_user_agent": {},
  "string_to_sign": "",
  "_request_connect_timeout": null,
  "_request_read_timeout": null,
  "endpoint": "api.webull.com",
  "_signer_spec": "<module 'webull.core.auth.algorithm.sha_hmac1' from '/root/.venv/lib/python3.11/site-packages/webull/core/auth/algorithm/sha_hmac1.py'>"
} Response:{'message': 'Too many requests', 'error_code': 'TOO_MANY_REQUESTS'} ServerException:HTTP Status: 429, Code: TOO_MANY_REQUESTS, Msg: Too many requests, RequestID: a15b9346-fb55-46fb-9b17-3a50bcb71b12
272681265787296 2026-07-06 02:33:28,409 webull.core.client ERROR get_response exception. {
  "error_code": "TOO_MANY_REQUESTS",
  "error_msg": "Too many requests",
  "http_status": 429,
  "request_id": "a15b9346-fb55-46fb-9b17-3a50bcb71b12"
}
272681274241440 2026-07-06 02:33:28,414 webull.core.client ERROR ServerException occurred. Host:api.webull.com SDK-Version:2.0.10 Request:{
  "_version": "v2",
  "_action_name": "/openapi/assets/balance",
  "_protocol_type": "https",
  "_accept_format": "JSON",
  "_params": {
    "account_id": "F8ISIGG74NU0C495ILNGG99D29"
  },
  "_method": "GET",
  "_header": {
    "x-version": "v2",
    "Accept-Encoding": "gzip",
    "x-app-key": "bf67888c79f28465cba7afc02717dbcb",
    "x-timestamp": "2026-07-06T02:33:28Z",
    "x-signature-version": "1.0",
    "x-signature-algorithm": "HMAC-SHA1",
    "x-signature-nonce": "4b9d346e-7a19-5199-a034-f7f7ad809d9a",
    "x-signature": "UpTmQXeV2q0suWjek0mziXvgaV8=",
    "User-Agent": "WebullApiSDK (Linux 6.12.68+;aarch64) Python/3.11.15 Core/2.0.10 python-requests/2.33.1",
    "x-webull-client-source": "sdk"
  },
  "_body_params": null,
  "_uri_pattern": null,
  "_uri_params": null,
  "_content": null,
  "_extra_user_agent": {},
  "string_to_sign": "",
  "_request_connect_timeout": null,
  "_request_read_timeout": null,
  "endpoint": "api.webull.com",
  "_signer_spec": "<module 'webull.core.auth.algorithm.sha_hmac1' from '/root/.venv/lib/python3.11/site-packages/webull/core/auth/algorithm/sha_hmac1.py'>"
} Response:{'error_code': 'TOO_MANY_REQUESTS', 'message': 'Too many requests'} ServerException:HTTP Status: 429, Code: TOO_MANY_REQUESTS, Msg: Too many requests, RequestID: c0a032c4-4b23-432c-90b1-ca7aa5cf394a
272681274241440 2026-07-06 02:33:28,414 webull.core.client ERROR get_response exception. {
  "error_code": "TOO_MANY_REQUESTS",
  "error_msg": "Too many requests",
  "http_status": 429,
  "request_id": "c0a032c4-4b23-432c-90b1-ca7aa5cf394a"
}
272681257333152 2026-07-06 02:33:28,457 webull.core.client ERROR ServerException occurred. Host:api.webull.com SDK-Version:2.0.10 Request:{
  "_version": "v2",
  "_action_name": "/trade/order/place",
  "_protocol_type": "https",
  "_accept_format": "JSON",
  "_params": {},
  "_method": "POST",
  "_header": {
    "x-version": "v2",
    "Accept-Encoding": "gzip",
    "x-app-key": "bf67888c79f28465cba7afc02717dbcb",
    "x-timestamp": "2026-07-06T02:33:28Z",
    "x-signature-version": "1.0",
    "x-signature-algorithm": "HMAC-SHA1",
    "x-signature-nonce": "5cde5bd8-3b53-5061-8e60-83bb3d99975a",
    "x-signature": "f8AnazXyoPGMG2wpaImUhbE6yMc=",
    "User-Agent": "WebullApiSDK (Linux 6.12.68+;aarch64) Python/3.11.15 Core/2.0.10 python-requests/2.33.1",
    "x-webull-client-source": "sdk",
    "Content-Length": "347",
    "Content-Type": "application/json"
  },
  "_body_params": {
    "stock_order": {
      "client_order_id": "ar-c7e5423a-c2d9-4266-9705-",
      "symbol": "NVDA",
      "instrument_type": "EQUITY",
      "market": "US",
      "order_type": "LIMIT",
      "side": "BUY",
      "time_in_force": "DAY",
      "entrust_type": "QTY",
      "quantity": "0.015245",
      "support_trading_session": "ALL",
      "account_tax_type": "GENERAL",
      "limit_price": "196.78"
    },
    "account_id": "F8ISIGG74NU0C495ILNGG99D29"
  },
  "_uri_pattern": null,
  "_uri_params": null,
  "_content": "{\"stock_order\":{\"client_order_id\":\"ar-c7e5423a-c2d9-4266-9705-\",\"symbol\":\"NVDA\",\"instrument_type\":\"EQUITY\",\"market\":\"US\",\"order_type\":\"LIMIT\",\"side\":\"BUY\",\"time_in_force\":\"DAY\",\"entrust_type\":\"QTY\",\"quantity\":\"0.015245\",\"support_trading_session\":\"ALL\",\"account_tax_type\":\"GENERAL\",\"limit_price\":\"196.78\"},\"account_id\":\"F8ISIGG74NU0C495ILNGG99D29\"}",
  "_extra_user_agent": {},
  "string_to_sign": "",
  "_request_connect_timeout": null,
  "_request_read_timeout": null,
  "endpoint": "api.webull.com",
  "_signer_spec": "<module 'webull.core.auth.algorithm.sha_hmac1' from '/root/.venv/lib/python3.11/site-packages/webull/core/auth/algorithm/sha_hmac1.py'>",
  "_stock_order": {
    "client_order_id": "ar-c7e5423a-c2d9-4266-9705-",
    "symbol": "NVDA",
    "instrument_type": "EQUITY",
    "market": "US",
    "order_type": "LIMIT",
    "side": "BUY",
    "time_in_force": "DAY",
    "entrust_type": "QTY",
    "quantity": "0.015245",
    "support_trading_session": "ALL",
    "account_tax_type": "GENERAL",
    "limit_price": "196.78"
  }
} Response:{'message': 'The time you sent is not supported. Please check. ', 'error_code': 'INVALID_PARAMETER'} ServerException:HTTP Status: 417, Code: INVALID_PARAMETER, Msg: The time you sent is not supported. Please check. , RequestID: c3863f57-afd8-4b5b-baf4-3eccc1be9bc7
272681257333152 2026-07-06 02:33:28,458 webull.core.client ERROR get_response exception. {
  "error_code": "INVALID_PARAMETER",
  "error_msg": "The time you sent is not supported. Please check. ",
  "http_status": 417,
  "request_id": "c3863f57-afd8-4b5b-baf4-3eccc1be9bc7"
}
272681291149728 2026-07-06 02:33:28,465 webull.core.client ERROR ServerException occurred. Host:api.webull.com SDK-Version:2.0.10 Request:{
  "_version": "v2",
  "_action_name": "/trade/order/place",
  "_protocol_type": "https",
  "_accept_format": "JSON",
  "_params": {},
  "_method": "POST",
  "_header": {
    "x-version": "v2",
    "Accept-Encoding": "gzip",
    "x-app-key": "bf67888c79f28465cba7afc02717dbcb",
    "x-timestamp": "2026-07-06T02:33:28Z",
    "x-signature-version": "1.0",
    "x-signature-algorithm": "HMAC-SHA1",
    "x-signature-nonce": "90c38d25-110d-51b7-b75b-cc3341d21627",
    "x-signature": "wxO9o/W0M0bNTwxhSamBCICQcFI=",
    "User-Agent": "WebullApiSDK (Linux 6.12.68+;aarch64) Python/3.11.15 Core/2.0.10 python-requests/2.33.1",
    "x-webull-client-source": "sdk",
    "Content-Length": "347",
    "Content-Type": "application/json"
  },
  "_body_params": {
    "stock_order": {
      "client_order_id": "ar-c7e5423a-c2d9-4266-9705-",
      "symbol": "NVDA",
      "instrument_type": "EQUITY",
      "market": "US",
      "order_type": "LIMIT",
      "side": "BUY",
      "time_in_force": "DAY",
      "entrust_type": "QTY",
      "quantity": "0.015245",
      "support_trading_session": "ALL",
      "account_tax_type": "GENERAL",
      "limit_price": "196.78"
    },
    "account_id": "F8ISIGG74NU0C495ILNGG99D29"
  },
  "_uri_pattern": null,
  "_uri_params": null,
  "_content": "{\"stock_order\":{\"client_order_id\":\"ar-c7e5423a-c2d9-4266-9705-\",\"symbol\":\"NVDA\",\"instrument_type\":\"EQUITY\",\"market\":\"US\",\"order_type\":\"LIMIT\",\"side\":\"BUY\",\"time_in_force\":\"DAY\",\"entrust_type\":\"QTY\",\"quantity\":\"0.015245\",\"support_trading_session\":\"ALL\",\"account_tax_type\":\"GENERAL\",\"limit_price\":\"196.78\"},\"account_id\":\"F8ISIGG74NU0C495ILNGG99D29\"}",
  "_extra_user_agent": {},
  "string_to_sign": "",
  "_request_connect_timeout": null,
  "_request_read_timeout": null,
  "endpoint": "api.webull.com",
  "_signer_spec": "<module 'webull.core.auth.algorithm.sha_hmac1' from '/root/.venv/lib/python3.11/site-packages/webull/core/auth/algorithm/sha_hmac1.py'>",
  "_stock_order": {
    "client_order_id": "ar-c7e5423a-c2d9-4266-9705-",
    "symbol": "NVDA",
    "instrument_type": "EQUITY",
    "market": "US",
    "order_type": "LIMIT",
    "side": "BUY",
    "time_in_force": "DAY",
    "entrust_type": "QTY",
    "quantity": "0.015245",
    "support_trading_session": "ALL",
    "account_tax_type": "GENERAL",
    "limit_price": "196.78"
  }
} Response:{'message': 'The time you sent is not supported. Please check. ', 'error_code': 'INVALID_PARAMETER'} ServerException:HTTP Status: 417, Code: INVALID_PARAMETER, Msg: The time you sent is not supported. Please check. , RequestID: 1a9c2321-6dcf-4a7e-9ff3-a6400a494831
272681291149728 2026-07-06 02:33:28,465 webull.core.client ERROR get_response exception. {
  "error_code": "INVALID_PARAMETER",
  "error_msg": "The time you sent is not supported. Please check. ",
  "http_status": 417,
  "request_id": "1a9c2321-6dcf-4a7e-9ff3-a6400a494831"
}
272680695624096 2026-07-06 02:33:28,516 webull.core.client ERROR ServerException occurred. Host:api.webull.com SDK-Version:2.0.10 Request:{
  "_version": "v2",
  "_action_name": "/trade/order/place",
  "_protocol_type": "https",
  "_accept_format": "JSON",
  "_params": {},
  "_method": "POST",
  "_header": {
    "x-version": "v2",
    "Accept-Encoding": "gzip",
    "x-app-key": "bf67888c79f28465cba7afc02717dbcb",
    "x-timestamp": "2026-07-06T02:33:28Z",
    "x-signature-version": "1.0",
    "x-signature-algorithm": "HMAC-SHA1",
    "x-signature-nonce": "ca039730-35a9-513c-8d6a-c8c2accc92b7",
    "x-signature": "uD7J1EAv4HCRBiOxbDLSJDt+zW8=",
    "User-Agent": "WebullApiSDK (Linux 6.12.68+;aarch64) Python/3.11.15 Core/2.0.10 python-requests/2.33.1",
    "x-webull-client-source": "sdk",
    "Content-Length": "347",
    "Content-Type": "application/json"
  },
  "_body_params": {
    "stock_order": {
      "client_order_id": "ar-c7e5423a-c2d9-4266-9705-",
      "symbol": "NVDA",
      "instrument_type": "EQUITY",
      "market": "US",
      "order_type": "LIMIT",
      "side": "BUY",
      "time_in_force": "DAY",
      "entrust_type": "QTY",
      "quantity": "0.015245",
      "support_trading_session": "ALL",
      "account_tax_type": "GENERAL",
      "limit_price": "196.78"
    },
    "account_id": "F8ISIGG74NU0C495ILNGG99D29"
  },
  "_uri_pattern": null,
  "_uri_params": null,
  "_content": "{\"stock_order\":{\"client_order_id\":\"ar-c7e5423a-c2d9-4266-9705-\",\"symbol\":\"NVDA\",\"instrument_type\":\"EQUITY\",\"market\":\"US\",\"order_type\":\"LIMIT\",\"side\":\"BUY\",\"time_in_force\":\"DAY\",\"entrust_type\":\"QTY\",\"quantity\":\"0.015245\",\"support_trading_session\":\"ALL\",\"account_tax_type\":\"GENERAL\",\"limit_price\":\"196.78\"},\"account_id\":\"F8ISIGG74NU0C495ILNGG99D29\"}",
  "_extra_user_agent": {},
  "string_to_sign": "",
  "_request_connect_timeout": null,
  "_request_read_timeout": null,
  "endpoint": "api.webull.com",
  "_signer_spec": "<module 'webull.core.auth.algorithm.sha_hmac1' from '/root/.venv/lib/python3.11/site-packages/webull/core/auth/algorithm/sha_hmac1.py'>",
  "_stock_order": {
    "client_order_id": "ar-c7e5423a-c2d9-4266-9705-",
    "symbol": "NVDA",
    "instrument_type": "EQUITY",
    "market": "US",
    "order_type": "LIMIT",
    "side": "BUY",
    "time_in_force": "DAY",
    "entrust_type": "QTY",
    "quantity": "0.015245",
    "support_trading_session": "ALL",
    "account_tax_type": "GENERAL",
    "limit_price": "196.78"
  }
} Response:{'message': 'The time you sent is not supported. Please check. ', 'error_code': 'INVALID_PARAMETER'} ServerException:HTTP Status: 417, Code: INVALID_PARAMETER, Msg: The time you sent is not supported. Please check. , RequestID: 8e77d472-21ee-46e6-bb27-72fe62d49268
272680695624096 2026-07-06 02:33:28,516 webull.core.client ERROR get_response exception. {
  "error_code": "INVALID_PARAMETER",
  "error_msg": "The time you sent is not supported. Please check. ",
  "http_status": 417,
  "request_id": "8e77d472-21ee-46e6-bb27-72fe62d49268"
}
272681282695584 2026-07-06 02:33:28,524 webull.core.client ERROR ServerException occurred. Host:api.webull.com SDK-Version:2.0.10 Request:{
  "_version": "v2",
  "_action_name": "/trade/order/place",
  "_protocol_type": "https",
  "_accept_format": "JSON",
  "_params": {},
  "_method": "POST",
  "_header": {
    "x-version": "v2",
    "Accept-Encoding": "gzip",
    "x-app-key": "bf67888c79f28465cba7afc02717dbcb",
    "x-timestamp": "2026-07-06T02:33:28Z",
    "x-signature-version": "1.0",
    "x-signature-algorithm": "HMAC-SHA1",
    "x-signature-nonce": "7e87031a-0bac-593c-95bf-6a60af12fb09",
    "x-signature": "X6RS3DypCE7J3w9Z30pZ28XVMpY=",
    "User-Agent": "WebullApiSDK (Linux 6.12.68+;aarch64) Python/3.11.15 Core/2.0.10 python-requests/2.33.1",
    "x-webull-client-source": "sdk",
    "Content-Length": "347",
    "Content-Type": "application/json"
  },
  "_body_params": {
    "stock_order": {
      "client_order_id": "ar-c7e5423a-c2d9-4266-9705-",
      "symbol": "NVDA",
      "instrument_type": "EQUITY",
      "market": "US",
      "order_type": "LIMIT",
      "side": "BUY",
      "time_in_force": "DAY",
      "entrust_type": "QTY",
      "quantity": "0.015245",
      "support_trading_session": "ALL",
      "account_tax_type": "GENERAL",
      "limit_price": "196.78"
    },
    "account_id": "F8ISIGG74NU0C495ILNGG99D29"
  },
  "_uri_pattern": null,
  "_uri_params": null,
  "_content": "{\"stock_order\":{\"client_order_id\":\"ar-c7e5423a-c2d9-4266-9705-\",\"symbol\":\"NVDA\",\"instrument_type\":\"EQUITY\",\"market\":\"US\",\"order_type\":\"LIMIT\",\"side\":\"BUY\",\"time_in_force\":\"DAY\",\"entrust_type\":\"QTY\",\"quantity\":\"0.015245\",\"support_trading_session\":\"ALL\",\"account_tax_type\":\"GENERAL\",\"limit_price\":\"196.78\"},\"account_id\":\"F8ISIGG74NU0C495ILNGG99D29\"}",
  "_extra_user_agent": {},
  "string_to_sign": "",
  "_request_connect_timeout": null,
  "_request_read_timeout": null,
  "endpoint": "api.webull.com",
  "_signer_spec": "<module 'webull.core.auth.algorithm.sha_hmac1' from '/root/.venv/lib/python3.11/site-packages/webull/core/auth/algorithm/sha_hmac1.py'>",
  "_stock_order": {
    "client_order_id": "ar-c7e5423a-c2d9-4266-9705-",
    "symbol": "NVDA",
    "instrument_type": "EQUITY",
    "market": "US",
    "order_type": "LIMIT",
    "side": "BUY",
    "time_in_force": "DAY",
    "entrust_type": "QTY",
    "quantity": "0.015245",
    "support_trading_session": "ALL",
    "account_tax_type": "GENERAL",
    "limit_price": "196.78"
  }
} Response:{'message': 'The time you sent is not supported. Please check. ', 'error_code': 'INVALID_PARAMETER'} ServerException:HTTP Status: 417, Code: INVALID_PARAMETER, Msg: The time you sent is not supported. Please check. , RequestID: 0e18454a-76e8-4fad-90d1-c89eb7cf6f3e
272681282695584 2026-07-06 02:33:28,524 webull.core.client ERROR get_response exception. {
  "error_code": "INVALID_PARAMETER",
  "error_msg": "The time you sent is not supported. Please check. ",
  "http_status": 417,
  "request_id": "0e18454a-76e8-4fad-90d1-c89eb7cf6f3e"
}
272681653240224 2026-07-06 02:33:28,620 webull.core.client ERROR ServerException occurred. Host:api.webull.com SDK-Version:2.0.10 Request:{
  "_version": "v2",
  "_action_name": "/openapi/assets/balance",
  "_protocol_type": "https",
  "_accept_format": "JSON",
  "_params": {
    "account_id": "F8ISIGG74NU0C495ILNGG99D29"
  },
  "_method": "GET",
  "_header": {
    "x-version": "v2",
    "Accept-Encoding": "gzip",
    "x-app-key": "bf67888c79f28465cba7afc02717dbcb",
    "x-timestamp": "2026-07-06T02:33:28Z",
    "x-signature-version": "1.0",
    "x-signature-algorithm": "HMAC-SHA1",
    "x-signature-nonce": "e056c777-868b-5539-ae9d-8b1e3dc57d27",
    "x-signature": "jfCmwiAC72F9ECa5eB8o+v4MJWI=",
    "User-Agent": "WebullApiSDK (Linux 6.12.68+;aarch64) Python/3.11.15 Core/2.0.10 python-requests/2.33.1",
    "x-webull-client-source": "sdk"
  },
  "_body_params": null,
  "_uri_pattern": null,
  "_uri_params": null,
  "_content": null,
  "_extra_user_agent": {},
  "string_to_sign": "",
  "_request_connect_timeout": null,
  "_request_read_timeout": null,
  "endpoint": "api.webull.com",
  "_signer_spec": "<module 'webull.core.auth.algorithm.sha_hmac1' from '/root/.venv/lib/python3.11/site-packages/webull/core/auth/algorithm/sha_hmac1.py'>"
} Response:{'message': 'Too many requests', 'error_code': 'TOO_MANY_REQUESTS'} ServerException:HTTP Status: 429, Code: TOO_MANY_REQUESTS, Msg: Too many requests, RequestID: c83a4b05-531c-4d3f-94d7-cf6a4905115e
272681653240224 2026-07-06 02:33:28,620 webull.core.client ERROR get_response exception. {
  "error_code": "TOO_MANY_REQUESTS",
  "error_msg": "Too many requests",
  "http_status": 429,
  "request_id": "c83a4b05-531c-4d3f-94d7-cf6a4905115e"
}
272681248879008 2026-07-06 02:33:28,645 webull.core.client ERROR ServerException occurred. Host:api.webull.com SDK-Version:2.0.10 Request:{
  "_version": "v2",
  "_action_name": "/openapi/assets/balance",
  "_protocol_type": "https",
  "_accept_format": "JSON",
  "_params": {
    "account_id": "F8ISIGG74NU0C495ILNGG99D29"
  },
  "_method": "GET",
  "_header": {
    "x-version": "v2",
    "Accept-Encoding": "gzip",
    "x-app-key": "bf67888c79f28465cba7afc02717dbcb",
    "x-timestamp": "2026-07-06T02:33:28Z",
    "x-signature-version": "1.0",
    "x-signature-algorithm": "HMAC-SHA1",
    "x-signature-nonce": "971ef18e-1caa-520b-8119-fc15d133cfc6",
    "x-signature": "Heo52NKkz/PtKpGmQJvNeuBPsxw=",
    "User-Agent": "WebullApiSDK (Linux 6.12.68+;aarch64) Python/3.11.15 Core/2.0.10 python-requests/2.33.1",
    "x-webull-client-source": "sdk"
  },
  "_body_params": null,
  "_uri_pattern": null,
  "_uri_params": null,
  "_content": null,
  "_extra_user_agent": {},
  "string_to_sign": "",
  "_request_connect_timeout": null,
  "_request_read_timeout": null,
  "endpoint": "api.webull.com",
  "_signer_spec": "<module 'webull.core.auth.algorithm.sha_hmac1' from '/root/.venv/lib/python3.11/site-packages/webull/core/auth/algorithm/sha_hmac1.py'>"
} Response:{'error_code': 'TOO_MANY_REQUESTS', 'message': 'Too many requests'} ServerException:HTTP Status: 429, Code: TOO_MANY_REQUESTS, Msg: Too many requests, RequestID: b069b90d-1f06-425c-9791-54e89b849202
272681248879008 2026-07-06 02:33:28,645 webull.core.client ERROR get_response exception. {
  "error_code": "TOO_MANY_REQUESTS",
  "error_msg": "Too many requests",
  "http_status": 429,
  "request_id": "b069b90d-1f06-425c-9791-54e89b849202"
}
272681299603872 2026-07-06 02:33:28,703 webull.core.client ERROR ServerException occurred. Host:api.webull.com SDK-Version:2.0.10 Request:{
  "_version": "v2",
  "_action_name": "/openapi/assets/balance",
  "_protocol_type": "https",
  "_accept_format": "JSON",
  "_params": {
    "account_id": "F8ISIGG74NU0C495ILNGG99D29"
  },
  "_method": "GET",
  "_header": {
    "x-version": "v2",
    "Accept-Encoding": "gzip",
    "x-app-key": "bf67888c79f28465cba7afc02717dbcb",
    "x-timestamp": "2026-07-06T02:33:28Z",
    "x-signature-version": "1.0",
    "x-signature-algorithm": "HMAC-SHA1",
    "x-signature-nonce": "c72f7ba4-980a-5d7a-bf3b-226a22cd6c3c",
    "x-signature": "vxoFMq9MMcmrEBLkP7FX77DOVbk=",
    "User-Agent": "WebullApiSDK (Linux 6.12.68+;aarch64) Python/3.11.15 Core/2.0.10 python-requests/2.33.1",
    "x-webull-client-source": "sdk"
  },
  "_body_params": null,
  "_uri_pattern": null,
  "_uri_params": null,
  "_content": null,
  "_extra_user_agent": {},
  "string_to_sign": "",
  "_request_connect_timeout": null,
  "_request_read_timeout": null,
  "endpoint": "api.webull.com",
  "_signer_spec": "<module 'webull.core.auth.algorithm.sha_hmac1' from '/root/.venv/lib/python3.11/site-packages/webull/core/auth/algorithm/sha_hmac1.py'>"
} Response:{'message': 'Too many requests', 'error_code': 'TOO_MANY_REQUESTS'} ServerException:HTTP Status: 429, Code: TOO_MANY_REQUESTS, Msg: Too many requests, RequestID: 0830d2b3-91b5-4eb3-9083-ca300c9f79df
272681299603872 2026-07-06 02:33:28,703 webull.core.client ERROR get_response exception. {
  "error_code": "TOO_MANY_REQUESTS",
  "error_msg": "Too many requests",
  "http_status": 429,
  "request_id": "0830d2b3-91b5-4eb3-9083-ca300c9f79df"
}
272681291149728 2026-07-06 02:33:28,706 webull.core.client ERROR ServerException occurred. Host:api.webull.com SDK-Version:2.0.10 Request:{
  "_version": "v2",
  "_action_name": "/openapi/assets/balance",
  "_protocol_type": "https",
  "_accept_format": "JSON",
  "_params": {
    "account_id": "F8ISIGG74NU0C495ILNGG99D29"
  },
  "_method": "GET",
  "_header": {
    "x-version": "v2",
    "Accept-Encoding": "gzip",
    "x-app-key": "bf67888c79f28465cba7afc02717dbcb",
    "x-timestamp": "2026-07-06T02:33:28Z",
    "x-signature-version": "1.0",
    "x-signature-algorithm": "HMAC-SHA1",
    "x-signature-nonce": "a3168b3d-4df0-5ad1-899d-cdebbcce2ee4",
    "x-signature": "wEWmn2C5P6jns0T2jn7ncF2jcfs=",
    "User-Agent": "WebullApiSDK (Linux 6.12.68+;aarch64) Python/3.11.15 Core/2.0.10 python-requests/2.33.1",
    "x-webull-client-source": "sdk"
  },
  "_body_params": null,
  "_uri_pattern": null,
  "_uri_params": null,
  "_content": null,
  "_extra_user_agent": {},
  "string_to_sign": "",
  "_request_connect_timeout": null,
  "_request_read_timeout": null,
  "endpoint": "api.webull.com",
  "_signer_spec": "<module 'webull.core.auth.algorithm.sha_hmac1' from '/root/.venv/lib/python3.11/site-packages/webull/core/auth/algorithm/sha_hmac1.py'>"
} Response:{'error_code': 'TOO_MANY_REQUESTS', 'message': 'Too many requests'} ServerException:HTTP Status: 429, Code: TOO_MANY_REQUESTS, Msg: Too many requests, RequestID: d0d0b485-7729-4969-a5b1-ae72f31daf30
272681291149728 2026-07-06 02:33:28,707 webull.core.client ERROR get_response exception. {
  "error_code": "TOO_MANY_REQUESTS",
  "error_msg": "Too many requests",
  "http_status": 429,
  "request_id": "d0d0b485-7729-4969-a5b1-ae72f31daf30"
}
272681274241440 2026-07-06 02:33:28,743 webull.core.client ERROR ServerException occurred. Host:api.webull.com SDK-Version:2.0.10 Request:{
  "_version": "v2",
  "_action_name": "/trade/order/place",
  "_protocol_type": "https",
  "_accept_format": "JSON",
  "_params": {},
  "_method": "POST",
  "_header": {
    "x-version": "v2",
    "Accept-Encoding": "gzip",
    "x-app-key": "bf67888c79f28465cba7afc02717dbcb",
    "x-timestamp": "2026-07-06T02:33:28Z",
    "x-signature-version": "1.0",
    "x-signature-algorithm": "HMAC-SHA1",
    "x-signature-nonce": "de872282-d5e5-5830-927e-2b400a42441b",
    "x-signature": "OV4yPQBP1jz4APnez/5/SfvOIsQ=",
    "User-Agent": "WebullApiSDK (Linux 6.12.68+;aarch64) Python/3.11.15 Core/2.0.10 python-requests/2.33.1",
    "x-webull-client-source": "sdk",
    "Content-Length": "347",
    "Content-Type": "application/json"
  },
  "_body_params": {
    "stock_order": {
      "client_order_id": "ar-fcea52bb-8032-48a2-b6fc-",
      "symbol": "NVDA",
      "instrument_type": "EQUITY",
      "market": "US",
      "order_type": "LIMIT",
      "side": "BUY",
      "time_in_force": "DAY",
      "entrust_type": "QTY",
      "quantity": "0.007622",
      "support_trading_session": "ALL",
      "account_tax_type": "GENERAL",
      "limit_price": "196.78"
    },
    "account_id": "F8ISIGG74NU0C495ILNGG99D29"
  },
  "_uri_pattern": null,
  "_uri_params": null,
  "_content": "{\"stock_order\":{\"client_order_id\":\"ar-fcea52bb-8032-48a2-b6fc-\",\"symbol\":\"NVDA\",\"instrument_type\":\"EQUITY\",\"market\":\"US\",\"order_type\":\"LIMIT\",\"side\":\"BUY\",\"time_in_force\":\"DAY\",\"entrust_type\":\"QTY\",\"quantity\":\"0.007622\",\"support_trading_session\":\"ALL\",\"account_tax_type\":\"GENERAL\",\"limit_price\":\"196.78\"},\"account_id\":\"F8ISIGG74NU0C495ILNGG99D29\"}",
  "_extra_user_agent": {},
  "string_to_sign": "",
  "_request_connect_timeout": null,
  "_request_read_timeout": null,
  "endpoint": "api.webull.com",
  "_signer_spec": "<module 'webull.core.auth.algorithm.sha_hmac1' from '/root/.venv/lib/python3.11/site-packages/webull/core/auth/algorithm/sha_hmac1.py'>",
  "_stock_order": {
    "client_order_id": "ar-fcea52bb-8032-48a2-b6fc-",
    "symbol": "NVDA",
    "instrument_type": "EQUITY",
    "market": "US",
    "order_type": "LIMIT",
    "side": "BUY",
    "time_in_force": "DAY",
    "entrust_type": "QTY",
    "quantity": "0.007622",
    "support_trading_session": "ALL",
    "account_tax_type": "GENERAL",
    "limit_price": "196.78"
  }
} Response:{'message': 'The time you sent is not supported. Please check. ', 'error_code': 'INVALID_PARAMETER'} ServerException:HTTP Status: 417, Code: INVALID_PARAMETER, Msg: The time you sent is not supported. Please check. , RequestID: b96a6d2c-c820-45bc-8d21-56f3144cf5ef
272681274241440 2026-07-06 02:33:28,743 webull.core.client ERROR get_response exception. {
  "error_code": "INVALID_PARAMETER",
  "error_msg": "The time you sent is not supported. Please check. ",
  "http_status": 417,
  "request_id": "b96a6d2c-c820-45bc-8d21-56f3144cf5ef"
}
272681282695584 2026-07-06 02:33:28,754 webull.core.client ERROR ServerException occurred. Host:api.webull.com SDK-Version:2.0.10 Request:{
  "_version": "v2",
  "_action_name": "/trade/order/place",
  "_protocol_type": "https",
  "_accept_format": "JSON",
  "_params": {},
  "_method": "POST",
  "_header": {
    "x-version": "v2",
    "Accept-Encoding": "gzip",
    "x-app-key": "bf67888c79f28465cba7afc02717dbcb",
    "x-timestamp": "2026-07-06T02:33:28Z",
    "x-signature-version": "1.0",
    "x-signature-algorithm": "HMAC-SHA1",
    "x-signature-nonce": "bf82b2f9-4894-58c9-b0ad-fd00d9c54355",
    "x-signature": "8TVynHNRYELCP5ABE9wUXdVsnSU=",
    "User-Agent": "WebullApiSDK (Linux 6.12.68+;aarch64) Python/3.11.15 Core/2.0.10 python-requests/2.33.1",
    "x-webull-client-source": "sdk",
    "Content-Length": "347",
    "Content-Type": "application/json"
  },
  "_body_params": {
    "stock_order": {
      "client_order_id": "ar-fcea52bb-8032-48a2-b6fc-",
      "symbol": "NVDA",
      "instrument_type": "EQUITY",
      "market": "US",
      "order_type": "LIMIT",
      "side": "BUY",
      "time_in_force": "DAY",
      "entrust_type": "QTY",
      "quantity": "0.007622",
      "support_trading_session": "ALL",
      "account_tax_type": "GENERAL",
      "limit_price": "196.78"
    },
    "account_id": "F8ISIGG74NU0C495ILNGG99D29"
  },
  "_uri_pattern": null,
  "_uri_params": null,
  "_content": "{\"stock_order\":{\"client_order_id\":\"ar-fcea52bb-8032-48a2-b6fc-\",\"symbol\":\"NVDA\",\"instrument_type\":\"EQUITY\",\"market\":\"US\",\"order_type\":\"LIMIT\",\"side\":\"BUY\",\"time_in_force\":\"DAY\",\"entrust_type\":\"QTY\",\"quantity\":\"0.007622\",\"support_trading_session\":\"ALL\",\"account_tax_type\":\"GENERAL\",\"limit_price\":\"196.78\"},\"account_id\":\"F8ISIGG74NU0C495ILNGG99D29\"}",
  "_extra_user_agent": {},
  "string_to_sign": "",
  "_request_connect_timeout": null,
  "_request_read_timeout": null,
  "endpoint": "api.webull.com",
  "_signer_spec": "<module 'webull.core.auth.algorithm.sha_hmac1' from '/root/.venv/lib/python3.11/site-packages/webull/core/auth/algorithm/sha_hmac1.py'>",
  "_stock_order": {
    "client_order_id": "ar-fcea52bb-8032-48a2-b6fc-",
    "symbol": "NVDA",
    "instrument_type": "EQUITY",
    "market": "US",
    "order_type": "LIMIT",
    "side": "BUY",
    "time_in_force": "DAY",
    "entrust_type": "QTY",
    "quantity": "0.007622",
    "support_trading_session": "ALL",
    "account_tax_type": "GENERAL",
    "limit_price": "196.78"
  }
} Response:{'message': 'The time you sent is not supported. Please check. ', 'error_code': 'INVALID_PARAMETER'} ServerException:HTTP Status: 417, Code: INVALID_PARAMETER, Msg: The time you sent is not supported. Please check. , RequestID: 0ddc3acc-8dbb-4414-9c02-37c09266cf2e
272681282695584 2026-07-06 02:33:28,754 webull.core.client ERROR get_response exception. {
  "error_code": "INVALID_PARAMETER",
  "error_msg": "The time you sent is not supported. Please check. ",
  "http_status": 417,
  "request_id": "0ddc3acc-8dbb-4414-9c02-37c09266cf2e"
}
272681265787296 2026-07-06 02:33:28,810 webull.core.client ERROR ServerException occurred. Host:api.webull.com SDK-Version:2.0.10 Request:{
  "_version": "v2",
  "_action_name": "/trade/order/place",
  "_protocol_type": "https",
  "_accept_format": "JSON",
  "_params": {},
  "_method": "POST",
  "_header": {
    "x-version": "v2",
    "Accept-Encoding": "gzip",
    "x-app-key": "bf67888c79f28465cba7afc02717dbcb",
    "x-timestamp": "2026-07-06T02:33:28Z",
    "x-signature-version": "1.0",
    "x-signature-algorithm": "HMAC-SHA1",
    "x-signature-nonce": "b98579c4-2931-5f05-ad71-a3d95a1b0f94",
    "x-signature": "TLUTvyQtTulLkRBbvTdZuB8R7wE=",
    "User-Agent": "WebullApiSDK (Linux 6.12.68+;aarch64) Python/3.11.15 Core/2.0.10 python-requests/2.33.1",
    "x-webull-client-source": "sdk",
    "Content-Length": "347",
    "Content-Type": "application/json"
  },
  "_body_params": {
    "stock_order": {
      "client_order_id": "ar-fcea52bb-8032-48a2-b6fc-",
      "symbol": "NVDA",
      "instrument_type": "EQUITY",
      "market": "US",
      "order_type": "LIMIT",
      "side": "BUY",
      "time_in_force": "DAY",
      "entrust_type": "QTY",
      "quantity": "0.007622",
      "support_trading_session": "ALL",
      "account_tax_type": "GENERAL",
      "limit_price": "196.78"
    },
    "account_id": "F8ISIGG74NU0C495ILNGG99D29"
  },
  "_uri_pattern": null,
  "_uri_params": null,
  "_content": "{\"stock_order\":{\"client_order_id\":\"ar-fcea52bb-8032-48a2-b6fc-\",\"symbol\":\"NVDA\",\"instrument_type\":\"EQUITY\",\"market\":\"US\",\"order_type\":\"LIMIT\",\"side\":\"BUY\",\"time_in_force\":\"DAY\",\"entrust_type\":\"QTY\",\"quantity\":\"0.007622\",\"support_trading_session\":\"ALL\",\"account_tax_type\":\"GENERAL\",\"limit_price\":\"196.78\"},\"account_id\":\"F8ISIGG74NU0C495ILNGG99D29\"}",
  "_extra_user_agent": {},
  "string_to_sign": "",
  "_request_connect_timeout": null,
  "_request_read_timeout": null,
  "endpoint": "api.webull.com",
  "_signer_spec": "<module 'webull.core.auth.algorithm.sha_hmac1' from '/root/.venv/lib/python3.11/site-packages/webull/core/auth/algorithm/sha_hmac1.py'>",
  "_stock_order": {
    "client_order_id": "ar-fcea52bb-8032-48a2-b6fc-",
    "symbol": "NVDA",
    "instrument_type": "EQUITY",
    "market": "US",
    "order_type": "LIMIT",
    "side": "BUY",
    "time_in_force": "DAY",
    "entrust_type": "QTY",
    "quantity": "0.007622",
    "support_trading_session": "ALL",
    "account_tax_type": "GENERAL",
    "limit_price": "196.78"
  }
} Response:{'message': 'The time you sent is not supported. Please check. ', 'error_code': 'INVALID_PARAMETER'} ServerException:HTTP Status: 417, Code: INVALID_PARAMETER, Msg: The time you sent is not supported. Please check. , RequestID: c24ae7b1-423a-4dd3-a99b-582ff4e94d0f
272681265787296 2026-07-06 02:33:28,810 webull.core.client ERROR get_response exception. {
  "error_code": "INVALID_PARAMETER",
  "error_msg": "The time you sent is not supported. Please check. ",
  "http_status": 417,
  "request_id": "c24ae7b1-423a-4dd3-a99b-582ff4e94d0f"
}
272680695624096 2026-07-06 02:33:28,814 webull.core.client ERROR ServerException occurred. Host:api.webull.com SDK-Version:2.0.10 Request:{
  "_version": "v2",
  "_action_name": "/trade/order/place",
  "_protocol_type": "https",
  "_accept_format": "JSON",
  "_params": {},
  "_method": "POST",
  "_header": {
    "x-version": "v2",
    "Accept-Encoding": "gzip",
    "x-app-key": "bf67888c79f28465cba7afc02717dbcb",
    "x-timestamp": "2026-07-06T02:33:28Z",
    "x-signature-version": "1.0",
    "x-signature-algorithm": "HMAC-SHA1",
    "x-signature-nonce": "aa8712d2-ea0f-5e69-9225-c31b7558e368",
    "x-signature": "INkrpae7MXe7VuN5VfiruwDQTb0=",
    "User-Agent": "WebullApiSDK (Linux 6.12.68+;aarch64) Python/3.11.15 Core/2.0.10 python-requests/2.33.1",
    "x-webull-client-source": "sdk",
    "Content-Length": "347",
    "Content-Type": "application/json"
  },
  "_body_params": {
    "stock_order": {
      "client_order_id": "ar-fcea52bb-8032-48a2-b6fc-",
      "symbol": "NVDA",
      "instrument_type": "EQUITY",
      "market": "US",
      "order_type": "LIMIT",
      "side": "BUY",
      "time_in_force": "DAY",
      "entrust_type": "QTY",
      "quantity": "0.007622",
      "support_trading_session": "ALL",
      "account_tax_type": "GENERAL",
      "limit_price": "196.78"
    },
    "account_id": "F8ISIGG74NU0C495ILNGG99D29"
  },
  "_uri_pattern": null,
  "_uri_params": null,
  "_content": "{\"stock_order\":{\"client_order_id\":\"ar-fcea52bb-8032-48a2-b6fc-\",\"symbol\":\"NVDA\",\"instrument_type\":\"EQUITY\",\"market\":\"US\",\"order_type\":\"LIMIT\",\"side\":\"BUY\",\"time_in_force\":\"DAY\",\"entrust_type\":\"QTY\",\"quantity\":\"0.007622\",\"support_trading_session\":\"ALL\",\"account_tax_type\":\"GENERAL\",\"limit_price\":\"196.78\"},\"account_id\":\"F8ISIGG74NU0C495ILNGG99D29\"}",
  "_extra_user_agent": {},
  "string_to_sign": "",
  "_request_connect_timeout": null,
  "_request_read_timeout": null,
  "endpoint": "api.webull.com",
  "_signer_spec": "<module 'webull.core.auth.algorithm.sha_hmac1' from '/root/.venv/lib/python3.11/site-packages/webull/core/auth/algorithm/sha_hmac1.py'>",
  "_stock_order": {
    "client_order_id": "ar-fcea52bb-8032-48a2-b6fc-",
    "symbol": "NVDA",
    "instrument_type": "EQUITY",
    "market": "US",
    "order_type": "LIMIT",
    "side": "BUY",
    "time_in_force": "DAY",
    "entrust_type": "QTY",
    "quantity": "0.007622",
    "support_trading_session": "ALL",
    "account_tax_type": "GENERAL",
    "limit_price": "196.78"
  }
} Response:{'message': 'The time you sent is not supported. Please check. ', 'error_code': 'INVALID_PARAMETER'} ServerException:HTTP Status: 417, Code: INVALID_PARAMETER, Msg: The time you sent is not supported. Please check. , RequestID: 07f66600-c561-4b92-9c48-c88977621ddf
272680695624096 2026-07-06 02:33:28,815 webull.core.client ERROR get_response exception. {
  "error_code": "INVALID_PARAMETER",
  "error_msg": "The time you sent is not supported. Please check. ",
  "http_status": 417,
  "request_id": "07f66600-c561-4b92-9c48-c88977621ddf"
}
272681257333152 2026-07-06 02:33:28,913 webull.core.client ERROR ServerException occurred. Host:api.webull.com SDK-Version:2.0.10 Request:{
  "_version": "v2",
  "_action_name": "/openapi/assets/balance",
  "_protocol_type": "https",
  "_accept_format": "JSON",
  "_params": {
    "account_id": "F8ISIGG74NU0C495ILNGG99D29"
  },
  "_method": "GET",
  "_header": {
    "x-version": "v2",
    "Accept-Encoding": "gzip",
    "x-app-key": "bf67888c79f28465cba7afc02717dbcb",
    "x-timestamp": "2026-07-06T02:33:28Z",
    "x-signature-version": "1.0",
    "x-signature-algorithm": "HMAC-SHA1",
    "x-signature-nonce": "0e603df6-9a85-5aa9-b04e-86b7040c24b1",
    "x-signature": "obUl4ChNKE+cBExTWNGVkAPsfwg=",
    "User-Agent": "WebullApiSDK (Linux 6.12.68+;aarch64) Python/3.11.15 Core/2.0.10 python-requests/2.33.1",
    "x-webull-client-source": "sdk"
  },
  "_body_params": null,
  "_uri_pattern": null,
  "_uri_params": null,
  "_content": null,
  "_extra_user_agent": {},
  "string_to_sign": "",
  "_request_connect_timeout": null,
  "_request_read_timeout": null,
  "endpoint": "api.webull.com",
  "_signer_spec": "<module 'webull.core.auth.algorithm.sha_hmac1' from '/root/.venv/lib/python3.11/site-packages/webull/core/auth/algorithm/sha_hmac1.py'>"
} Response:{'message': 'Too many requests', 'error_code': 'TOO_MANY_REQUESTS'} ServerException:HTTP Status: 429, Code: TOO_MANY_REQUESTS, Msg: Too many requests, RequestID: 1b1e2f6a-509d-417a-bceb-67267afb049e
272681257333152 2026-07-06 02:33:28,913 webull.core.client ERROR get_response exception. {
  "error_code": "TOO_MANY_REQUESTS",
  "error_msg": "Too many requests",
  "http_status": 429,
  "request_id": "1b1e2f6a-509d-417a-bceb-67267afb049e"
}
272681653240224 2026-07-06 02:33:28,918 webull.core.client ERROR ServerException occurred. Host:api.webull.com SDK-Version:2.0.10 Request:{
  "_version": "v2",
  "_action_name": "/openapi/assets/balance",
  "_protocol_type": "https",
  "_accept_format": "JSON",
  "_params": {
    "account_id": "F8ISIGG74NU0C495ILNGG99D29"
  },
  "_method": "GET",
  "_header": {
    "x-version": "v2",
    "Accept-Encoding": "gzip",
    "x-app-key": "bf67888c79f28465cba7afc02717dbcb",
    "x-timestamp": "2026-07-06T02:33:28Z",
    "x-signature-version": "1.0",
    "x-signature-algorithm": "HMAC-SHA1",
    "x-signature-nonce": "9b77ab58-1d8c-54b0-ae52-09a43c87983d",
    "x-signature": "Z/jqjS2TVfzep/pNBtW6M8syK94=",
    "User-Agent": "WebullApiSDK (Linux 6.12.68+;aarch64) Python/3.11.15 Core/2.0.10 python-requests/2.33.1",
    "x-webull-client-source": "sdk"
  },
  "_body_params": null,
  "_uri_pattern": null,
  "_uri_params": null,
  "_content": null,
  "_extra_user_agent": {},
  "string_to_sign": "",
  "_request_connect_timeout": null,
  "_request_read_timeout": null,
  "endpoint": "api.webull.com",
  "_signer_spec": "<module 'webull.core.auth.algorithm.sha_hmac1' from '/root/.venv/lib/python3.11/site-packages/webull/core/auth/algorithm/sha_hmac1.py'>"
} Response:{'error_code': 'TOO_MANY_REQUESTS', 'message': 'Too many requests'} ServerException:HTTP Status: 429, Code: TOO_MANY_REQUESTS, Msg: Too many requests, RequestID: 350752e1-228e-46f4-9e92-3da34a4a63fe
272681653240224 2026-07-06 02:33:28,918 webull.core.client ERROR get_response exception. {
  "error_code": "TOO_MANY_REQUESTS",
  "error_msg": "Too many requests",
  "http_status": 429,
  "request_id": "350752e1-228e-46f4-9e92-3da34a4a63fe"
}
272681248879008 2026-07-06 02:33:29,001 webull.core.client ERROR ServerException occurred. Host:api.webull.com SDK-Version:2.0.10 Request:{
  "_version": "v2",
  "_action_name": "/openapi/assets/balance",
  "_protocol_type": "https",
  "_accept_format": "JSON",
  "_params": {
    "account_id": "F8ISIGG74NU0C495ILNGG99D29"
  },
  "_method": "GET",
  "_header": {
    "x-version": "v2",
    "Accept-Encoding": "gzip",
    "x-app-key": "bf67888c79f28465cba7afc02717dbcb",
    "x-timestamp": "2026-07-06T02:33:28Z",
    "x-signature-version": "1.0",
    "x-signature-algorithm": "HMAC-SHA1",
    "x-signature-nonce": "4be722ab-9451-56cf-b096-b6f09f63aece",
    "x-signature": "2S54cfErVdOSaTKNoxuliQRWjr8=",
    "User-Agent": "WebullApiSDK (Linux 6.12.68+;aarch64) Python/3.11.15 Core/2.0.10 python-requests/2.33.1",
    "x-webull-client-source": "sdk"
  },
  "_body_params": null,
  "_uri_pattern": null,
  "_uri_params": null,
  "_content": null,
  "_extra_user_agent": {},
  "string_to_sign": "",
  "_request_connect_timeout": null,
  "_request_read_timeout": null,
  "endpoint": "api.webull.com",
  "_signer_spec": "<module 'webull.core.auth.algorithm.sha_hmac1' from '/root/.venv/lib/python3.11/site-packages/webull/core/auth/algorithm/sha_hmac1.py'>"
} Response:{'message': 'Too many requests', 'error_code': 'TOO_MANY_REQUESTS'} ServerException:HTTP Status: 429, Code: TOO_MANY_REQUESTS, Msg: Too many requests, RequestID: 43d7f1e0-f45b-471e-bee3-a7da2a73cffc
272681248879008 2026-07-06 02:33:29,002 webull.core.client ERROR get_response exception. {
  "error_code": "TOO_MANY_REQUESTS",
  "error_msg": "Too many requests",
  "http_status": 429,
  "request_id": "43d7f1e0-f45b-471e-bee3-a7da2a73cffc"
}
272681282695584 2026-07-06 02:33:29,010 webull.core.client ERROR ServerException occurred. Host:api.webull.com SDK-Version:2.0.10 Request:{
  "_version": "v2",
  "_action_name": "/openapi/assets/balance",
  "_protocol_type": "https",
  "_accept_format": "JSON",
  "_params": {
    "account_id": "F8ISIGG74NU0C495ILNGG99D29"
  },
  "_method": "GET",
  "_header": {
    "x-version": "v2",
    "Accept-Encoding": "gzip",
    "x-app-key": "bf67888c79f28465cba7afc02717dbcb",
    "x-timestamp": "2026-07-06T02:33:28Z",
    "x-signature-version": "1.0",
    "x-signature-algorithm": "HMAC-SHA1",
    "x-signature-nonce": "f2c8768c-f104-5e04-9938-2e7d6ccf8449",
    "x-signature": "tFOZSn34ym8eo1DpMazACSTYMhM=",
    "User-Agent": "WebullApiSDK (Linux 6.12.68+;aarch64) Python/3.11.15 Core/2.0.10 python-requests/2.33.1",
    "x-webull-client-source": "sdk"
  },
  "_body_params": null,
  "_uri_pattern": null,
  "_uri_params": null,
  "_content": null,
  "_extra_user_agent": {},
  "string_to_sign": "",
  "_request_connect_timeout": null,
  "_request_read_timeout": null,
  "endpoint": "api.webull.com",
  "_signer_spec": "<module 'webull.core.auth.algorithm.sha_hmac1' from '/root/.venv/lib/python3.11/site-packages/webull/core/auth/algorithm/sha_hmac1.py'>"
} Response:{'message': 'Too many requests', 'error_code': 'TOO_MANY_REQUESTS'} ServerException:HTTP Status: 429, Code: TOO_MANY_REQUESTS, Msg: Too many requests, RequestID: ea0e125c-6218-49e5-a4c6-894d870bccfe
272681282695584 2026-07-06 02:33:29,010 webull.core.client ERROR get_response exception. {
  "error_code": "TOO_MANY_REQUESTS",
  "error_msg": "Too many requests",
  "http_status": 429,
  "request_id": "ea0e125c-6218-49e5-a4c6-894d870bccfe"
}
272680695624096 2026-07-06 02:33:29,037 webull.core.client ERROR ServerException occurred. Host:api.webull.com SDK-Version:2.0.10 Request:{
  "_version": "v2",
  "_action_name": "/trade/order/place",
  "_protocol_type": "https",
  "_accept_format": "JSON",
  "_params": {},
  "_method": "POST",
  "_header": {
    "x-version": "v2",
    "Accept-Encoding": "gzip",
    "x-app-key": "bf67888c79f28465cba7afc02717dbcb",
    "x-timestamp": "2026-07-06T02:33:28Z",
    "x-signature-version": "1.0",
    "x-signature-algorithm": "HMAC-SHA1",
    "x-signature-nonce": "3ae93ddb-d010-5857-9a66-57bd4d1efe2d",
    "x-signature": "J5DkNYIFLpXonKl+XYxfReoswoM=",
    "User-Agent": "WebullApiSDK (Linux 6.12.68+;aarch64) Python/3.11.15 Core/2.0.10 python-requests/2.33.1",
    "x-webull-client-source": "sdk",
    "Content-Length": "347",
    "Content-Type": "application/json"
  },
  "_body_params": {
    "stock_order": {
      "client_order_id": "ar-90be3552-d717-457d-a017-",
      "symbol": "NVDA",
      "instrument_type": "EQUITY",
      "market": "US",
      "order_type": "LIMIT",
      "side": "BUY",
      "time_in_force": "DAY",
      "entrust_type": "QTY",
      "quantity": "0.007622",
      "support_trading_session": "ALL",
      "account_tax_type": "GENERAL",
      "limit_price": "196.78"
    },
    "account_id": "F8ISIGG74NU0C495ILNGG99D29"
  },
  "_uri_pattern": null,
  "_uri_params": null,
  "_content": "{\"stock_order\":{\"client_order_id\":\"ar-90be3552-d717-457d-a017-\",\"symbol\":\"NVDA\",\"instrument_type\":\"EQUITY\",\"market\":\"US\",\"order_type\":\"LIMIT\",\"side\":\"BUY\",\"time_in_force\":\"DAY\",\"entrust_type\":\"QTY\",\"quantity\":\"0.007622\",\"support_trading_session\":\"ALL\",\"account_tax_type\":\"GENERAL\",\"limit_price\":\"196.78\"},\"account_id\":\"F8ISIGG74NU0C495ILNGG99D29\"}",
  "_extra_user_agent": {},
  "string_to_sign": "",
  "_request_connect_timeout": null,
  "_request_read_timeout": null,
  "endpoint": "api.webull.com",
  "_signer_spec": "<module 'webull.core.auth.algorithm.sha_hmac1' from '/root/.venv/lib/python3.11/site-packages/webull/core/auth/algorithm/sha_hmac1.py'>",
  "_stock_order": {
    "client_order_id": "ar-90be3552-d717-457d-a017-",
    "symbol": "NVDA",
    "instrument_type": "EQUITY",
    "market": "US",
    "order_type": "LIMIT",
    "side": "BUY",
    "time_in_force": "DAY",
    "entrust_type": "QTY",
    "quantity": "0.007622",
    "support_trading_session": "ALL",
    "account_tax_type": "GENERAL",
    "limit_price": "196.78"
  }
} Response:{'message': 'The time you sent is not supported. Please check. ', 'error_code': 'INVALID_PARAMETER'} ServerException:HTTP Status: 417, Code: INVALID_PARAMETER, Msg: The time you sent is not supported. Please check. , RequestID: ce5b7d0a-9e2e-4c8d-bbe2-a50ab1b7836f
272680695624096 2026-07-06 02:33:29,039 webull.core.client ERROR get_response exception. {
  "error_code": "INVALID_PARAMETER",
  "error_msg": "The time you sent is not supported. Please check. ",
  "http_status": 417,
  "request_id": "ce5b7d0a-9e2e-4c8d-bbe2-a50ab1b7836f"
}
272681291149728 2026-07-06 02:33:29,046 webull.core.client ERROR ServerException occurred. Host:api.webull.com SDK-Version:2.0.10 Request:{
  "_version": "v2",
  "_action_name": "/trade/order/place",
  "_protocol_type": "https",
  "_accept_format": "JSON",
  "_params": {},
  "_method": "POST",
  "_header": {
    "x-version": "v2",
    "Accept-Encoding": "gzip",
    "x-app-key": "bf67888c79f28465cba7afc02717dbcb",
    "x-timestamp": "2026-07-06T02:33:28Z",
    "x-signature-version": "1.0",
    "x-signature-algorithm": "HMAC-SHA1",
    "x-signature-nonce": "883b54d5-2f44-5545-aeac-9f0ca66a8f3a",
    "x-signature": "gZ+aeUtbYZl9to9/q8axBkXmI9E=",
    "User-Agent": "WebullApiSDK (Linux 6.12.68+;aarch64) Python/3.11.15 Core/2.0.10 python-requests/2.33.1",
    "x-webull-client-source": "sdk",
    "Content-Length": "347",
    "Content-Type": "application/json"
  },
  "_body_params": {
    "stock_order": {
      "client_order_id": "ar-90be3552-d717-457d-a017-",
      "symbol": "NVDA",
      "instrument_type": "EQUITY",
      "market": "US",
      "order_type": "LIMIT",
      "side": "BUY",
      "time_in_force": "DAY",
      "entrust_type": "QTY",
      "quantity": "0.007622",
      "support_trading_session": "ALL",
      "account_tax_type": "GENERAL",
      "limit_price": "196.78"
    },
    "account_id": "F8ISIGG74NU0C495ILNGG99D29"
  },
  "_uri_pattern": null,
  "_uri_params": null,
  "_content": "{\"stock_order\":{\"client_order_id\":\"ar-90be3552-d717-457d-a017-\",\"symbol\":\"NVDA\",\"instrument_type\":\"EQUITY\",\"market\":\"US\",\"order_type\":\"LIMIT\",\"side\":\"BUY\",\"time_in_force\":\"DAY\",\"entrust_type\":\"QTY\",\"quantity\":\"0.007622\",\"support_trading_session\":\"ALL\",\"account_tax_type\":\"GENERAL\",\"limit_price\":\"196.78\"},\"account_id\":\"F8ISIGG74NU0C495ILNGG99D29\"}",
  "_extra_user_agent": {},
  "string_to_sign": "",
  "_request_connect_timeout": null,
  "_request_read_timeout": null,
  "endpoint": "api.webull.com",
  "_signer_spec": "<module 'webull.core.auth.algorithm.sha_hmac1' from '/root/.venv/lib/python3.11/site-packages/webull/core/auth/algorithm/sha_hmac1.py'>",
  "_stock_order": {
    "client_order_id": "ar-90be3552-d717-457d-a017-",
    "symbol": "NVDA",
    "instrument_type": "EQUITY",
    "market": "US",
    "order_type": "LIMIT",
    "side": "BUY",
    "time_in_force": "DAY",
    "entrust_type": "QTY",
    "quantity": "0.007622",
    "support_trading_session": "ALL",
    "account_tax_type": "GENERAL",
    "limit_price": "196.78"
  }
} Response:{'message': 'The time you sent is not supported. Please check. ', 'error_code': 'INVALID_PARAMETER'} ServerException:HTTP Status: 417, Code: INVALID_PARAMETER, Msg: The time you sent is not supported. Please check. , RequestID: 380ec5c4-6c1b-4f26-a1cf-cd45e64614b3
272681291149728 2026-07-06 02:33:29,046 webull.core.client ERROR get_response exception. {
  "error_code": "INVALID_PARAMETER",
  "error_msg": "The time you sent is not supported. Please check. ",
  "http_status": 417,
  "request_id": "380ec5c4-6c1b-4f26-a1cf-cd45e64614b3"
}
272681299603872 2026-07-06 02:33:29,109 webull.core.client ERROR ServerException occurred. Host:api.webull.com SDK-Version:2.0.10 Request:{
  "_version": "v2",
  "_action_name": "/trade/order/place",
  "_protocol_type": "https",
  "_accept_format": "JSON",
  "_params": {},
  "_method": "POST",
  "_header": {
    "x-version": "v2",
    "Accept-Encoding": "gzip",
    "x-app-key": "bf67888c79f28465cba7afc02717dbcb",
    "x-timestamp": "2026-07-06T02:33:29Z",
    "x-signature-version": "1.0",
    "x-signature-algorithm": "HMAC-SHA1",
    "x-signature-nonce": "b641cebc-0472-5419-99e4-1481681a3945",
    "x-signature": "xJHvtaHV67jkVA/uIGBGeQ3EJG0=",
    "User-Agent": "WebullApiSDK (Linux 6.12.68+;aarch64) Python/3.11.15 Core/2.0.10 python-requests/2.33.1",
    "x-webull-client-source": "sdk",
    "Content-Length": "347",
    "Content-Type": "application/json"
  },
  "_body_params": {
    "stock_order": {
      "client_order_id": "ar-90be3552-d717-457d-a017-",
      "symbol": "NVDA",
      "instrument_type": "EQUITY",
      "market": "US",
      "order_type": "LIMIT",
      "side": "BUY",
      "time_in_force": "DAY",
      "entrust_type": "QTY",
      "quantity": "0.007622",
      "support_trading_session": "ALL",
      "account_tax_type": "GENERAL",
      "limit_price": "196.78"
    },
    "account_id": "F8ISIGG74NU0C495ILNGG99D29"
  },
  "_uri_pattern": null,
  "_uri_params": null,
  "_content": "{\"stock_order\":{\"client_order_id\":\"ar-90be3552-d717-457d-a017-\",\"symbol\":\"NVDA\",\"instrument_type\":\"EQUITY\",\"market\":\"US\",\"order_type\":\"LIMIT\",\"side\":\"BUY\",\"time_in_force\":\"DAY\",\"entrust_type\":\"QTY\",\"quantity\":\"0.007622\",\"support_trading_session\":\"ALL\",\"account_tax_type\":\"GENERAL\",\"limit_price\":\"196.78\"},\"account_id\":\"F8ISIGG74NU0C495ILNGG99D29\"}",
  "_extra_user_agent": {},
  "string_to_sign": "",
  "_request_connect_timeout": null,
  "_request_read_timeout": null,
  "endpoint": "api.webull.com",
  "_signer_spec": "<module 'webull.core.auth.algorithm.sha_hmac1' from '/root/.venv/lib/python3.11/site-packages/webull/core/auth/algorithm/sha_hmac1.py'>",
  "_stock_order": {
    "client_order_id": "ar-90be3552-d717-457d-a017-",
    "symbol": "NVDA",
    "instrument_type": "EQUITY",
    "market": "US",
    "order_type": "LIMIT",
    "side": "BUY",
    "time_in_force": "DAY",
    "entrust_type": "QTY",
    "quantity": "0.007622",
    "support_trading_session": "ALL",
    "account_tax_type": "GENERAL",
    "limit_price": "196.78"
  }
} Response:{'message': 'The time you sent is not supported. Please check. ', 'error_code': 'INVALID_PARAMETER'} ServerException:HTTP Status: 417, Code: INVALID_PARAMETER, Msg: The time you sent is not supported. Please check. , RequestID: 4a64c836-6172-44e2-bfe6-a698f0c4ab83
272681299603872 2026-07-06 02:33:29,109 webull.core.client ERROR get_response exception. {
  "error_code": "INVALID_PARAMETER",
  "error_msg": "The time you sent is not supported. Please check. ",
  "http_status": 417,
  "request_id": "4a64c836-6172-44e2-bfe6-a698f0c4ab83"
}
272681265787296 2026-07-06 02:33:29,110 webull.core.client ERROR ServerException occurred. Host:api.webull.com SDK-Version:2.0.10 Request:{
  "_version": "v2",
  "_action_name": "/trade/order/place",
  "_protocol_type": "https",
  "_accept_format": "JSON",
  "_params": {},
  "_method": "POST",
  "_header": {
    "x-version": "v2",
    "Accept-Encoding": "gzip",
    "x-app-key": "bf67888c79f28465cba7afc02717dbcb",
    "x-timestamp": "2026-07-06T02:33:29Z",
    "x-signature-version": "1.0",
    "x-signature-algorithm": "HMAC-SHA1",
    "x-signature-nonce": "158dede2-ec98-5ab8-8886-f291476dc18b",
    "x-signature": "zEuTBHBB4LWMckxhfAPoEcYfdsk=",
    "User-Agent": "WebullApiSDK (Linux 6.12.68+;aarch64) Python/3.11.15 Core/2.0.10 python-requests/2.33.1",
    "x-webull-client-source": "sdk",
    "Content-Length": "347",
    "Content-Type": "application/json"
  },
  "_body_params": {
    "stock_order": {
      "client_order_id": "ar-90be3552-d717-457d-a017-",
      "symbol": "NVDA",
      "instrument_type": "EQUITY",
      "market": "US",
      "order_type": "LIMIT",
      "side": "BUY",
      "time_in_force": "DAY",
      "entrust_type": "QTY",
      "quantity": "0.007622",
      "support_trading_session": "ALL",
      "account_tax_type": "GENERAL",
      "limit_price": "196.78"
    },
    "account_id": "F8ISIGG74NU0C495ILNGG99D29"
  },
  "_uri_pattern": null,
  "_uri_params": null,
  "_content": "{\"stock_order\":{\"client_order_id\":\"ar-90be3552-d717-457d-a017-\",\"symbol\":\"NVDA\",\"instrument_type\":\"EQUITY\",\"market\":\"US\",\"order_type\":\"LIMIT\",\"side\":\"BUY\",\"time_in_force\":\"DAY\",\"entrust_type\":\"QTY\",\"quantity\":\"0.007622\",\"support_trading_session\":\"ALL\",\"account_tax_type\":\"GENERAL\",\"limit_price\":\"196.78\"},\"account_id\":\"F8ISIGG74NU0C495ILNGG99D29\"}",
  "_extra_user_agent": {},
  "string_to_sign": "",
  "_request_connect_timeout": null,
  "_request_read_timeout": null,
  "endpoint": "api.webull.com",
  "_signer_spec": "<module 'webull.core.auth.algorithm.sha_hmac1' from '/root/.venv/lib/python3.11/site-packages/webull/core/auth/algorithm/sha_hmac1.py'>",
  "_stock_order": {
    "client_order_id": "ar-90be3552-d717-457d-a017-",
    "symbol": "NVDA",
    "instrument_type": "EQUITY",
    "market": "US",
    "order_type": "LIMIT",
    "side": "BUY",
    "time_in_force": "DAY",
    "entrust_type": "QTY",
    "quantity": "0.007622",
    "support_trading_session": "ALL",
    "account_tax_type": "GENERAL",
    "limit_price": "196.78"
  }
} Response:{'message': 'The time you sent is not supported. Please check. ', 'error_code': 'INVALID_PARAMETER'} ServerException:HTTP Status: 417, Code: INVALID_PARAMETER, Msg: The time you sent is not supported. Please check. , RequestID: 3bacfb14-f6da-481b-a406-2d636d72df52
272681265787296 2026-07-06 02:33:29,111 webull.core.client ERROR get_response exception. {
  "error_code": "INVALID_PARAMETER",
  "error_msg": "The time you sent is not supported. Please check. ",
  "http_status": 417,
  "request_id": "3bacfb14-f6da-481b-a406-2d636d72df52"
}
272681274241440 2026-07-06 02:33:29,209 webull.core.client ERROR ServerException occurred. Host:api.webull.com SDK-Version:2.0.10 Request:{
  "_version": "v2",
  "_action_name": "/openapi/assets/balance",
  "_protocol_type": "https",
  "_accept_format": "JSON",
  "_params": {
    "account_id": "F8ISIGG74NU0C495ILNGG99D29"
  },
  "_method": "GET",
  "_header": {
    "x-version": "v2",
    "Accept-Encoding": "gzip",
    "x-app-key": "bf67888c79f28465cba7afc02717dbcb",
    "x-timestamp": "2026-07-06T02:33:29Z",
    "x-signature-version": "1.0",
    "x-signature-algorithm": "HMAC-SHA1",
    "x-signature-nonce": "6e2a9dec-c260-5a2e-b724-176d70d57496",
    "x-signature": "P16YOhZxu8DBP4OL5AZYbvbZ8wM=",
    "User-Agent": "WebullApiSDK (Linux 6.12.68+;aarch64) Python/3.11.15 Core/2.0.10 python-requests/2.33.1",
    "x-webull-client-source": "sdk"
  },
  "_body_params": null,
  "_uri_pattern": null,
  "_uri_params": null,
  "_content": null,
  "_extra_user_agent": {},
  "string_to_sign": "",
  "_request_connect_timeout": null,
  "_request_read_timeout": null,
  "endpoint": "api.webull.com",
  "_signer_spec": "<module 'webull.core.auth.algorithm.sha_hmac1' from '/root/.venv/lib/python3.11/site-packages/webull/core/auth/algorithm/sha_hmac1.py'>"
} Response:{'error_code': 'TOO_MANY_REQUESTS', 'message': 'Too many requests'} ServerException:HTTP Status: 429, Code: TOO_MANY_REQUESTS, Msg: Too many requests, RequestID: 106abb3e-19aa-4c9a-b15a-e2bca773e416
272681257333152 2026-07-06 02:33:29,211 webull.core.client ERROR ServerException occurred. Host:api.webull.com SDK-Version:2.0.10 Request:{
  "_version": "v2",
  "_action_name": "/openapi/assets/balance",
  "_protocol_type": "https",
  "_accept_format": "JSON",
  "_params": {
    "account_id": "F8ISIGG74NU0C495ILNGG99D29"
  },
  "_method": "GET",
  "_header": {
    "x-version": "v2",
    "Accept-Encoding": "gzip",
    "x-app-key": "bf67888c79f28465cba7afc02717dbcb",
    "x-timestamp": "2026-07-06T02:33:29Z",
    "x-signature-version": "1.0",
    "x-signature-algorithm": "HMAC-SHA1",
    "x-signature-nonce": "1dc542b6-65e0-5222-8eb4-9af7e53b3933",
    "x-signature": "97mei7q7VFcEDYtE69bSgJTPxk4=",
    "User-Agent": "WebullApiSDK (Linux 6.12.68+;aarch64) Python/3.11.15 Core/2.0.10 python-requests/2.33.1",
    "x-webull-client-source": "sdk"
  },
  "_body_params": null,
  "_uri_pattern": null,
  "_uri_params": null,
  "_content": null,
  "_extra_user_agent": {},
  "string_to_sign": "",
  "_request_connect_timeout": null,
  "_request_read_timeout": null,
  "endpoint": "api.webull.com",
  "_signer_spec": "<module 'webull.core.auth.algorithm.sha_hmac1' from '/root/.venv/lib/python3.11/site-packages/webull/core/auth/algorithm/sha_hmac1.py'>"
} Response:{'message': 'Too many requests', 'error_code': 'TOO_MANY_REQUESTS'} ServerException:HTTP Status: 429, Code: TOO_MANY_REQUESTS, Msg: Too many requests, RequestID: 236f9e85-794a-4a4e-9aed-3d0a823c1fd8
272681274241440 2026-07-06 02:33:29,212 webull.core.client ERROR get_response exception. {
  "error_code": "TOO_MANY_REQUESTS",
  "error_msg": "Too many requests",
  "http_status": 429,
  "request_id": "106abb3e-19aa-4c9a-b15a-e2bca773e416"
}
272681257333152 2026-07-06 02:33:29,212 webull.core.client ERROR get_response exception. {
  "error_code": "TOO_MANY_REQUESTS",
  "error_msg": "Too many requests",
  "http_status": 429,
  "request_id": "236f9e85-794a-4a4e-9aed-3d0a823c1fd8"
}
272680695624096 2026-07-06 02:33:29,284 webull.core.client ERROR ServerException occurred. Host:api.webull.com SDK-Version:2.0.10 Request:{
  "_version": "v2",
  "_action_name": "/openapi/assets/balance",
  "_protocol_type": "https",
  "_accept_format": "JSON",
  "_params": {
    "account_id": "F8ISIGG74NU0C495ILNGG99D29"
  },
  "_method": "GET",
  "_header": {
    "x-version": "v2",
    "Accept-Encoding": "gzip",
    "x-app-key": "bf67888c79f28465cba7afc02717dbcb",
    "x-timestamp": "2026-07-06T02:33:29Z",
    "x-signature-version": "1.0",
    "x-signature-algorithm": "HMAC-SHA1",
    "x-signature-nonce": "faaff62b-228a-55a0-adeb-d8e9383f1085",
    "x-signature": "kKMOBmzlDd3JPtI1O9LJ2OijkZI=",
    "User-Agent": "WebullApiSDK (Linux 6.12.68+;aarch64) Python/3.11.15 Core/2.0.10 python-requests/2.33.1",
    "x-webull-client-source": "sdk"
  },
  "_body_params": null,
  "_uri_pattern": null,
  "_uri_params": null,
  "_content": null,
  "_extra_user_agent": {},
  "string_to_sign": "",
  "_request_connect_timeout": null,
  "_request_read_timeout": null,
  "endpoint": "api.webull.com",
  "_signer_spec": "<module 'webull.core.auth.algorithm.sha_hmac1' from '/root/.venv/lib/python3.11/site-packages/webull/core/auth/algorithm/sha_hmac1.py'>"
} Response:{'error_code': 'TOO_MANY_REQUESTS', 'message': 'Too many requests'} ServerException:HTTP Status: 429, Code: TOO_MANY_REQUESTS, Msg: Too many requests, RequestID: 71af62f0-f69c-445b-a3c4-12efe27cd613
272680695624096 2026-07-06 02:33:29,284 webull.core.client ERROR get_response exception. {
  "error_code": "TOO_MANY_REQUESTS",
  "error_msg": "Too many requests",
  "http_status": 429,
  "request_id": "71af62f0-f69c-445b-a3c4-12efe27cd613"
}
272681653240224 2026-07-06 02:33:29,299 webull.core.client ERROR ServerException occurred. Host:api.webull.com SDK-Version:2.0.10 Request:{
  "_version": "v2",
  "_action_name": "/openapi/assets/balance",
  "_protocol_type": "https",
  "_accept_format": "JSON",
  "_params": {
    "account_id": "F8ISIGG74NU0C495ILNGG99D29"
  },
  "_method": "GET",
  "_header": {
    "x-version": "v2",
    "Accept-Encoding": "gzip",
    "x-app-key": "bf67888c79f28465cba7afc02717dbcb",
    "x-timestamp": "2026-07-06T02:33:29Z",
    "x-signature-version": "1.0",
    "x-signature-algorithm": "HMAC-SHA1",
    "x-signature-nonce": "450edd0f-73b0-5a19-b8fc-8728d443686b",
    "x-signature": "gqAanR2nYUgPj+7MsssT6mWeDjA=",
    "User-Agent": "WebullApiSDK (Linux 6.12.68+;aarch64) Python/3.11.15 Core/2.0.10 python-requests/2.33.1",
    "x-webull-client-source": "sdk"
  },
  "_body_params": null,
  "_uri_pattern": null,
  "_uri_params": null,
  "_content": null,
  "_extra_user_agent": {},
  "string_to_sign": "",
  "_request_connect_timeout": null,
  "_request_read_timeout": null,
  "endpoint": "api.webull.com",
  "_signer_spec": "<module 'webull.core.auth.algorithm.sha_hmac1' from '/root/.venv/lib/python3.11/site-packages/webull/core/auth/algorithm/sha_hmac1.py'>"
} Response:{'error_code': 'TOO_MANY_REQUESTS', 'message': 'Too many requests'} ServerException:HTTP Status: 429, Code: TOO_MANY_REQUESTS, Msg: Too many requests, RequestID: c550027d-e799-4766-a201-195ad3bcae9a
272681653240224 2026-07-06 02:33:29,299 webull.core.client ERROR get_response exception. {
  "error_code": "TOO_MANY_REQUESTS",
  "error_msg": "Too many requests",
  "http_status": 429,
  "request_id": "c550027d-e799-4766-a201-195ad3bcae9a"
}
272681282695584 2026-07-06 02:33:29,341 webull.core.client ERROR ServerException occurred. Host:api.webull.com SDK-Version:2.0.10 Request:{
  "_version": "v2",
  "_action_name": "/trade/order/place",
  "_protocol_type": "https",
  "_accept_format": "JSON",
  "_params": {},
  "_method": "POST",
  "_header": {
    "x-version": "v2",
    "Accept-Encoding": "gzip",
    "x-app-key": "bf67888c79f28465cba7afc02717dbcb",
    "x-timestamp": "2026-07-06T02:33:29Z",
    "x-signature-version": "1.0",
    "x-signature-algorithm": "HMAC-SHA1",
    "x-signature-nonce": "5073701b-0eaa-5516-9ad7-3f1a55b813fb",
    "x-signature": "CzkgbBYaU7fLpE0QnfORiO0s2as=",
    "User-Agent": "WebullApiSDK (Linux 6.12.68+;aarch64) Python/3.11.15 Core/2.0.10 python-requests/2.33.1",
    "x-webull-client-source": "sdk",
    "Content-Length": "347",
    "Content-Type": "application/json"
  },
  "_body_params": {
    "stock_order": {
      "client_order_id": "ar-e064ad78-98e6-4d32-bf60-",
      "symbol": "NVDA",
      "instrument_type": "EQUITY",
      "market": "US",
      "order_type": "LIMIT",
      "side": "BUY",
      "time_in_force": "DAY",
      "entrust_type": "QTY",
      "quantity": "0.015245",
      "support_trading_session": "ALL",
      "account_tax_type": "GENERAL",
      "limit_price": "196.78"
    },
    "account_id": "F8ISIGG74NU0C495ILNGG99D29"
  },
  "_uri_pattern": null,
  "_uri_params": null,
  "_content": "{\"stock_order\":{\"client_order_id\":\"ar-e064ad78-98e6-4d32-bf60-\",\"symbol\":\"NVDA\",\"instrument_type\":\"EQUITY\",\"market\":\"US\",\"order_type\":\"LIMIT\",\"side\":\"BUY\",\"time_in_force\":\"DAY\",\"entrust_type\":\"QTY\",\"quantity\":\"0.015245\",\"support_trading_session\":\"ALL\",\"account_tax_type\":\"GENERAL\",\"limit_price\":\"196.78\"},\"account_id\":\"F8ISIGG74NU0C495ILNGG99D29\"}",
  "_extra_user_agent": {},
  "string_to_sign": "",
  "_request_connect_timeout": null,
  "_request_read_timeout": null,
  "endpoint": "api.webull.com",
  "_signer_spec": "<module 'webull.core.auth.algorithm.sha_hmac1' from '/root/.venv/lib/python3.11/site-packages/webull/core/auth/algorithm/sha_hmac1.py'>",
  "_stock_order": {
    "client_order_id": "ar-e064ad78-98e6-4d32-bf60-",
    "symbol": "NVDA",
    "instrument_type": "EQUITY",
    "market": "US",
    "order_type": "LIMIT",
    "side": "BUY",
    "time_in_force": "DAY",
    "entrust_type": "QTY",
    "quantity": "0.015245",
    "support_trading_session": "ALL",
    "account_tax_type": "GENERAL",
    "limit_price": "196.78"
  }
} Response:{'message': 'The time you sent is not supported. Please check. ', 'error_code': 'INVALID_PARAMETER'} ServerException:HTTP Status: 417, Code: INVALID_PARAMETER, Msg: The time you sent is not supported. Please check. , RequestID: b66f3b6c-04a2-4e58-b953-e98e0843da9d
272681282695584 2026-07-06 02:33:29,341 webull.core.client ERROR get_response exception. {
  "error_code": "INVALID_PARAMETER",
  "error_msg": "The time you sent is not supported. Please check. ",
  "http_status": 417,
  "request_id": "b66f3b6c-04a2-4e58-b953-e98e0843da9d"
}
272681248879008 2026-07-06 02:33:29,342 webull.core.client ERROR ServerException occurred. Host:api.webull.com SDK-Version:2.0.10 Request:{
  "_version": "v2",
  "_action_name": "/trade/order/place",
  "_protocol_type": "https",
  "_accept_format": "JSON",
  "_params": {},
  "_method": "POST",
  "_header": {
    "x-version": "v2",
    "Accept-Encoding": "gzip",
    "x-app-key": "bf67888c79f28465cba7afc02717dbcb",
    "x-timestamp": "2026-07-06T02:33:29Z",
    "x-signature-version": "1.0",
    "x-signature-algorithm": "HMAC-SHA1",
    "x-signature-nonce": "8b3834e8-446e-566d-a5ff-afe820682abd",
    "x-signature": "6xcTvhRT/aT5sOFdR6HmCtFLBno=",
    "User-Agent": "WebullApiSDK (Linux 6.12.68+;aarch64) Python/3.11.15 Core/2.0.10 python-requests/2.33.1",
    "x-webull-client-source": "sdk",
    "Content-Length": "347",
    "Content-Type": "application/json"
  },
  "_body_params": {
    "stock_order": {
      "client_order_id": "ar-e064ad78-98e6-4d32-bf60-",
      "symbol": "NVDA",
      "instrument_type": "EQUITY",
      "market": "US",
      "order_type": "LIMIT",
      "side": "BUY",
      "time_in_force": "DAY",
      "entrust_type": "QTY",
      "quantity": "0.015245",
      "support_trading_session": "ALL",
      "account_tax_type": "GENERAL",
      "limit_price": "196.78"
    },
    "account_id": "F8ISIGG74NU0C495ILNGG99D29"
  },
  "_uri_pattern": null,
  "_uri_params": null,
  "_content": "{\"stock_order\":{\"client_order_id\":\"ar-e064ad78-98e6-4d32-bf60-\",\"symbol\":\"NVDA\",\"instrument_type\":\"EQUITY\",\"market\":\"US\",\"order_type\":\"LIMIT\",\"side\":\"BUY\",\"time_in_force\":\"DAY\",\"entrust_type\":\"QTY\",\"quantity\":\"0.015245\",\"support_trading_session\":\"ALL\",\"account_tax_type\":\"GENERAL\",\"limit_price\":\"196.78\"},\"account_id\":\"F8ISIGG74NU0C495ILNGG99D29\"}",
  "_extra_user_agent": {},
  "string_to_sign": "",
  "_request_connect_timeout": null,
  "_request_read_timeout": null,
  "endpoint": "api.webull.com",
  "_signer_spec": "<module 'webull.core.auth.algorithm.sha_hmac1' from '/root/.venv/lib/python3.11/site-packages/webull/core/auth/algorithm/sha_hmac1.py'>",
  "_stock_order": {
    "client_order_id": "ar-e064ad78-98e6-4d32-bf60-",
    "symbol": "NVDA",
    "instrument_type": "EQUITY",
    "market": "US",
    "order_type": "LIMIT",
    "side": "BUY",
    "time_in_force": "DAY",
    "entrust_type": "QTY",
    "quantity": "0.015245",
    "support_trading_session": "ALL",
    "account_tax_type": "GENERAL",
    "limit_price": "196.78"
  }
} Response:{'message': 'The time you sent is not supported. Please check. ', 'error_code': 'INVALID_PARAMETER'} ServerException:HTTP Status: 417, Code: INVALID_PARAMETER, Msg: The time you sent is not supported. Please check. , RequestID: c354a63d-b502-4f43-845b-d61f0df43a1b
272681248879008 2026-07-06 02:33:29,344 webull.core.client ERROR get_response exception. {
  "error_code": "INVALID_PARAMETER",
  "error_msg": "The time you sent is not supported. Please check. ",
  "http_status": 417,
  "request_id": "c354a63d-b502-4f43-845b-d61f0df43a1b"
}
272681265787296 2026-07-06 02:33:29,379 webull.core.client ERROR ServerException occurred. Host:api.webull.com SDK-Version:2.0.10 Request:{
  "_version": "v2",
  "_action_name": "/trade/order/place",
  "_protocol_type": "https",
  "_accept_format": "JSON",
  "_params": {},
  "_method": "POST",
  "_header": {
    "x-version": "v2",
    "Accept-Encoding": "gzip",
    "x-app-key": "bf67888c79f28465cba7afc02717dbcb",
    "x-timestamp": "2026-07-06T02:33:29Z",
    "x-signature-version": "1.0",
    "x-signature-algorithm": "HMAC-SHA1",
    "x-signature-nonce": "deca94e9-c9db-5af1-8fd6-daf42cc4722a",
    "x-signature": "t1iDCJdHQlCq+HnqXrqkd5Q100Y=",
    "User-Agent": "WebullApiSDK (Linux 6.12.68+;aarch64) Python/3.11.15 Core/2.0.10 python-requests/2.33.1",
    "x-webull-client-source": "sdk",
    "Content-Length": "347",
    "Content-Type": "application/json"
  },
  "_body_params": {
    "stock_order": {
      "client_order_id": "ar-e064ad78-98e6-4d32-bf60-",
      "symbol": "NVDA",
      "instrument_type": "EQUITY",
      "market": "US",
      "order_type": "LIMIT",
      "side": "BUY",
      "time_in_force": "DAY",
      "entrust_type": "QTY",
      "quantity": "0.015245",
      "support_trading_session": "ALL",
      "account_tax_type": "GENERAL",
      "limit_price": "196.78"
    },
    "account_id": "F8ISIGG74NU0C495ILNGG99D29"
  },
  "_uri_pattern": null,
  "_uri_params": null,
  "_content": "{\"stock_order\":{\"client_order_id\":\"ar-e064ad78-98e6-4d32-bf60-\",\"symbol\":\"NVDA\",\"instrument_type\":\"EQUITY\",\"market\":\"US\",\"order_type\":\"LIMIT\",\"side\":\"BUY\",\"time_in_force\":\"DAY\",\"entrust_type\":\"QTY\",\"quantity\":\"0.015245\",\"support_trading_session\":\"ALL\",\"account_tax_type\":\"GENERAL\",\"limit_price\":\"196.78\"},\"account_id\":\"F8ISIGG74NU0C495ILNGG99D29\"}",
  "_extra_user_agent": {},
  "string_to_sign": "",
  "_request_connect_timeout": null,
  "_request_read_timeout": null,
  "endpoint": "api.webull.com",
  "_signer_spec": "<module 'webull.core.auth.algorithm.sha_hmac1' from '/root/.venv/lib/python3.11/site-packages/webull/core/auth/algorithm/sha_hmac1.py'>",
  "_stock_order": {
    "client_order_id": "ar-e064ad78-98e6-4d32-bf60-",
    "symbol": "NVDA",
    "instrument_type": "EQUITY",
    "market": "US",
    "order_type": "LIMIT",
    "side": "BUY",
    "time_in_force": "DAY",
    "entrust_type": "QTY",
    "quantity": "0.015245",
    "support_trading_session": "ALL",
    "account_tax_type": "GENERAL",
    "limit_price": "196.78"
  }
} Response:{'message': 'The time you sent is not supported. Please check. ', 'error_code': 'INVALID_PARAMETER'} ServerException:HTTP Status: 417, Code: INVALID_PARAMETER, Msg: The time you sent is not supported. Please check. , RequestID: b2d0e2cd-3592-4568-afeb-d60af4139a4d
272681265787296 2026-07-06 02:33:29,379 webull.core.client ERROR get_response exception. {
  "error_code": "INVALID_PARAMETER",
  "error_msg": "The time you sent is not supported. Please check. ",
  "http_status": 417,
  "request_id": "b2d0e2cd-3592-4568-afeb-d60af4139a4d"
}
272681274241440 2026-07-06 02:33:29,393 webull.core.client ERROR ServerException occurred. Host:api.webull.com SDK-Version:2.0.10 Request:{
  "_version": "v2",
  "_action_name": "/trade/order/place",
  "_protocol_type": "https",
  "_accept_format": "JSON",
  "_params": {},
  "_method": "POST",
  "_header": {
    "x-version": "v2",
    "Accept-Encoding": "gzip",
    "x-app-key": "bf67888c79f28465cba7afc02717dbcb",
    "x-timestamp": "2026-07-06T02:33:29Z",
    "x-signature-version": "1.0",
    "x-signature-algorithm": "HMAC-SHA1",
    "x-signature-nonce": "c8a11836-ba8c-5613-b15f-979af38e305f",
    "x-signature": "QVZAHn8oiC9Vu9e+H4ar1wynpks=",
    "User-Agent": "WebullApiSDK (Linux 6.12.68+;aarch64) Python/3.11.15 Core/2.0.10 python-requests/2.33.1",
    "x-webull-client-source": "sdk",
    "Content-Length": "347",
    "Content-Type": "application/json"
  },
  "_body_params": {
    "stock_order": {
      "client_order_id": "ar-e064ad78-98e6-4d32-bf60-",
      "symbol": "NVDA",
      "instrument_type": "EQUITY",
      "market": "US",
      "order_type": "LIMIT",
      "side": "BUY",
      "time_in_force": "DAY",
      "entrust_type": "QTY",
      "quantity": "0.015245",
      "support_trading_session": "ALL",
      "account_tax_type": "GENERAL",
      "limit_price": "196.78"
    },
    "account_id": "F8ISIGG74NU0C495ILNGG99D29"
  },
  "_uri_pattern": null,
  "_uri_params": null,
  "_content": "{\"stock_order\":{\"client_order_id\":\"ar-e064ad78-98e6-4d32-bf60-\",\"symbol\":\"NVDA\",\"instrument_type\":\"EQUITY\",\"market\":\"US\",\"order_type\":\"LIMIT\",\"side\":\"BUY\",\"time_in_force\":\"DAY\",\"entrust_type\":\"QTY\",\"quantity\":\"0.015245\",\"support_trading_session\":\"ALL\",\"account_tax_type\":\"GENERAL\",\"limit_price\":\"196.78\"},\"account_id\":\"F8ISIGG74NU0C495ILNGG99D29\"}",
  "_extra_user_agent": {},
  "string_to_sign": "",
  "_request_connect_timeout": null,
  "_request_read_timeout": null,
  "endpoint": "api.webull.com",
  "_signer_spec": "<module 'webull.core.auth.algorithm.sha_hmac1' from '/root/.venv/lib/python3.11/site-packages/webull/core/auth/algorithm/sha_hmac1.py'>",
  "_stock_order": {
    "client_order_id": "ar-e064ad78-98e6-4d32-bf60-",
    "symbol": "NVDA",
    "instrument_type": "EQUITY",
    "market": "US",
    "order_type": "LIMIT",
    "side": "BUY",
    "time_in_force": "DAY",
    "entrust_type": "QTY",
    "quantity": "0.015245",
    "support_trading_session": "ALL",
    "account_tax_type": "GENERAL",
    "limit_price": "196.78"
  }
} Response:{'message': 'The time you sent is not supported. Please check. ', 'error_code': 'INVALID_PARAMETER'} ServerException:HTTP Status: 417, Code: INVALID_PARAMETER, Msg: The time you sent is not supported. Please check. , RequestID: da9c824c-2302-4d0b-9035-55ac6bf369a6
272681274241440 2026-07-06 02:33:29,393 webull.core.client ERROR get_response exception. {
  "error_code": "INVALID_PARAMETER",
  "error_msg": "The time you sent is not supported. Please check. ",
  "http_status": 417,
  "request_id": "da9c824c-2302-4d0b-9035-55ac6bf369a6"
}
272681257333152 2026-07-06 02:36:23,437 webull.core.client ERROR ServerException occurred. Host:api.webull.com SDK-Version:2.0.10 Request:{
  "_version": "v2",
  "_action_name": "/trade/order/place",
  "_protocol_type": "https",
  "_accept_format": "JSON",
  "_params": {},
  "_method": "POST",
  "_header": {
    "x-version": "v2",
    "Accept-Encoding": "gzip",
    "x-app-key": "bf67888c79f28465cba7afc02717dbcb",
    "x-timestamp": "2026-07-06T02:36:23Z",
    "x-signature-version": "1.0",
    "x-signature-algorithm": "HMAC-SHA1",
    "x-signature-nonce": "13bbfca9-bb44-5cb4-9829-f78b81158f1c",
    "x-signature": "YNiOlqgQ/ClbbOEg4mzwQbtKsms=",
    "User-Agent": "WebullApiSDK (Linux 6.12.68+;aarch64) Python/3.11.15 Core/2.0.10 python-requests/2.33.1",
    "x-webull-client-source": "sdk",
    "Content-Length": "348",
    "Content-Type": "application/json"
  },
  "_body_params": {
    "stock_order": {
      "client_order_id": "ar-3603247a-1c7b-49ff-8e20-",
      "symbol": "AAPL",
      "instrument_type": "EQUITY",
      "market": "US",
      "order_type": "LIMIT",
      "side": "SELL",
      "time_in_force": "DAY",
      "entrust_type": "QTY",
      "quantity": "0.009818",
      "support_trading_session": "ALL",
      "account_tax_type": "GENERAL",
      "limit_price": "305.54"
    },
    "account_id": "F8ISIGG74NU0C495ILNGG99D29"
  },
  "_uri_pattern": null,
  "_uri_params": null,
  "_content": "{\"stock_order\":{\"client_order_id\":\"ar-3603247a-1c7b-49ff-8e20-\",\"symbol\":\"AAPL\",\"instrument_type\":\"EQUITY\",\"market\":\"US\",\"order_type\":\"LIMIT\",\"side\":\"SELL\",\"time_in_force\":\"DAY\",\"entrust_type\":\"QTY\",\"quantity\":\"0.009818\",\"support_trading_session\":\"ALL\",\"account_tax_type\":\"GENERAL\",\"limit_price\":\"305.54\"},\"account_id\":\"F8ISIGG74NU0C495ILNGG99D29\"}",
  "_extra_user_agent": {},
  "string_to_sign": "",
  "_request_connect_timeout": null,
  "_request_read_timeout": null,
  "endpoint": "api.webull.com",
  "_signer_spec": "<module 'webull.core.auth.algorithm.sha_hmac1' from '/root/.venv/lib/python3.11/site-packages/webull/core/auth/algorithm/sha_hmac1.py'>",
  "_stock_order": {
    "client_order_id": "ar-3603247a-1c7b-49ff-8e20-",
    "symbol": "AAPL",
    "instrument_type": "EQUITY",
    "market": "US",
    "order_type": "LIMIT",
    "side": "SELL",
    "time_in_force": "DAY",
    "entrust_type": "QTY",
    "quantity": "0.009818",
    "support_trading_session": "ALL",
    "account_tax_type": "GENERAL",
    "limit_price": "305.54"
  }
} Response:{'message': 'The time you sent is not supported. Please check. ', 'error_code': 'INVALID_PARAMETER'} ServerException:HTTP Status: 417, Code: INVALID_PARAMETER, Msg: The time you sent is not supported. Please check. , RequestID: 8fd1f211-d026-476b-973a-5f27b2771b33
272681257333152 2026-07-06 02:36:23,437 webull.core.client ERROR get_response exception. {
  "error_code": "INVALID_PARAMETER",
  "error_msg": "The time you sent is not supported. Please check. ",
  "http_status": 417,
  "request_id": "8fd1f211-d026-476b-973a-5f27b2771b33"
}
272681257333152 2026-07-06 02:36:25,999 webull.core.client ERROR ServerException occurred. Host:api.webull.com SDK-Version:2.0.10 Request:{
  "_version": "v2",
  "_action_name": "/trade/order/place",
  "_protocol_type": "https",
  "_accept_format": "JSON",
  "_params": {},
  "_method": "POST",
  "_header": {
    "x-version": "v2",
    "Accept-Encoding": "gzip",
    "x-app-key": "bf67888c79f28465cba7afc02717dbcb",
    "x-timestamp": "2026-07-06T02:36:25Z",
    "x-signature-version": "1.0",
    "x-signature-algorithm": "HMAC-SHA1",
    "x-signature-nonce": "5f549f4e-457c-5231-b374-fea2bf4666a6",
    "x-signature": "JVgEmHUBDq1x+FMTf/zo6tngzfs=",
    "User-Agent": "WebullApiSDK (Linux 6.12.68+;aarch64) Python/3.11.15 Core/2.0.10 python-requests/2.33.1",
    "x-webull-client-source": "sdk",
    "Content-Length": "348",
    "Content-Type": "application/json"
  },
  "_body_params": {
    "stock_order": {
      "client_order_id": "ar-fc97b965-17f8-458e-9c38-",
      "symbol": "AAPL",
      "instrument_type": "EQUITY",
      "market": "US",
      "order_type": "LIMIT",
      "side": "SELL",
      "time_in_force": "DAY",
      "entrust_type": "QTY",
      "quantity": "0.004909",
      "support_trading_session": "ALL",
      "account_tax_type": "GENERAL",
      "limit_price": "305.54"
    },
    "account_id": "F8ISIGG74NU0C495ILNGG99D29"
  },
  "_uri_pattern": null,
  "_uri_params": null,
  "_content": "{\"stock_order\":{\"client_order_id\":\"ar-fc97b965-17f8-458e-9c38-\",\"symbol\":\"AAPL\",\"instrument_type\":\"EQUITY\",\"market\":\"US\",\"order_type\":\"LIMIT\",\"side\":\"SELL\",\"time_in_force\":\"DAY\",\"entrust_type\":\"QTY\",\"quantity\":\"0.004909\",\"support_trading_session\":\"ALL\",\"account_tax_type\":\"GENERAL\",\"limit_price\":\"305.54\"},\"account_id\":\"F8ISIGG74NU0C495ILNGG99D29\"}",
  "_extra_user_agent": {},
  "string_to_sign": "",
  "_request_connect_timeout": null,
  "_request_read_timeout": null,
  "endpoint": "api.webull.com",
  "_signer_spec": "<module 'webull.core.auth.algorithm.sha_hmac1' from '/root/.venv/lib/python3.11/site-packages/webull/core/auth/algorithm/sha_hmac1.py'>",
  "_stock_order": {
    "client_order_id": "ar-fc97b965-17f8-458e-9c38-",
    "symbol": "AAPL",
    "instrument_type": "EQUITY",
    "market": "US",
    "order_type": "LIMIT",
    "side": "SELL",
    "time_in_force": "DAY",
    "entrust_type": "QTY",
    "quantity": "0.004909",
    "support_trading_session": "ALL",
    "account_tax_type": "GENERAL",
    "limit_price": "305.54"
  }
} Response:{'message': 'The time you sent is not supported. Please check. ', 'error_code': 'INVALID_PARAMETER'} ServerException:HTTP Status: 417, Code: INVALID_PARAMETER, Msg: The time you sent is not supported. Please check. , RequestID: 52d3b816-a1d9-4eab-9278-9987cc827853
272681257333152 2026-07-06 02:36:26,001 webull.core.client ERROR get_response exception. {
  "error_code": "INVALID_PARAMETER",
  "error_msg": "The time you sent is not supported. Please check. ",
  "http_status": 417,
  "request_id": "52d3b816-a1d9-4eab-9278-9987cc827853"
}
272681282695584 2026-07-06 02:36:26,435 webull.core.client ERROR ServerException occurred. Host:api.webull.com SDK-Version:2.0.10 Request:{
  "_version": "v2",
  "_action_name": "/trade/order/place",
  "_protocol_type": "https",
  "_accept_format": "JSON",
  "_params": {},
  "_method": "POST",
  "_header": {
    "x-version": "v2",
    "Accept-Encoding": "gzip",
    "x-app-key": "bf67888c79f28465cba7afc02717dbcb",
    "x-timestamp": "2026-07-06T02:36:26Z",
    "x-signature-version": "1.0",
    "x-signature-algorithm": "HMAC-SHA1",
    "x-signature-nonce": "37d7345c-0ffa-57d8-9f58-960ee1f47184",
    "x-signature": "bTFxGSYIU64wxpht7EAqGrdT1Yk=",
    "User-Agent": "WebullApiSDK (Linux 6.12.68+;aarch64) Python/3.11.15 Core/2.0.10 python-requests/2.33.1",
    "x-webull-client-source": "sdk",
    "Content-Length": "348",
    "Content-Type": "application/json"
  },
  "_body_params": {
    "stock_order": {
      "client_order_id": "ar-66c69366-bdd2-4073-a596-",
      "symbol": "AAPL",
      "instrument_type": "EQUITY",
      "market": "US",
      "order_type": "LIMIT",
      "side": "SELL",
      "time_in_force": "DAY",
      "entrust_type": "QTY",
      "quantity": "0.004909",
      "support_trading_session": "ALL",
      "account_tax_type": "GENERAL",
      "limit_price": "305.54"
    },
    "account_id": "F8ISIGG74NU0C495ILNGG99D29"
  },
  "_uri_pattern": null,
  "_uri_params": null,
  "_content": "{\"stock_order\":{\"client_order_id\":\"ar-66c69366-bdd2-4073-a596-\",\"symbol\":\"AAPL\",\"instrument_type\":\"EQUITY\",\"market\":\"US\",\"order_type\":\"LIMIT\",\"side\":\"SELL\",\"time_in_force\":\"DAY\",\"entrust_type\":\"QTY\",\"quantity\":\"0.004909\",\"support_trading_session\":\"ALL\",\"account_tax_type\":\"GENERAL\",\"limit_price\":\"305.54\"},\"account_id\":\"F8ISIGG74NU0C495ILNGG99D29\"}",
  "_extra_user_agent": {},
  "string_to_sign": "",
  "_request_connect_timeout": null,
  "_request_read_timeout": null,
  "endpoint": "api.webull.com",
  "_signer_spec": "<module 'webull.core.auth.algorithm.sha_hmac1' from '/root/.venv/lib/python3.11/site-packages/webull/core/auth/algorithm/sha_hmac1.py'>",
  "_stock_order": {
    "client_order_id": "ar-66c69366-bdd2-4073-a596-",
    "symbol": "AAPL",
    "instrument_type": "EQUITY",
    "market": "US",
    "order_type": "LIMIT",
    "side": "SELL",
    "time_in_force": "DAY",
    "entrust_type": "QTY",
    "quantity": "0.004909",
    "support_trading_session": "ALL",
    "account_tax_type": "GENERAL",
    "limit_price": "305.54"
  }
} Response:{'message': 'The time you sent is not supported. Please check. ', 'error_code': 'INVALID_PARAMETER'} ServerException:HTTP Status: 417, Code: INVALID_PARAMETER, Msg: The time you sent is not supported. Please check. , RequestID: 0d8a6b6a-03c1-4718-aff0-aeb146e41f9f
272681282695584 2026-07-06 02:36:26,436 webull.core.client ERROR get_response exception. {
  "error_code": "INVALID_PARAMETER",
  "error_msg": "The time you sent is not supported. Please check. ",
  "http_status": 417,
  "request_id": "0d8a6b6a-03c1-4718-aff0-aeb146e41f9f"
}
272681653240224 2026-07-06 02:36:27,958 webull.core.client ERROR ServerException occurred. Host:api.webull.com SDK-Version:2.0.10 Request:{
  "_version": "v2",
  "_action_name": "/openapi/assets/balance",
  "_protocol_type": "https",
  "_accept_format": "JSON",
  "_params": {
    "account_id": "F8ISIGG74NU0C495ILNGG99D29"
  },
  "_method": "GET",
  "_header": {
    "x-version": "v2",
    "Accept-Encoding": "gzip",
    "x-app-key": "bf67888c79f28465cba7afc02717dbcb",
    "x-timestamp": "2026-07-06T02:36:27Z",
    "x-signature-version": "1.0",
    "x-signature-algorithm": "HMAC-SHA1",
    "x-signature-nonce": "e8411c07-4045-502b-88c6-42d9fd25227d",
    "x-signature": "5chhOO8Jzz2QHT6VEcVQzbXac3o=",
    "User-Agent": "WebullApiSDK (Linux 6.12.68+;aarch64) Python/3.11.15 Core/2.0.10 python-requests/2.33.1",
    "x-webull-client-source": "sdk"
  },
  "_body_params": null,
  "_uri_pattern": null,
  "_uri_params": null,
  "_content": null,
  "_extra_user_agent": {},
  "string_to_sign": "",
  "_request_connect_timeout": null,
  "_request_read_timeout": null,
  "endpoint": "api.webull.com",
  "_signer_spec": "<module 'webull.core.auth.algorithm.sha_hmac1' from '/root/.venv/lib/python3.11/site-packages/webull/core/auth/algorithm/sha_hmac1.py'>"
} Response:{'message': 'Too many requests', 'error_code': 'TOO_MANY_REQUESTS'} ServerException:HTTP Status: 429, Code: TOO_MANY_REQUESTS, Msg: Too many requests, RequestID: 42b8ed6b-f6fe-4f4b-b9c7-362eb980fe39
272681653240224 2026-07-06 02:36:27,958 webull.core.client ERROR get_response exception. {
  "error_code": "TOO_MANY_REQUESTS",
  "error_msg": "Too many requests",
  "http_status": 429,
  "request_id": "42b8ed6b-f6fe-4f4b-b9c7-362eb980fe39"
}
272681299603872 2026-07-06 02:36:28,046 webull.core.client ERROR ServerException occurred. Host:api.webull.com SDK-Version:2.0.10 Request:{
  "_version": "v2",
  "_action_name": "/trade/order/place",
  "_protocol_type": "https",
  "_accept_format": "JSON",
  "_params": {},
  "_method": "POST",
  "_header": {
    "x-version": "v2",
    "Accept-Encoding": "gzip",
    "x-app-key": "bf67888c79f28465cba7afc02717dbcb",
    "x-timestamp": "2026-07-06T02:36:27Z",
    "x-signature-version": "1.0",
    "x-signature-algorithm": "HMAC-SHA1",
    "x-signature-nonce": "752e7384-3616-5ed6-8c10-fd53878d5fa4",
    "x-signature": "9/Y62+26PTDWUdtT1qv9AmBO2+4=",
    "User-Agent": "WebullApiSDK (Linux 6.12.68+;aarch64) Python/3.11.15 Core/2.0.10 python-requests/2.33.1",
    "x-webull-client-source": "sdk",
    "Content-Length": "348",
    "Content-Type": "application/json"
  },
  "_body_params": {
    "stock_order": {
      "client_order_id": "ar-175113a2-e3dc-4c2b-894a-",
      "symbol": "AAPL",
      "instrument_type": "EQUITY",
      "market": "US",
      "order_type": "LIMIT",
      "side": "SELL",
      "time_in_force": "DAY",
      "entrust_type": "QTY",
      "quantity": "0.009818",
      "support_trading_session": "ALL",
      "account_tax_type": "GENERAL",
      "limit_price": "305.54"
    },
    "account_id": "F8ISIGG74NU0C495ILNGG99D29"
  },
  "_uri_pattern": null,
  "_uri_params": null,
  "_content": "{\"stock_order\":{\"client_order_id\":\"ar-175113a2-e3dc-4c2b-894a-\",\"symbol\":\"AAPL\",\"instrument_type\":\"EQUITY\",\"market\":\"US\",\"order_type\":\"LIMIT\",\"side\":\"SELL\",\"time_in_force\":\"DAY\",\"entrust_type\":\"QTY\",\"quantity\":\"0.009818\",\"support_trading_session\":\"ALL\",\"account_tax_type\":\"GENERAL\",\"limit_price\":\"305.54\"},\"account_id\":\"F8ISIGG74NU0C495ILNGG99D29\"}",
  "_extra_user_agent": {},
  "string_to_sign": "",
  "_request_connect_timeout": null,
  "_request_read_timeout": null,
  "endpoint": "api.webull.com",
  "_signer_spec": "<module 'webull.core.auth.algorithm.sha_hmac1' from '/root/.venv/lib/python3.11/site-packages/webull/core/auth/algorithm/sha_hmac1.py'>",
  "_stock_order": {
    "client_order_id": "ar-175113a2-e3dc-4c2b-894a-",
    "symbol": "AAPL",
    "instrument_type": "EQUITY",
    "market": "US",
    "order_type": "LIMIT",
    "side": "SELL",
    "time_in_force": "DAY",
    "entrust_type": "QTY",
    "quantity": "0.009818",
    "support_trading_session": "ALL",
    "account_tax_type": "GENERAL",
    "limit_price": "305.54"
  }
} Response:{'message': 'The time you sent is not supported. Please check. ', 'error_code': 'INVALID_PARAMETER'} ServerException:HTTP Status: 417, Code: INVALID_PARAMETER, Msg: The time you sent is not supported. Please check. , RequestID: f96cce5e-05b1-4f03-b3ad-8243ab526b55
272681299603872 2026-07-06 02:36:28,046 webull.core.client ERROR get_response exception. {
  "error_code": "INVALID_PARAMETER",
  "error_msg": "The time you sent is not supported. Please check. ",
  "http_status": 417,
  "request_id": "f96cce5e-05b1-4f03-b3ad-8243ab526b55"
}
272681653240224 2026-07-06 02:37:55,608 webull.core.client ERROR ServerException occurred. Host:api.webull.com SDK-Version:2.0.10 Request:{
  "_version": "v2",
  "_action_name": "/trade/order/place",
  "_protocol_type": "https",
  "_accept_format": "JSON",
  "_params": {},
  "_method": "POST",
  "_header": {
    "x-version": "v2",
    "Accept-Encoding": "gzip",
    "x-app-key": "bf67888c79f28465cba7afc02717dbcb",
    "x-timestamp": "2026-07-06T02:37:55Z",
    "x-signature-version": "1.0",
    "x-signature-algorithm": "HMAC-SHA1",
    "x-signature-nonce": "39d7f0c9-7dc3-59b1-9022-f9322a75fe7f",
    "x-signature": "Zq3lcXYUx1MaX2RGTxT+Saeu9eo=",
    "User-Agent": "WebullApiSDK (Linux 6.12.68+;aarch64) Python/3.11.15 Core/2.0.10 python-requests/2.33.1",
    "x-webull-client-source": "sdk",
    "Content-Length": "347",
    "Content-Type": "application/json"
  },
  "_body_params": {
    "stock_order": {
      "client_order_id": "ar-2691c799-8b2a-4060-97b3-",
      "symbol": "NVDA",
      "instrument_type": "EQUITY",
      "market": "US",
      "order_type": "LIMIT",
      "side": "BUY",
      "time_in_force": "DAY",
      "entrust_type": "QTY",
      "quantity": "0.015245",
      "support_trading_session": "ALL",
      "account_tax_type": "GENERAL",
      "limit_price": "196.78"
    },
    "account_id": "F8ISIGG74NU0C495ILNGG99D29"
  },
  "_uri_pattern": null,
  "_uri_params": null,
  "_content": "{\"stock_order\":{\"client_order_id\":\"ar-2691c799-8b2a-4060-97b3-\",\"symbol\":\"NVDA\",\"instrument_type\":\"EQUITY\",\"market\":\"US\",\"order_type\":\"LIMIT\",\"side\":\"BUY\",\"time_in_force\":\"DAY\",\"entrust_type\":\"QTY\",\"quantity\":\"0.015245\",\"support_trading_session\":\"ALL\",\"account_tax_type\":\"GENERAL\",\"limit_price\":\"196.78\"},\"account_id\":\"F8ISIGG74NU0C495ILNGG99D29\"}",
  "_extra_user_agent": {},
  "string_to_sign": "",
  "_request_connect_timeout": null,
  "_request_read_timeout": null,
  "endpoint": "api.webull.com",
  "_signer_spec": "<module 'webull.core.auth.algorithm.sha_hmac1' from '/root/.venv/lib/python3.11/site-packages/webull/core/auth/algorithm/sha_hmac1.py'>",
  "_stock_order": {
    "client_order_id": "ar-2691c799-8b2a-4060-97b3-",
    "symbol": "NVDA",
    "instrument_type": "EQUITY",
    "market": "US",
    "order_type": "LIMIT",
    "side": "BUY",
    "time_in_force": "DAY",
    "entrust_type": "QTY",
    "quantity": "0.015245",
    "support_trading_session": "ALL",
    "account_tax_type": "GENERAL",
    "limit_price": "196.78"
  }
} Response:{'message': 'The time you sent is not supported. Please check. ', 'error_code': 'INVALID_PARAMETER'} ServerException:HTTP Status: 417, Code: INVALID_PARAMETER, Msg: The time you sent is not supported. Please check. , RequestID: e55a8534-77ca-4184-a8e2-a85baa3f2fac
272681653240224 2026-07-06 02:37:55,609 webull.core.client ERROR get_response exception. {
  "error_code": "INVALID_PARAMETER",
  "error_msg": "The time you sent is not supported. Please check. ",
  "http_status": 417,
  "request_id": "e55a8534-77ca-4184-a8e2-a85baa3f2fac"
}
272681653240224 2026-07-06 02:37:55,994 webull.core.client ERROR ServerException occurred. Host:api.webull.com SDK-Version:2.0.10 Request:{
  "_version": "v2",
  "_action_name": "/openapi/assets/balance",
  "_protocol_type": "https",
  "_accept_format": "JSON",
  "_params": {
    "account_id": "F8ISIGG74NU0C495ILNGG99D29"
  },
  "_method": "GET",
  "_header": {
    "x-version": "v2",
    "Accept-Encoding": "gzip",
    "x-app-key": "bf67888c79f28465cba7afc02717dbcb",
    "x-timestamp": "2026-07-06T02:37:55Z",
    "x-signature-version": "1.0",
    "x-signature-algorithm": "HMAC-SHA1",
    "x-signature-nonce": "e6c70bb6-a420-53fc-89a6-1a77a60c2287",
    "x-signature": "9c90Zux+NxxmNO4ja7VY3hKY+og=",
    "User-Agent": "WebullApiSDK (Linux 6.12.68+;aarch64) Python/3.11.15 Core/2.0.10 python-requests/2.33.1",
    "x-webull-client-source": "sdk"
  },
  "_body_params": null,
  "_uri_pattern": null,
  "_uri_params": null,
  "_content": null,
  "_extra_user_agent": {},
  "string_to_sign": "",
  "_request_connect_timeout": null,
  "_request_read_timeout": null,
  "endpoint": "api.webull.com",
  "_signer_spec": "<module 'webull.core.auth.algorithm.sha_hmac1' from '/root/.venv/lib/python3.11/site-packages/webull/core/auth/algorithm/sha_hmac1.py'>"
} Response:{'message': 'Too many requests', 'error_code': 'TOO_MANY_REQUESTS'} ServerException:HTTP Status: 429, Code: TOO_MANY_REQUESTS, Msg: Too many requests, RequestID: c2a05226-bd2d-4aa9-9496-9035fd884128
272681653240224 2026-07-06 02:37:55,994 webull.core.client ERROR get_response exception. {
  "error_code": "TOO_MANY_REQUESTS",
  "error_msg": "Too many requests",
  "http_status": 429,
  "request_id": "c2a05226-bd2d-4aa9-9496-9035fd884128"
}
272681274241440 2026-07-06 02:37:56,083 webull.core.client ERROR ServerException occurred. Host:api.webull.com SDK-Version:2.0.10 Request:{
  "_version": "v2",
  "_action_name": "/trade/order/place",
  "_protocol_type": "https",
  "_accept_format": "JSON",
  "_params": {},
  "_method": "POST",
  "_header": {
    "x-version": "v2",
    "Accept-Encoding": "gzip",
    "x-app-key": "bf67888c79f28465cba7afc02717dbcb",
    "x-timestamp": "2026-07-06T02:37:55Z",
    "x-signature-version": "1.0",
    "x-signature-algorithm": "HMAC-SHA1",
    "x-signature-nonce": "17e6c5bf-707e-5003-8598-ee2f3980b15a",
    "x-signature": "cV3TbGBNOpY6HNMM0pyy5gxWUlg=",
    "User-Agent": "WebullApiSDK (Linux 6.12.68+;aarch64) Python/3.11.15 Core/2.0.10 python-requests/2.33.1",
    "x-webull-client-source": "sdk",
    "Content-Length": "347",
    "Content-Type": "application/json"
  },
  "_body_params": {
    "stock_order": {
      "client_order_id": "ar-c0e47f94-db1b-42a8-ba99-",
      "symbol": "NVDA",
      "instrument_type": "EQUITY",
      "market": "US",
      "order_type": "LIMIT",
      "side": "BUY",
      "time_in_force": "DAY",
      "entrust_type": "QTY",
      "quantity": "0.015245",
      "support_trading_session": "ALL",
      "account_tax_type": "GENERAL",
      "limit_price": "196.78"
    },
    "account_id": "F8ISIGG74NU0C495ILNGG99D29"
  },
  "_uri_pattern": null,
  "_uri_params": null,
  "_content": "{\"stock_order\":{\"client_order_id\":\"ar-c0e47f94-db1b-42a8-ba99-\",\"symbol\":\"NVDA\",\"instrument_type\":\"EQUITY\",\"market\":\"US\",\"order_type\":\"LIMIT\",\"side\":\"BUY\",\"time_in_force\":\"DAY\",\"entrust_type\":\"QTY\",\"quantity\":\"0.015245\",\"support_trading_session\":\"ALL\",\"account_tax_type\":\"GENERAL\",\"limit_price\":\"196.78\"},\"account_id\":\"F8ISIGG74NU0C495ILNGG99D29\"}",
  "_extra_user_agent": {},
  "string_to_sign": "",
  "_request_connect_timeout": null,
  "_request_read_timeout": null,
  "endpoint": "api.webull.com",
  "_signer_spec": "<module 'webull.core.auth.algorithm.sha_hmac1' from '/root/.venv/lib/python3.11/site-packages/webull/core/auth/algorithm/sha_hmac1.py'>",
  "_stock_order": {
    "client_order_id": "ar-c0e47f94-db1b-42a8-ba99-",
    "symbol": "NVDA",
    "instrument_type": "EQUITY",
    "market": "US",
    "order_type": "LIMIT",
    "side": "BUY",
    "time_in_force": "DAY",
    "entrust_type": "QTY",
    "quantity": "0.015245",
    "support_trading_session": "ALL",
    "account_tax_type": "GENERAL",
    "limit_price": "196.78"
  }
} Response:{'message': 'The time you sent is not supported. Please check. ', 'error_code': 'INVALID_PARAMETER'} ServerException:HTTP Status: 417, Code: INVALID_PARAMETER, Msg: The time you sent is not supported. Please check. , RequestID: 70703f15-e015-4937-866c-69de3d65806c
272681274241440 2026-07-06 02:37:56,083 webull.core.client ERROR get_response exception. {
  "error_code": "INVALID_PARAMETER",
  "error_msg": "The time you sent is not supported. Please check. ",
  "http_status": 417,
  "request_id": "70703f15-e015-4937-866c-69de3d65806c"
}
272681257333152 2026-07-06 02:37:59,686 webull.core.client ERROR ServerException occurred. Host:api.webull.com SDK-Version:2.0.10 Request:{
  "_version": "v2",
  "_action_name": "/trade/order/place",
  "_protocol_type": "https",
  "_accept_format": "JSON",
  "_params": {},
  "_method": "POST",
  "_header": {
    "x-version": "v2",
    "Accept-Encoding": "gzip",
    "x-app-key": "bf67888c79f28465cba7afc02717dbcb",
    "x-timestamp": "2026-07-06T02:37:59Z",
    "x-signature-version": "1.0",
    "x-signature-algorithm": "HMAC-SHA1",
    "x-signature-nonce": "9dc8d4d2-2c7c-5b70-bee3-7c8c810a092b",
    "x-signature": "oPcvSopH2D6N1jY3qRjgohPx3xY=",
    "User-Agent": "WebullApiSDK (Linux 6.12.68+;aarch64) Python/3.11.15 Core/2.0.10 python-requests/2.33.1",
    "x-webull-client-source": "sdk",
    "Content-Length": "347",
    "Content-Type": "application/json"
  },
  "_body_params": {
    "stock_order": {
      "client_order_id": "ar-eaef01df-3740-4bc0-b3ef-",
      "symbol": "NVDA",
      "instrument_type": "EQUITY",
      "market": "US",
      "order_type": "LIMIT",
      "side": "BUY",
      "time_in_force": "DAY",
      "entrust_type": "QTY",
      "quantity": "0.007622",
      "support_trading_session": "ALL",
      "account_tax_type": "GENERAL",
      "limit_price": "196.78"
    },
    "account_id": "F8ISIGG74NU0C495ILNGG99D29"
  },
  "_uri_pattern": null,
  "_uri_params": null,
  "_content": "{\"stock_order\":{\"client_order_id\":\"ar-eaef01df-3740-4bc0-b3ef-\",\"symbol\":\"NVDA\",\"instrument_type\":\"EQUITY\",\"market\":\"US\",\"order_type\":\"LIMIT\",\"side\":\"BUY\",\"time_in_force\":\"DAY\",\"entrust_type\":\"QTY\",\"quantity\":\"0.007622\",\"support_trading_session\":\"ALL\",\"account_tax_type\":\"GENERAL\",\"limit_price\":\"196.78\"},\"account_id\":\"F8ISIGG74NU0C495ILNGG99D29\"}",
  "_extra_user_agent": {},
  "string_to_sign": "",
  "_request_connect_timeout": null,
  "_request_read_timeout": null,
  "endpoint": "api.webull.com",
  "_signer_spec": "<module 'webull.core.auth.algorithm.sha_hmac1' from '/root/.venv/lib/python3.11/site-packages/webull/core/auth/algorithm/sha_hmac1.py'>",
  "_stock_order": {
    "client_order_id": "ar-eaef01df-3740-4bc0-b3ef-",
    "symbol": "NVDA",
    "instrument_type": "EQUITY",
    "market": "US",
    "order_type": "LIMIT",
    "side": "BUY",
    "time_in_force": "DAY",
    "entrust_type": "QTY",
    "quantity": "0.007622",
    "support_trading_session": "ALL",
    "account_tax_type": "GENERAL",
    "limit_price": "196.78"
  }
} Response:{'message': 'The time you sent is not supported. Please check. ', 'error_code': 'INVALID_PARAMETER'} ServerException:HTTP Status: 417, Code: INVALID_PARAMETER, Msg: The time you sent is not supported. Please check. , RequestID: 8fa1bbbc-b0b2-45fd-8baa-62f61e3edf55
272681257333152 2026-07-06 02:37:59,687 webull.core.client ERROR get_response exception. {
  "error_code": "INVALID_PARAMETER",
  "error_msg": "The time you sent is not supported. Please check. ",
  "http_status": 417,
  "request_id": "8fa1bbbc-b0b2-45fd-8baa-62f61e3edf55"
}
272680695624096 2026-07-06 02:38:00,133 webull.core.client ERROR ServerException occurred. Host:api.webull.com SDK-Version:2.0.10 Request:{
  "_version": "v2",
  "_action_name": "/trade/order/place",
  "_protocol_type": "https",
  "_accept_format": "JSON",
  "_params": {},
  "_method": "POST",
  "_header": {
    "x-version": "v2",
    "Accept-Encoding": "gzip",
    "x-app-key": "bf67888c79f28465cba7afc02717dbcb",
    "x-timestamp": "2026-07-06T02:37:59Z",
    "x-signature-version": "1.0",
    "x-signature-algorithm": "HMAC-SHA1",
    "x-signature-nonce": "6915b1dd-0574-5f6b-9360-5a1e96fb6ada",
    "x-signature": "qWGbn598XFYBS8gIGnWlgas8tOY=",
    "User-Agent": "WebullApiSDK (Linux 6.12.68+;aarch64) Python/3.11.15 Core/2.0.10 python-requests/2.33.1",
    "x-webull-client-source": "sdk",
    "Content-Length": "347",
    "Content-Type": "application/json"
  },
  "_body_params": {
    "stock_order": {
      "client_order_id": "ar-f76655d8-0731-472f-950d-",
      "symbol": "NVDA",
      "instrument_type": "EQUITY",
      "market": "US",
      "order_type": "LIMIT",
      "side": "BUY",
      "time_in_force": "DAY",
      "entrust_type": "QTY",
      "quantity": "0.007622",
      "support_trading_session": "ALL",
      "account_tax_type": "GENERAL",
      "limit_price": "196.78"
    },
    "account_id": "F8ISIGG74NU0C495ILNGG99D29"
  },
  "_uri_pattern": null,
  "_uri_params": null,
  "_content": "{\"stock_order\":{\"client_order_id\":\"ar-f76655d8-0731-472f-950d-\",\"symbol\":\"NVDA\",\"instrument_type\":\"EQUITY\",\"market\":\"US\",\"order_type\":\"LIMIT\",\"side\":\"BUY\",\"time_in_force\":\"DAY\",\"entrust_type\":\"QTY\",\"quantity\":\"0.007622\",\"support_trading_session\":\"ALL\",\"account_tax_type\":\"GENERAL\",\"limit_price\":\"196.78\"},\"account_id\":\"F8ISIGG74NU0C495ILNGG99D29\"}",
  "_extra_user_agent": {},
  "string_to_sign": "",
  "_request_connect_timeout": null,
  "_request_read_timeout": null,
  "endpoint": "api.webull.com",
  "_signer_spec": "<module 'webull.core.auth.algorithm.sha_hmac1' from '/root/.venv/lib/python3.11/site-packages/webull/core/auth/algorithm/sha_hmac1.py'>",
  "_stock_order": {
    "client_order_id": "ar-f76655d8-0731-472f-950d-",
    "symbol": "NVDA",
    "instrument_type": "EQUITY",
    "market": "US",
    "order_type": "LIMIT",
    "side": "BUY",
    "time_in_force": "DAY",
    "entrust_type": "QTY",
    "quantity": "0.007622",
    "support_trading_session": "ALL",
    "account_tax_type": "GENERAL",
    "limit_price": "196.78"
  }
} Response:{'message': 'The time you sent is not supported. Please check. ', 'error_code': 'INVALID_PARAMETER'} ServerException:HTTP Status: 417, Code: INVALID_PARAMETER, Msg: The time you sent is not supported. Please check. , RequestID: d9724a53-37c6-45cb-bce1-1cb5899909e4
272680695624096 2026-07-06 02:38:00,133 webull.core.client ERROR get_response exception. {
  "error_code": "INVALID_PARAMETER",
  "error_msg": "The time you sent is not supported. Please check. ",
  "http_status": 417,
  "request_id": "d9724a53-37c6-45cb-bce1-1cb5899909e4"
}
272681248879008 2026-07-06 02:41:45,240 webull.core.client ERROR ServerException occurred. Host:api.webull.com SDK-Version:2.0.10 Request:{
  "_version": "v2",
  "_action_name": "/trade/order/place",
  "_protocol_type": "https",
  "_accept_format": "JSON",
  "_params": {},
  "_method": "POST",
  "_header": {
    "x-version": "v2",
    "Accept-Encoding": "gzip",
    "x-app-key": "bf67888c79f28465cba7afc02717dbcb",
    "x-timestamp": "2026-07-06T02:41:45Z",
    "x-signature-version": "1.0",
    "x-signature-algorithm": "HMAC-SHA1",
    "x-signature-nonce": "da7d620d-7c81-51f0-a7c9-1913b3335a61",
    "x-signature": "er7FCrcv9bDgi1Q09r+VdJmz+3s=",
    "User-Agent": "WebullApiSDK (Linux 6.12.68+;aarch64) Python/3.11.15 Core/2.0.10 python-requests/2.33.1",
    "x-webull-client-source": "sdk",
    "Content-Length": "347",
    "Content-Type": "application/json"
  },
  "_body_params": {
    "stock_order": {
      "client_order_id": "ar-5d1ae778-8f93-436f-ac33-",
      "symbol": "AEP",
      "instrument_type": "EQUITY",
      "market": "US",
      "order_type": "LIMIT",
      "side": "SELL",
      "time_in_force": "DAY",
      "entrust_type": "QTY",
      "quantity": "0.021878",
      "support_trading_session": "ALL",
      "account_tax_type": "GENERAL",
      "limit_price": "137.12"
    },
    "account_id": "F8ISIGG74NU0C495ILNGG99D29"
  },
  "_uri_pattern": null,
  "_uri_params": null,
  "_content": "{\"stock_order\":{\"client_order_id\":\"ar-5d1ae778-8f93-436f-ac33-\",\"symbol\":\"AEP\",\"instrument_type\":\"EQUITY\",\"market\":\"US\",\"order_type\":\"LIMIT\",\"side\":\"SELL\",\"time_in_force\":\"DAY\",\"entrust_type\":\"QTY\",\"quantity\":\"0.021878\",\"support_trading_session\":\"ALL\",\"account_tax_type\":\"GENERAL\",\"limit_price\":\"137.12\"},\"account_id\":\"F8ISIGG74NU0C495ILNGG99D29\"}",
  "_extra_user_agent": {},
  "string_to_sign": "",
  "_request_connect_timeout": null,
  "_request_read_timeout": null,
  "endpoint": "api.webull.com",
  "_signer_spec": "<module 'webull.core.auth.algorithm.sha_hmac1' from '/root/.venv/lib/python3.11/site-packages/webull/core/auth/algorithm/sha_hmac1.py'>",
  "_stock_order": {
    "client_order_id": "ar-5d1ae778-8f93-436f-ac33-",
    "symbol": "AEP",
    "instrument_type": "EQUITY",
    "market": "US",
    "order_type": "LIMIT",
    "side": "SELL",
    "time_in_force": "DAY",
    "entrust_type": "QTY",
    "quantity": "0.021878",
    "support_trading_session": "ALL",
    "account_tax_type": "GENERAL",
    "limit_price": "137.12"
  }
} Response:{'message': 'The time you sent is not supported. Please check. ', 'error_code': 'INVALID_PARAMETER'} ServerException:HTTP Status: 417, Code: INVALID_PARAMETER, Msg: The time you sent is not supported. Please check. , RequestID: 9f53b3af-99d7-440f-ab5a-23516e0f8ac1
272681248879008 2026-07-06 02:41:45,240 webull.core.client ERROR get_response exception. {
  "error_code": "INVALID_PARAMETER",
  "error_msg": "The time you sent is not supported. Please check. ",
  "http_status": 417,
  "request_id": "9f53b3af-99d7-440f-ab5a-23516e0f8ac1"
}
272680695624096 2026-07-06 02:42:28,040 webull.core.client ERROR ServerException occurred. Host:api.webull.com SDK-Version:2.0.10 Request:{
  "_version": "v2",
  "_action_name": "/trade/order/place",
  "_protocol_type": "https",
  "_accept_format": "JSON",
  "_params": {},
  "_method": "POST",
  "_header": {
    "x-version": "v2",
    "Accept-Encoding": "gzip",
    "x-app-key": "bf67888c79f28465cba7afc02717dbcb",
    "x-timestamp": "2026-07-06T02:42:27Z",
    "x-signature-version": "1.0",
    "x-signature-algorithm": "HMAC-SHA1",
    "x-signature-nonce": "f6c51bc3-9cc1-512d-ae55-12161d96df1d",
    "x-signature": "gRH8MaqrCc/viZ26m+Rjpf2r6y4=",
    "User-Agent": "WebullApiSDK (Linux 6.12.68+;aarch64) Python/3.11.15 Core/2.0.10 python-requests/2.33.1",
    "x-webull-client-source": "sdk",
    "Content-Length": "347",
    "Content-Type": "application/json"
  },
  "_body_params": {
    "stock_order": {
      "client_order_id": "ar-7db028c8-cf6b-4bb4-843b-",
      "symbol": "NVDA",
      "instrument_type": "EQUITY",
      "market": "US",
      "order_type": "LIMIT",
      "side": "BUY",
      "time_in_force": "DAY",
      "entrust_type": "QTY",
      "quantity": "0.007622",
      "support_trading_session": "ALL",
      "account_tax_type": "GENERAL",
      "limit_price": "196.78"
    },
    "account_id": "F8ISIGG74NU0C495ILNGG99D29"
  },
  "_uri_pattern": null,
  "_uri_params": null,
  "_content": "{\"stock_order\":{\"client_order_id\":\"ar-7db028c8-cf6b-4bb4-843b-\",\"symbol\":\"NVDA\",\"instrument_type\":\"EQUITY\",\"market\":\"US\",\"order_type\":\"LIMIT\",\"side\":\"BUY\",\"time_in_force\":\"DAY\",\"entrust_type\":\"QTY\",\"quantity\":\"0.007622\",\"support_trading_session\":\"ALL\",\"account_tax_type\":\"GENERAL\",\"limit_price\":\"196.78\"},\"account_id\":\"F8ISIGG74NU0C495ILNGG99D29\"}",
  "_extra_user_agent": {},
  "string_to_sign": "",
  "_request_connect_timeout": null,
  "_request_read_timeout": null,
  "endpoint": "api.webull.com",
  "_signer_spec": "<module 'webull.core.auth.algorithm.sha_hmac1' from '/root/.venv/lib/python3.11/site-packages/webull/core/auth/algorithm/sha_hmac1.py'>",
  "_stock_order": {
    "client_order_id": "ar-7db028c8-cf6b-4bb4-843b-",
    "symbol": "NVDA",
    "instrument_type": "EQUITY",
    "market": "US",
    "order_type": "LIMIT",
    "side": "BUY",
    "time_in_force": "DAY",
    "entrust_type": "QTY",
    "quantity": "0.007622",
    "support_trading_session": "ALL",
    "account_tax_type": "GENERAL",
    "limit_price": "196.78"
  }
} Response:{'message': 'The time you sent is not supported. Please check. ', 'error_code': 'INVALID_PARAMETER'} ServerException:HTTP Status: 417, Code: INVALID_PARAMETER, Msg: The time you sent is not supported. Please check. , RequestID: 84fea57e-c8b9-4f5a-93b7-38f7ea170cc9
272680695624096 2026-07-06 02:42:28,040 webull.core.client ERROR get_response exception. {
  "error_code": "INVALID_PARAMETER",
  "error_msg": "The time you sent is not supported. Please check. ",
  "http_status": 417,
  "request_id": "84fea57e-c8b9-4f5a-93b7-38f7ea170cc9"
}
272681653240224 2026-07-06 02:42:28,250 webull.core.client ERROR ServerException occurred. Host:api.webull.com SDK-Version:2.0.10 Request:{
  "_version": "v2",
  "_action_name": "/trade/order/place",
  "_protocol_type": "https",
  "_accept_format": "JSON",
  "_params": {},
  "_method": "POST",
  "_header": {
    "x-version": "v2",
    "Accept-Encoding": "gzip",
    "x-app-key": "bf67888c79f28465cba7afc02717dbcb",
    "x-timestamp": "2026-07-06T02:42:28Z",
    "x-signature-version": "1.0",
    "x-signature-algorithm": "HMAC-SHA1",
    "x-signature-nonce": "a47be264-a75f-56c2-8c4a-cbdd7f20fbc8",
    "x-signature": "pee7mgZ/ho31TDjHFknyO9VPShY=",
    "User-Agent": "WebullApiSDK (Linux 6.12.68+;aarch64) Python/3.11.15 Core/2.0.10 python-requests/2.33.1",
    "x-webull-client-source": "sdk",
    "Content-Length": "347",
    "Content-Type": "application/json"
  },
  "_body_params": {
    "stock_order": {
      "client_order_id": "ar-cca4a685-34b5-4944-b7c6-",
      "symbol": "NVDA",
      "instrument_type": "EQUITY",
      "market": "US",
      "order_type": "LIMIT",
      "side": "BUY",
      "time_in_force": "DAY",
      "entrust_type": "QTY",
      "quantity": "0.015245",
      "support_trading_session": "ALL",
      "account_tax_type": "GENERAL",
      "limit_price": "196.78"
    },
    "account_id": "F8ISIGG74NU0C495ILNGG99D29"
  },
  "_uri_pattern": null,
  "_uri_params": null,
  "_content": "{\"stock_order\":{\"client_order_id\":\"ar-cca4a685-34b5-4944-b7c6-\",\"symbol\":\"NVDA\",\"instrument_type\":\"EQUITY\",\"market\":\"US\",\"order_type\":\"LIMIT\",\"side\":\"BUY\",\"time_in_force\":\"DAY\",\"entrust_type\":\"QTY\",\"quantity\":\"0.015245\",\"support_trading_session\":\"ALL\",\"account_tax_type\":\"GENERAL\",\"limit_price\":\"196.78\"},\"account_id\":\"F8ISIGG74NU0C495ILNGG99D29\"}",
  "_extra_user_agent": {},
  "string_to_sign": "",
  "_request_connect_timeout": null,
  "_request_read_timeout": null,
  "endpoint": "api.webull.com",
  "_signer_spec": "<module 'webull.core.auth.algorithm.sha_hmac1' from '/root/.venv/lib/python3.11/site-packages/webull/core/auth/algorithm/sha_hmac1.py'>",
  "_stock_order": {
    "client_order_id": "ar-cca4a685-34b5-4944-b7c6-",
    "symbol": "NVDA",
    "instrument_type": "EQUITY",
    "market": "US",
    "order_type": "LIMIT",
    "side": "BUY",
    "time_in_force": "DAY",
    "entrust_type": "QTY",
    "quantity": "0.015245",
    "support_trading_session": "ALL",
    "account_tax_type": "GENERAL",
    "limit_price": "196.78"
  }
} Response:{'message': 'The time you sent is not supported. Please check. ', 'error_code': 'INVALID_PARAMETER'} ServerException:HTTP Status: 417, Code: INVALID_PARAMETER, Msg: The time you sent is not supported. Please check. , RequestID: af79ef15-4d9a-4c32-8d7e-fe46910c1188
272681653240224 2026-07-06 02:42:28,250 webull.core.client ERROR get_response exception. {
  "error_code": "INVALID_PARAMETER",
  "error_msg": "The time you sent is not supported. Please check. ",
  "http_status": 417,
  "request_id": "af79ef15-4d9a-4c32-8d7e-fe46910c1188"
}
272681257333152 2026-07-06 02:42:28,377 webull.core.client ERROR ServerException occurred. Host:api.webull.com SDK-Version:2.0.10 Request:{
  "_version": "v2",
  "_action_name": "/openapi/assets/balance",
  "_protocol_type": "https",
  "_accept_format": "JSON",
  "_params": {
    "account_id": "F8ISIGG74NU0C495ILNGG99D29"
  },
  "_method": "GET",
  "_header": {
    "x-version": "v2",
    "Accept-Encoding": "gzip",
    "x-app-key": "bf67888c79f28465cba7afc02717dbcb",
    "x-timestamp": "2026-07-06T02:42:28Z",
    "x-signature-version": "1.0",
    "x-signature-algorithm": "HMAC-SHA1",
    "x-signature-nonce": "33b58b41-0266-5236-9ce8-223feaf34710",
    "x-signature": "WaSjCyIoi/Y/UlRQ/jUuUJEWc1w=",
    "User-Agent": "WebullApiSDK (Linux 6.12.68+;aarch64) Python/3.11.15 Core/2.0.10 python-requests/2.33.1",
    "x-webull-client-source": "sdk"
  },
  "_body_params": null,
  "_uri_pattern": null,
  "_uri_params": null,
  "_content": null,
  "_extra_user_agent": {},
  "string_to_sign": "",
  "_request_connect_timeout": null,
  "_request_read_timeout": null,
  "endpoint": "api.webull.com",
  "_signer_spec": "<module 'webull.core.auth.algorithm.sha_hmac1' from '/root/.venv/lib/python3.11/site-packages/webull/core/auth/algorithm/sha_hmac1.py'>"
} Response:{'message': 'Too many requests', 'error_code': 'TOO_MANY_REQUESTS'} ServerException:HTTP Status: 429, Code: TOO_MANY_REQUESTS, Msg: Too many requests, RequestID: 4ce3f21f-e8b7-443f-9224-d142dced2efa
272681257333152 2026-07-06 02:42:28,378 webull.core.client ERROR get_response exception. {
  "error_code": "TOO_MANY_REQUESTS",
  "error_msg": "Too many requests",
  "http_status": 429,
  "request_id": "4ce3f21f-e8b7-443f-9224-d142dced2efa"
}
272681282695584 2026-07-06 02:42:28,479 webull.core.client ERROR ServerException occurred. Host:api.webull.com SDK-Version:2.0.10 Request:{
  "_version": "v2",
  "_action_name": "/trade/order/place",
  "_protocol_type": "https",
  "_accept_format": "JSON",
  "_params": {},
  "_method": "POST",
  "_header": {
    "x-version": "v2",
    "Accept-Encoding": "gzip",
    "x-app-key": "bf67888c79f28465cba7afc02717dbcb",
    "x-timestamp": "2026-07-06T02:42:28Z",
    "x-signature-version": "1.0",
    "x-signature-algorithm": "HMAC-SHA1",
    "x-signature-nonce": "4cde5e5b-4111-5957-84d3-e5d5957feb54",
    "x-signature": "1Okf7wn5B5pxd6NJUdDTy7d2++U=",
    "User-Agent": "WebullApiSDK (Linux 6.12.68+;aarch64) Python/3.11.15 Core/2.0.10 python-requests/2.33.1",
    "x-webull-client-source": "sdk",
    "Content-Length": "347",
    "Content-Type": "application/json"
  },
  "_body_params": {
    "stock_order": {
      "client_order_id": "ar-7db028c8-cf6b-4bb4-843b-",
      "symbol": "NVDA",
      "instrument_type": "EQUITY",
      "market": "US",
      "order_type": "LIMIT",
      "side": "BUY",
      "time_in_force": "DAY",
      "entrust_type": "QTY",
      "quantity": "0.007622",
      "support_trading_session": "ALL",
      "account_tax_type": "GENERAL",
      "limit_price": "196.78"
    },
    "account_id": "F8ISIGG74NU0C495ILNGG99D29"
  },
  "_uri_pattern": null,
  "_uri_params": null,
  "_content": "{\"stock_order\":{\"client_order_id\":\"ar-7db028c8-cf6b-4bb4-843b-\",\"symbol\":\"NVDA\",\"instrument_type\":\"EQUITY\",\"market\":\"US\",\"order_type\":\"LIMIT\",\"side\":\"BUY\",\"time_in_force\":\"DAY\",\"entrust_type\":\"QTY\",\"quantity\":\"0.007622\",\"support_trading_session\":\"ALL\",\"account_tax_type\":\"GENERAL\",\"limit_price\":\"196.78\"},\"account_id\":\"F8ISIGG74NU0C495ILNGG99D29\"}",
  "_extra_user_agent": {},
  "string_to_sign": "",
  "_request_connect_timeout": null,
  "_request_read_timeout": null,
  "endpoint": "api.webull.com",
  "_signer_spec": "<module 'webull.core.auth.algorithm.sha_hmac1' from '/root/.venv/lib/python3.11/site-packages/webull/core/auth/algorithm/sha_hmac1.py'>",
  "_stock_order": {
    "client_order_id": "ar-7db028c8-cf6b-4bb4-843b-",
    "symbol": "NVDA",
    "instrument_type": "EQUITY",
    "market": "US",
    "order_type": "LIMIT",
    "side": "BUY",
    "time_in_force": "DAY",
    "entrust_type": "QTY",
    "quantity": "0.007622",
    "support_trading_session": "ALL",
    "account_tax_type": "GENERAL",
    "limit_price": "196.78"
  }
} Response:{'message': 'The time you sent is not supported. Please check. ', 'error_code': 'INVALID_PARAMETER'} ServerException:HTTP Status: 417, Code: INVALID_PARAMETER, Msg: The time you sent is not supported. Please check. , RequestID: 989d5f98-9c5f-4271-99a2-e7ec2a956035
272681282695584 2026-07-06 02:42:28,480 webull.core.client ERROR get_response exception. {
  "error_code": "INVALID_PARAMETER",
  "error_msg": "The time you sent is not supported. Please check. ",
  "http_status": 417,
  "request_id": "989d5f98-9c5f-4271-99a2-e7ec2a956035"
}
272681282695584 2026-07-06 02:42:28,795 webull.core.client ERROR ServerException occurred. Host:api.webull.com SDK-Version:2.0.10 Request:{
  "_version": "v2",
  "_action_name": "/openapi/assets/balance",
  "_protocol_type": "https",
  "_accept_format": "JSON",
  "_params": {
    "account_id": "F8ISIGG74NU0C495ILNGG99D29"
  },
  "_method": "GET",
  "_header": {
    "x-version": "v2",
    "Accept-Encoding": "gzip",
    "x-app-key": "bf67888c79f28465cba7afc02717dbcb",
    "x-timestamp": "2026-07-06T02:42:28Z",
    "x-signature-version": "1.0",
    "x-signature-algorithm": "HMAC-SHA1",
    "x-signature-nonce": "a260ac03-a077-5896-a82f-56471db722cf",
    "x-signature": "QIgtgDmzXUxd6/Qa6tVDYlenbaA=",
    "User-Agent": "WebullApiSDK (Linux 6.12.68+;aarch64) Python/3.11.15 Core/2.0.10 python-requests/2.33.1",
    "x-webull-client-source": "sdk"
  },
  "_body_params": null,
  "_uri_pattern": null,
  "_uri_params": null,
  "_content": null,
  "_extra_user_agent": {},
  "string_to_sign": "",
  "_request_connect_timeout": null,
  "_request_read_timeout": null,
  "endpoint": "api.webull.com",
  "_signer_spec": "<module 'webull.core.auth.algorithm.sha_hmac1' from '/root/.venv/lib/python3.11/site-packages/webull/core/auth/algorithm/sha_hmac1.py'>"
} Response:{'error_code': 'TOO_MANY_REQUESTS', 'message': 'Too many requests'} ServerException:HTTP Status: 429, Code: TOO_MANY_REQUESTS, Msg: Too many requests, RequestID: 85362bf1-adeb-41aa-9065-879cc396c5e9
272681282695584 2026-07-06 02:42:28,796 webull.core.client ERROR get_response exception. {
  "error_code": "TOO_MANY_REQUESTS",
  "error_msg": "Too many requests",
  "http_status": 429,
  "request_id": "85362bf1-adeb-41aa-9065-879cc396c5e9"
}
272681248879008 2026-07-06 02:42:28,881 webull.core.client ERROR ServerException occurred. Host:api.webull.com SDK-Version:2.0.10 Request:{
  "_version": "v2",
  "_action_name": "/trade/order/place",
  "_protocol_type": "https",
  "_accept_format": "JSON",
  "_params": {},
  "_method": "POST",
  "_header": {
    "x-version": "v2",
    "Accept-Encoding": "gzip",
    "x-app-key": "bf67888c79f28465cba7afc02717dbcb",
    "x-timestamp": "2026-07-06T02:42:28Z",
    "x-signature-version": "1.0",
    "x-signature-algorithm": "HMAC-SHA1",
    "x-signature-nonce": "9c00ba8b-bfc3-5a04-a4b8-35f80f29d75f",
    "x-signature": "BClYLz7d4eiG9TGFic40aKjHA3k=",
    "User-Agent": "WebullApiSDK (Linux 6.12.68+;aarch64) Python/3.11.15 Core/2.0.10 python-requests/2.33.1",
    "x-webull-client-source": "sdk",
    "Content-Length": "347",
    "Content-Type": "application/json"
  },
  "_body_params": {
    "stock_order": {
      "client_order_id": "ar-d58d5fd3-ce40-4bd7-afcc-",
      "symbol": "NVDA",
      "instrument_type": "EQUITY",
      "market": "US",
      "order_type": "LIMIT",
      "side": "BUY",
      "time_in_force": "DAY",
      "entrust_type": "QTY",
      "quantity": "0.015245",
      "support_trading_session": "ALL",
      "account_tax_type": "GENERAL",
      "limit_price": "196.78"
    },
    "account_id": "F8ISIGG74NU0C495ILNGG99D29"
  },
  "_uri_pattern": null,
  "_uri_params": null,
  "_content": "{\"stock_order\":{\"client_order_id\":\"ar-d58d5fd3-ce40-4bd7-afcc-\",\"symbol\":\"NVDA\",\"instrument_type\":\"EQUITY\",\"market\":\"US\",\"order_type\":\"LIMIT\",\"side\":\"BUY\",\"time_in_force\":\"DAY\",\"entrust_type\":\"QTY\",\"quantity\":\"0.015245\",\"support_trading_session\":\"ALL\",\"account_tax_type\":\"GENERAL\",\"limit_price\":\"196.78\"},\"account_id\":\"F8ISIGG74NU0C495ILNGG99D29\"}",
  "_extra_user_agent": {},
  "string_to_sign": "",
  "_request_connect_timeout": null,
  "_request_read_timeout": null,
  "endpoint": "api.webull.com",
  "_signer_spec": "<module 'webull.core.auth.algorithm.sha_hmac1' from '/root/.venv/lib/python3.11/site-packages/webull/core/auth/algorithm/sha_hmac1.py'>",
  "_stock_order": {
    "client_order_id": "ar-d58d5fd3-ce40-4bd7-afcc-",
    "symbol": "NVDA",
    "instrument_type": "EQUITY",
    "market": "US",
    "order_type": "LIMIT",
    "side": "BUY",
    "time_in_force": "DAY",
    "entrust_type": "QTY",
    "quantity": "0.015245",
    "support_trading_session": "ALL",
    "account_tax_type": "GENERAL",
    "limit_price": "196.78"
  }
} Response:{'message': 'The time you sent is not supported. Please check. ', 'error_code': 'INVALID_PARAMETER'} ServerException:HTTP Status: 417, Code: INVALID_PARAMETER, Msg: The time you sent is not supported. Please check. , RequestID: 175fd2c9-d973-4f4b-bbad-0ead3edc3419
272681248879008 2026-07-06 02:42:28,881 webull.core.client ERROR get_response exception. {
  "error_code": "INVALID_PARAMETER",
  "error_msg": "The time you sent is not supported. Please check. ",
  "http_status": 417,
  "request_id": "175fd2c9-d973-4f4b-bbad-0ead3edc3419"
}
272681653240224 2026-07-06 02:42:30,435 webull.core.client ERROR ServerException occurred. Host:api.webull.com SDK-Version:2.0.10 Request:{
  "_version": "v2",
  "_action_name": "/trade/order/place",
  "_protocol_type": "https",
  "_accept_format": "JSON",
  "_params": {},
  "_method": "POST",
  "_header": {
    "x-version": "v2",
    "Accept-Encoding": "gzip",
    "x-app-key": "bf67888c79f28465cba7afc02717dbcb",
    "x-timestamp": "2026-07-06T02:42:30Z",
    "x-signature-version": "1.0",
    "x-signature-algorithm": "HMAC-SHA1",
    "x-signature-nonce": "cfecb6e1-3b0b-5e2a-91f4-b92c1d5b6fe2",
    "x-signature": "FfULZJ0UmLfyaMbdqOCzOxS9XVs=",
    "User-Agent": "WebullApiSDK (Linux 6.12.68+;aarch64) Python/3.11.15 Core/2.0.10 python-requests/2.33.1",
    "x-webull-client-source": "sdk",
    "Content-Length": "347",
    "Content-Type": "application/json"
  },
  "_body_params": {
    "stock_order": {
      "client_order_id": "ar-6a715902-7bd6-4dfa-a84c-",
      "symbol": "NVDA",
      "instrument_type": "EQUITY",
      "market": "US",
      "order_type": "LIMIT",
      "side": "BUY",
      "time_in_force": "DAY",
      "entrust_type": "QTY",
      "quantity": "0.007622",
      "support_trading_session": "ALL",
      "account_tax_type": "GENERAL",
      "limit_price": "196.78"
    },
    "account_id": "F8ISIGG74NU0C495ILNGG99D29"
  },
  "_uri_pattern": null,
  "_uri_params": null,
  "_content": "{\"stock_order\":{\"client_order_id\":\"ar-6a715902-7bd6-4dfa-a84c-\",\"symbol\":\"NVDA\",\"instrument_type\":\"EQUITY\",\"market\":\"US\",\"order_type\":\"LIMIT\",\"side\":\"BUY\",\"time_in_force\":\"DAY\",\"entrust_type\":\"QTY\",\"quantity\":\"0.007622\",\"support_trading_session\":\"ALL\",\"account_tax_type\":\"GENERAL\",\"limit_price\":\"196.78\"},\"account_id\":\"F8ISIGG74NU0C495ILNGG99D29\"}",
  "_extra_user_agent": {},
  "string_to_sign": "",
  "_request_connect_timeout": null,
  "_request_read_timeout": null,
  "endpoint": "api.webull.com",
  "_signer_spec": "<module 'webull.core.auth.algorithm.sha_hmac1' from '/root/.venv/lib/python3.11/site-packages/webull/core/auth/algorithm/sha_hmac1.py'>",
  "_stock_order": {
    "client_order_id": "ar-6a715902-7bd6-4dfa-a84c-",
    "symbol": "NVDA",
    "instrument_type": "EQUITY",
    "market": "US",
    "order_type": "LIMIT",
    "side": "BUY",
    "time_in_force": "DAY",
    "entrust_type": "QTY",
    "quantity": "0.007622",
    "support_trading_session": "ALL",
    "account_tax_type": "GENERAL",
    "limit_price": "196.78"
  }
} Response:{'message': 'The time you sent is not supported. Please check. ', 'error_code': 'INVALID_PARAMETER'} ServerException:HTTP Status: 417, Code: INVALID_PARAMETER, Msg: The time you sent is not supported. Please check. , RequestID: 9709de7d-78ed-4da9-9742-be73489f2cf4
272681653240224 2026-07-06 02:42:30,435 webull.core.client ERROR get_response exception. {
  "error_code": "INVALID_PARAMETER",
  "error_msg": "The time you sent is not supported. Please check. ",
  "http_status": 417,
  "request_id": "9709de7d-78ed-4da9-9742-be73489f2cf4"
}
273948038066592 2026-07-06 02:43:06,445 webull.core.client ERROR ServerException occurred. Host:api.webull.com SDK-Version:2.0.10 Request:{
  "_version": "v2",
  "_action_name": "/openapi/assets/balance",
  "_protocol_type": "https",
  "_accept_format": "JSON",
  "_params": {
    "account_id": "F8ISIGG74NU0C495ILNGG99D29"
  },
  "_method": "GET",
  "_header": {
    "x-version": "v2",
    "Accept-Encoding": "gzip",
    "x-app-key": "bf67888c79f28465cba7afc02717dbcb",
    "x-timestamp": "2026-07-06T02:43:06Z",
    "x-signature-version": "1.0",
    "x-signature-algorithm": "HMAC-SHA1",
    "x-signature-nonce": "a4eb1179-598c-57dc-8c65-8ede41fe1f0f",
    "x-signature": "6wZQX2RPpHen4qPOIyoAbQuLW14=",
    "User-Agent": "WebullApiSDK (Linux 6.12.68+;aarch64) Python/3.11.15 Core/2.0.10 python-requests/2.33.1",
    "x-webull-client-source": "sdk"
  },
  "_body_params": null,
  "_uri_pattern": null,
  "_uri_params": null,
  "_content": null,
  "_extra_user_agent": {},
  "string_to_sign": "",
  "_request_connect_timeout": null,
  "_request_read_timeout": null,
  "endpoint": "api.webull.com",
  "_signer_spec": "<module 'webull.core.auth.algorithm.sha_hmac1' from '/root/.venv/lib/python3.11/site-packages/webull/core/auth/algorithm/sha_hmac1.py'>"
} Response:{'error_code': 'TOO_MANY_REQUESTS', 'message': 'Too many requests'} ServerException:HTTP Status: 429, Code: TOO_MANY_REQUESTS, Msg: Too many requests, RequestID: 35af620b-4ef1-4cf8-a3be-b29a72d5f9c3
273948038066592 2026-07-06 02:43:06,446 webull.core.client ERROR get_response exception. {
  "error_code": "TOO_MANY_REQUESTS",
  "error_msg": "Too many requests",
  "http_status": 429,
  "request_id": "35af620b-4ef1-4cf8-a3be-b29a72d5f9c3"
}
273948012704160 2026-07-06 02:43:06,462 webull.core.client ERROR ServerException occurred. Host:api.webull.com SDK-Version:2.0.10 Request:{
  "_version": "v2",
  "_action_name": "/openapi/assets/balance",
  "_protocol_type": "https",
  "_accept_format": "JSON",
  "_params": {
    "account_id": "F8ISIGG74NU0C495ILNGG99D29"
  },
  "_method": "GET",
  "_header": {
    "x-version": "v2",
    "Accept-Encoding": "gzip",
    "x-app-key": "bf67888c79f28465cba7afc02717dbcb",
    "x-timestamp": "2026-07-06T02:43:06Z",
    "x-signature-version": "1.0",
    "x-signature-algorithm": "HMAC-SHA1",
    "x-signature-nonce": "a189127e-6783-57be-8bbf-691fbf30c2e2",
    "x-signature": "nigJL4NcfQtL+ndJqS2hAHVJQFI=",
    "User-Agent": "WebullApiSDK (Linux 6.12.68+;aarch64) Python/3.11.15 Core/2.0.10 python-requests/2.33.1",
    "x-webull-client-source": "sdk"
  },
  "_body_params": null,
  "_uri_pattern": null,
  "_uri_params": null,
  "_content": null,
  "_extra_user_agent": {},
  "string_to_sign": "",
  "_request_connect_timeout": null,
  "_request_read_timeout": null,
  "endpoint": "api.webull.com",
  "_signer_spec": "<module 'webull.core.auth.algorithm.sha_hmac1' from '/root/.venv/lib/python3.11/site-packages/webull/core/auth/algorithm/sha_hmac1.py'>"
} Response:{'message': 'Too many requests', 'error_code': 'TOO_MANY_REQUESTS'} ServerException:HTTP Status: 429, Code: TOO_MANY_REQUESTS, Msg: Too many requests, RequestID: 08fc5f14-b253-4c57-a71f-85185c19ecad
273948012704160 2026-07-06 02:43:06,463 webull.core.client ERROR get_response exception. {
  "error_code": "TOO_MANY_REQUESTS",
  "error_msg": "Too many requests",
  "http_status": 429,
  "request_id": "08fc5f14-b253-4c57-a71f-85185c19ecad"
}
273948046520736 2026-07-06 02:43:06,547 webull.core.client ERROR ServerException occurred. Host:api.webull.com SDK-Version:2.0.10 Request:{
  "_version": "v2",
  "_action_name": "/trade/order/place",
  "_protocol_type": "https",
  "_accept_format": "JSON",
  "_params": {},
  "_method": "POST",
  "_header": {
    "x-version": "v2",
    "Accept-Encoding": "gzip",
    "x-app-key": "bf67888c79f28465cba7afc02717dbcb",
    "x-timestamp": "2026-07-06T02:43:06Z",
    "x-signature-version": "1.0",
    "x-signature-algorithm": "HMAC-SHA1",
    "x-signature-nonce": "0907de00-f50e-5ddd-99cc-cfba81eae13e",
    "x-signature": "m6JK6zrvZt3n0t2DygTRW+knMlE=",
    "User-Agent": "WebullApiSDK (Linux 6.12.68+;aarch64) Python/3.11.15 Core/2.0.10 python-requests/2.33.1",
    "x-webull-client-source": "sdk",
    "Content-Length": "347",
    "Content-Type": "application/json"
  },
  "_body_params": {
    "stock_order": {
      "client_order_id": "ar-f239f05b-cee7-4a51-9bfd-",
      "symbol": "NVDA",
      "instrument_type": "EQUITY",
      "market": "US",
      "order_type": "LIMIT",
      "side": "BUY",
      "time_in_force": "DAY",
      "entrust_type": "QTY",
      "quantity": "0.007622",
      "support_trading_session": "ALL",
      "account_tax_type": "GENERAL",
      "limit_price": "196.78"
    },
    "account_id": "F8ISIGG74NU0C495ILNGG99D29"
  },
  "_uri_pattern": null,
  "_uri_params": null,
  "_content": "{\"stock_order\":{\"client_order_id\":\"ar-f239f05b-cee7-4a51-9bfd-\",\"symbol\":\"NVDA\",\"instrument_type\":\"EQUITY\",\"market\":\"US\",\"order_type\":\"LIMIT\",\"side\":\"BUY\",\"time_in_force\":\"DAY\",\"entrust_type\":\"QTY\",\"quantity\":\"0.007622\",\"support_trading_session\":\"ALL\",\"account_tax_type\":\"GENERAL\",\"limit_price\":\"196.78\"},\"account_id\":\"F8ISIGG74NU0C495ILNGG99D29\"}",
  "_extra_user_agent": {},
  "string_to_sign": "",
  "_request_connect_timeout": null,
  "_request_read_timeout": null,
  "endpoint": "api.webull.com",
  "_signer_spec": "<module 'webull.core.auth.algorithm.sha_hmac1' from '/root/.venv/lib/python3.11/site-packages/webull/core/auth/algorithm/sha_hmac1.py'>",
  "_stock_order": {
    "client_order_id": "ar-f239f05b-cee7-4a51-9bfd-",
    "symbol": "NVDA",
    "instrument_type": "EQUITY",
    "market": "US",
    "order_type": "LIMIT",
    "side": "BUY",
    "time_in_force": "DAY",
    "entrust_type": "QTY",
    "quantity": "0.007622",
    "support_trading_session": "ALL",
    "account_tax_type": "GENERAL",
    "limit_price": "196.78"
  }
} Response:{'message': 'The time you sent is not supported. Please check. ', 'error_code': 'INVALID_PARAMETER'} ServerException:HTTP Status: 417, Code: INVALID_PARAMETER, Msg: The time you sent is not supported. Please check. , RequestID: 1e1250dc-8d58-4268-8cf5-ede1e0d70fe0
273948046520736 2026-07-06 02:43:06,548 webull.core.client ERROR get_response exception. {
  "error_code": "INVALID_PARAMETER",
  "error_msg": "The time you sent is not supported. Please check. ",
  "http_status": 417,
  "request_id": "1e1250dc-8d58-4268-8cf5-ede1e0d70fe0"
}
273948549575072 2026-07-06 02:43:06,556 webull.core.client ERROR ServerException occurred. Host:api.webull.com SDK-Version:2.0.10 Request:{
  "_version": "v2",
  "_action_name": "/trade/order/place",
  "_protocol_type": "https",
  "_accept_format": "JSON",
  "_params": {},
  "_method": "POST",
  "_header": {
    "x-version": "v2",
    "Accept-Encoding": "gzip",
    "x-app-key": "bf67888c79f28465cba7afc02717dbcb",
    "x-timestamp": "2026-07-06T02:43:06Z",
    "x-signature-version": "1.0",
    "x-signature-algorithm": "HMAC-SHA1",
    "x-signature-nonce": "92b92f70-71de-50cc-930b-cd7571f2b89a",
    "x-signature": "jkrMe/oqVo4I9si/1zzgj7NtsuY=",
    "User-Agent": "WebullApiSDK (Linux 6.12.68+;aarch64) Python/3.11.15 Core/2.0.10 python-requests/2.33.1",
    "x-webull-client-source": "sdk",
    "Content-Length": "347",
    "Content-Type": "application/json"
  },
  "_body_params": {
    "stock_order": {
      "client_order_id": "ar-f239f05b-cee7-4a51-9bfd-",
      "symbol": "NVDA",
      "instrument_type": "EQUITY",
      "market": "US",
      "order_type": "LIMIT",
      "side": "BUY",
      "time_in_force": "DAY",
      "entrust_type": "QTY",
      "quantity": "0.007622",
      "support_trading_session": "ALL",
      "account_tax_type": "GENERAL",
      "limit_price": "196.78"
    },
    "account_id": "F8ISIGG74NU0C495ILNGG99D29"
  },
  "_uri_pattern": null,
  "_uri_params": null,
  "_content": "{\"stock_order\":{\"client_order_id\":\"ar-f239f05b-cee7-4a51-9bfd-\",\"symbol\":\"NVDA\",\"instrument_type\":\"EQUITY\",\"market\":\"US\",\"order_type\":\"LIMIT\",\"side\":\"BUY\",\"time_in_force\":\"DAY\",\"entrust_type\":\"QTY\",\"quantity\":\"0.007622\",\"support_trading_session\":\"ALL\",\"account_tax_type\":\"GENERAL\",\"limit_price\":\"196.78\"},\"account_id\":\"F8ISIGG74NU0C495ILNGG99D29\"}",
  "_extra_user_agent": {},
  "string_to_sign": "",
  "_request_connect_timeout": null,
  "_request_read_timeout": null,
  "endpoint": "api.webull.com",
  "_signer_spec": "<module 'webull.core.auth.algorithm.sha_hmac1' from '/root/.venv/lib/python3.11/site-packages/webull/core/auth/algorithm/sha_hmac1.py'>",
  "_stock_order": {
    "client_order_id": "ar-f239f05b-cee7-4a51-9bfd-",
    "symbol": "NVDA",
    "instrument_type": "EQUITY",
    "market": "US",
    "order_type": "LIMIT",
    "side": "BUY",
    "time_in_force": "DAY",
    "entrust_type": "QTY",
    "quantity": "0.007622",
    "support_trading_session": "ALL",
    "account_tax_type": "GENERAL",
    "limit_price": "196.78"
  }
} Response:{'message': 'The time you sent is not supported. Please check. ', 'error_code': 'INVALID_PARAMETER'} ServerException:HTTP Status: 417, Code: INVALID_PARAMETER, Msg: The time you sent is not supported. Please check. , RequestID: 82f62ede-b7ba-4517-974c-3f40afaeb03e
273948549575072 2026-07-06 02:43:06,556 webull.core.client ERROR get_response exception. {
  "error_code": "INVALID_PARAMETER",
  "error_msg": "The time you sent is not supported. Please check. ",
  "http_status": 417,
  "request_id": "82f62ede-b7ba-4517-974c-3f40afaeb03e"
}
273948038066592 2026-07-06 02:43:06,719 webull.core.client ERROR ServerException occurred. Host:api.webull.com SDK-Version:2.0.10 Request:{
  "_version": "v2",
  "_action_name": "/openapi/assets/balance",
  "_protocol_type": "https",
  "_accept_format": "JSON",
  "_params": {
    "account_id": "F8ISIGG74NU0C495ILNGG99D29"
  },
  "_method": "GET",
  "_header": {
    "x-version": "v2",
    "Accept-Encoding": "gzip",
    "x-app-key": "bf67888c79f28465cba7afc02717dbcb",
    "x-timestamp": "2026-07-06T02:43:06Z",
    "x-signature-version": "1.0",
    "x-signature-algorithm": "HMAC-SHA1",
    "x-signature-nonce": "e6ed6e62-37ce-50dd-96e7-94cd44bc3e12",
    "x-signature": "XJ30my2ddAArihnoptqUWybeO0k=",
    "User-Agent": "WebullApiSDK (Linux 6.12.68+;aarch64) Python/3.11.15 Core/2.0.10 python-requests/2.33.1",
    "x-webull-client-source": "sdk"
  },
  "_body_params": null,
  "_uri_pattern": null,
  "_uri_params": null,
  "_content": null,
  "_extra_user_agent": {},
  "string_to_sign": "",
  "_request_connect_timeout": null,
  "_request_read_timeout": null,
  "endpoint": "api.webull.com",
  "_signer_spec": "<module 'webull.core.auth.algorithm.sha_hmac1' from '/root/.venv/lib/python3.11/site-packages/webull/core/auth/algorithm/sha_hmac1.py'>"
} Response:{'error_code': 'TOO_MANY_REQUESTS', 'message': 'Too many requests'} ServerException:HTTP Status: 429, Code: TOO_MANY_REQUESTS, Msg: Too many requests, RequestID: 539cd75a-8b64-46b6-a558-d9d8a3af67d2
273948038066592 2026-07-06 02:43:06,719 webull.core.client ERROR get_response exception. {
  "error_code": "TOO_MANY_REQUESTS",
  "error_msg": "Too many requests",
  "http_status": 429,
  "request_id": "539cd75a-8b64-46b6-a558-d9d8a3af67d2"
}
273948029612448 2026-07-06 02:43:06,722 webull.core.client ERROR ServerException occurred. Host:api.webull.com SDK-Version:2.0.10 Request:{
  "_version": "v2",
  "_action_name": "/openapi/assets/balance",
  "_protocol_type": "https",
  "_accept_format": "JSON",
  "_params": {
    "account_id": "F8ISIGG74NU0C495ILNGG99D29"
  },
  "_method": "GET",
  "_header": {
    "x-version": "v2",
    "Accept-Encoding": "gzip",
    "x-app-key": "bf67888c79f28465cba7afc02717dbcb",
    "x-timestamp": "2026-07-06T02:43:06Z",
    "x-signature-version": "1.0",
    "x-signature-algorithm": "HMAC-SHA1",
    "x-signature-nonce": "c0d417b1-5c2e-593b-a6bc-5076e2bcaf7e",
    "x-signature": "cDZRfI5KUqY0NR2pAV/Rv91HV/M=",
    "User-Agent": "WebullApiSDK (Linux 6.12.68+;aarch64) Python/3.11.15 Core/2.0.10 python-requests/2.33.1",
    "x-webull-client-source": "sdk"
  },
  "_body_params": null,
  "_uri_pattern": null,
  "_uri_params": null,
  "_content": null,
  "_extra_user_agent": {},
  "string_to_sign": "",
  "_request_connect_timeout": null,
  "_request_read_timeout": null,
  "endpoint": "api.webull.com",
  "_signer_spec": "<module 'webull.core.auth.algorithm.sha_hmac1' from '/root/.venv/lib/python3.11/site-packages/webull/core/auth/algorithm/sha_hmac1.py'>"
} Response:{'error_code': 'TOO_MANY_REQUESTS', 'message': 'Too many requests'} ServerException:HTTP Status: 429, Code: TOO_MANY_REQUESTS, Msg: Too many requests, RequestID: 5fbde94a-9ef4-49e6-86fd-8906d8b38250
273948029612448 2026-07-06 02:43:06,722 webull.core.client ERROR get_response exception. {
  "error_code": "TOO_MANY_REQUESTS",
  "error_msg": "Too many requests",
  "http_status": 429,
  "request_id": "5fbde94a-9ef4-49e6-86fd-8906d8b38250"
}
273948046520736 2026-07-06 02:43:06,832 webull.core.client ERROR ServerException occurred. Host:api.webull.com SDK-Version:2.0.10 Request:{
  "_version": "v2",
  "_action_name": "/trade/order/place",
  "_protocol_type": "https",
  "_accept_format": "JSON",
  "_params": {},
  "_method": "POST",
  "_header": {
    "x-version": "v2",
    "Accept-Encoding": "gzip",
    "x-app-key": "bf67888c79f28465cba7afc02717dbcb",
    "x-timestamp": "2026-07-06T02:43:06Z",
    "x-signature-version": "1.0",
    "x-signature-algorithm": "HMAC-SHA1",
    "x-signature-nonce": "035f9073-a539-5112-ab42-7192c396e0ef",
    "x-signature": "n4CQDzE9wvmpfuK1mqg9jpy0bXE=",
    "User-Agent": "WebullApiSDK (Linux 6.12.68+;aarch64) Python/3.11.15 Core/2.0.10 python-requests/2.33.1",
    "x-webull-client-source": "sdk",
    "Content-Length": "347",
    "Content-Type": "application/json"
  },
  "_body_params": {
    "stock_order": {
      "client_order_id": "ar-d808c5b1-b2d6-4d52-8667-",
      "symbol": "NVDA",
      "instrument_type": "EQUITY",
      "market": "US",
      "order_type": "LIMIT",
      "side": "BUY",
      "time_in_force": "DAY",
      "entrust_type": "QTY",
      "quantity": "0.015245",
      "support_trading_session": "ALL",
      "account_tax_type": "GENERAL",
      "limit_price": "196.78"
    },
    "account_id": "F8ISIGG74NU0C495ILNGG99D29"
  },
  "_uri_pattern": null,
  "_uri_params": null,
  "_content": "{\"stock_order\":{\"client_order_id\":\"ar-d808c5b1-b2d6-4d52-8667-\",\"symbol\":\"NVDA\",\"instrument_type\":\"EQUITY\",\"market\":\"US\",\"order_type\":\"LIMIT\",\"side\":\"BUY\",\"time_in_force\":\"DAY\",\"entrust_type\":\"QTY\",\"quantity\":\"0.015245\",\"support_trading_session\":\"ALL\",\"account_tax_type\":\"GENERAL\",\"limit_price\":\"196.78\"},\"account_id\":\"F8ISIGG74NU0C495ILNGG99D29\"}",
  "_extra_user_agent": {},
  "string_to_sign": "",
  "_request_connect_timeout": null,
  "_request_read_timeout": null,
  "endpoint": "api.webull.com",
  "_signer_spec": "<module 'webull.core.auth.algorithm.sha_hmac1' from '/root/.venv/lib/python3.11/site-packages/webull/core/auth/algorithm/sha_hmac1.py'>",
  "_stock_order": {
    "client_order_id": "ar-d808c5b1-b2d6-4d52-8667-",
    "symbol": "NVDA",
    "instrument_type": "EQUITY",
    "market": "US",
    "order_type": "LIMIT",
    "side": "BUY",
    "time_in_force": "DAY",
    "entrust_type": "QTY",
    "quantity": "0.015245",
    "support_trading_session": "ALL",
    "account_tax_type": "GENERAL",
    "limit_price": "196.78"
  }
} Response:{'message': 'The time you sent is not supported. Please check. ', 'error_code': 'INVALID_PARAMETER'} ServerException:HTTP Status: 417, Code: INVALID_PARAMETER, Msg: The time you sent is not supported. Please check. , RequestID: d43fead6-3e21-4e3b-ac5f-e07eaf454871
273948046520736 2026-07-06 02:43:06,832 webull.core.client ERROR get_response exception. {
  "error_code": "INVALID_PARAMETER",
  "error_msg": "The time you sent is not supported. Please check. ",
  "http_status": 417,
  "request_id": "d43fead6-3e21-4e3b-ac5f-e07eaf454871"
}
273948012704160 2026-07-06 02:43:06,833 webull.core.client ERROR ServerException occurred. Host:api.webull.com SDK-Version:2.0.10 Request:{
  "_version": "v2",
  "_action_name": "/trade/order/place",
  "_protocol_type": "https",
  "_accept_format": "JSON",
  "_params": {},
  "_method": "POST",
  "_header": {
    "x-version": "v2",
    "Accept-Encoding": "gzip",
    "x-app-key": "bf67888c79f28465cba7afc02717dbcb",
    "x-timestamp": "2026-07-06T02:43:06Z",
    "x-signature-version": "1.0",
    "x-signature-algorithm": "HMAC-SHA1",
    "x-signature-nonce": "b5f31da3-138e-5b01-b376-fd44557a0546",
    "x-signature": "+dyQk/B7wMCmtySti+9uyhFGe2k=",
    "User-Agent": "WebullApiSDK (Linux 6.12.68+;aarch64) Python/3.11.15 Core/2.0.10 python-requests/2.33.1",
    "x-webull-client-source": "sdk",
    "Content-Length": "347",
    "Content-Type": "application/json"
  },
  "_body_params": {
    "stock_order": {
      "client_order_id": "ar-d808c5b1-b2d6-4d52-8667-",
      "symbol": "NVDA",
      "instrument_type": "EQUITY",
      "market": "US",
      "order_type": "LIMIT",
      "side": "BUY",
      "time_in_force": "DAY",
      "entrust_type": "QTY",
      "quantity": "0.015245",
      "support_trading_session": "ALL",
      "account_tax_type": "GENERAL",
      "limit_price": "196.78"
    },
    "account_id": "F8ISIGG74NU0C495ILNGG99D29"
  },
  "_uri_pattern": null,
  "_uri_params": null,
  "_content": "{\"stock_order\":{\"client_order_id\":\"ar-d808c5b1-b2d6-4d52-8667-\",\"symbol\":\"NVDA\",\"instrument_type\":\"EQUITY\",\"market\":\"US\",\"order_type\":\"LIMIT\",\"side\":\"BUY\",\"time_in_force\":\"DAY\",\"entrust_type\":\"QTY\",\"quantity\":\"0.015245\",\"support_trading_session\":\"ALL\",\"account_tax_type\":\"GENERAL\",\"limit_price\":\"196.78\"},\"account_id\":\"F8ISIGG74NU0C495ILNGG99D29\"}",
  "_extra_user_agent": {},
  "string_to_sign": "",
  "_request_connect_timeout": null,
  "_request_read_timeout": null,
  "endpoint": "api.webull.com",
  "_signer_spec": "<module 'webull.core.auth.algorithm.sha_hmac1' from '/root/.venv/lib/python3.11/site-packages/webull/core/auth/algorithm/sha_hmac1.py'>",
  "_stock_order": {
    "client_order_id": "ar-d808c5b1-b2d6-4d52-8667-",
    "symbol": "NVDA",
    "instrument_type": "EQUITY",
    "market": "US",
    "order_type": "LIMIT",
    "side": "BUY",
    "time_in_force": "DAY",
    "entrust_type": "QTY",
    "quantity": "0.015245",
    "support_trading_session": "ALL",
    "account_tax_type": "GENERAL",
    "limit_price": "196.78"
  }
} Response:{'message': 'The time you sent is not supported. Please check. ', 'error_code': 'INVALID_PARAMETER'} ServerException:HTTP Status: 417, Code: INVALID_PARAMETER, Msg: The time you sent is not supported. Please check. , RequestID: fc5e011e-464f-4fea-aee4-405daad0d05a
273948012704160 2026-07-06 02:43:06,833 webull.core.client ERROR get_response exception. {
  "error_code": "INVALID_PARAMETER",
  "error_msg": "The time you sent is not supported. Please check. ",
  "http_status": 417,
  "request_id": "fc5e011e-464f-4fea-aee4-405daad0d05a"
}
273948029612448 2026-07-06 02:43:07,661 webull.core.client ERROR ServerException occurred. Host:api.webull.com SDK-Version:2.0.10 Request:{
  "_version": "v2",
  "_action_name": "/openapi/assets/balance",
  "_protocol_type": "https",
  "_accept_format": "JSON",
  "_params": {
    "account_id": "F8ISIGG74NU0C495ILNGG99D29"
  },
  "_method": "GET",
  "_header": {
    "x-version": "v2",
    "Accept-Encoding": "gzip",
    "x-app-key": "bf67888c79f28465cba7afc02717dbcb",
    "x-timestamp": "2026-07-06T02:43:07Z",
    "x-signature-version": "1.0",
    "x-signature-algorithm": "HMAC-SHA1",
    "x-signature-nonce": "ce227481-053c-59c2-ad6e-0dfc0943ef5e",
    "x-signature": "B1F2M/pPaFLPTC9TW35QMGawTfE=",
    "User-Agent": "WebullApiSDK (Linux 6.12.68+;aarch64) Python/3.11.15 Core/2.0.10 python-requests/2.33.1",
    "x-webull-client-source": "sdk"
  },
  "_body_params": null,
  "_uri_pattern": null,
  "_uri_params": null,
  "_content": null,
  "_extra_user_agent": {},
  "string_to_sign": "",
  "_request_connect_timeout": null,
  "_request_read_timeout": null,
  "endpoint": "api.webull.com",
  "_signer_spec": "<module 'webull.core.auth.algorithm.sha_hmac1' from '/root/.venv/lib/python3.11/site-packages/webull/core/auth/algorithm/sha_hmac1.py'>"
} Response:{'message': 'Too many requests', 'error_code': 'TOO_MANY_REQUESTS'} ServerException:HTTP Status: 429, Code: TOO_MANY_REQUESTS, Msg: Too many requests, RequestID: 35f536a6-9807-4280-8602-1c099948caf3
273948029612448 2026-07-06 02:43:07,661 webull.core.client ERROR get_response exception. {
  "error_code": "TOO_MANY_REQUESTS",
  "error_msg": "Too many requests",
  "http_status": 429,
  "request_id": "35f536a6-9807-4280-8602-1c099948caf3"
}
273948046520736 2026-07-06 02:43:07,747 webull.core.client ERROR ServerException occurred. Host:api.webull.com SDK-Version:2.0.10 Request:{
  "_version": "v2",
  "_action_name": "/trade/order/place",
  "_protocol_type": "https",
  "_accept_format": "JSON",
  "_params": {},
  "_method": "POST",
  "_header": {
    "x-version": "v2",
    "Accept-Encoding": "gzip",
    "x-app-key": "bf67888c79f28465cba7afc02717dbcb",
    "x-timestamp": "2026-07-06T02:43:07Z",
    "x-signature-version": "1.0",
    "x-signature-algorithm": "HMAC-SHA1",
    "x-signature-nonce": "09853fdf-ff98-5b39-b53b-523cf4a9eae0",
    "x-signature": "n/qUNcpuN8tqCYmTfHfJ6Be2F5E=",
    "User-Agent": "WebullApiSDK (Linux 6.12.68+;aarch64) Python/3.11.15 Core/2.0.10 python-requests/2.33.1",
    "x-webull-client-source": "sdk",
    "Content-Length": "347",
    "Content-Type": "application/json"
  },
  "_body_params": {
    "stock_order": {
      "client_order_id": "ar-9712f450-666f-4cd8-a877-",
      "symbol": "NVDA",
      "instrument_type": "EQUITY",
      "market": "US",
      "order_type": "LIMIT",
      "side": "BUY",
      "time_in_force": "DAY",
      "entrust_type": "QTY",
      "quantity": "0.007622",
      "support_trading_session": "ALL",
      "account_tax_type": "GENERAL",
      "limit_price": "196.78"
    },
    "account_id": "F8ISIGG74NU0C495ILNGG99D29"
  },
  "_uri_pattern": null,
  "_uri_params": null,
  "_content": "{\"stock_order\":{\"client_order_id\":\"ar-9712f450-666f-4cd8-a877-\",\"symbol\":\"NVDA\",\"instrument_type\":\"EQUITY\",\"market\":\"US\",\"order_type\":\"LIMIT\",\"side\":\"BUY\",\"time_in_force\":\"DAY\",\"entrust_type\":\"QTY\",\"quantity\":\"0.007622\",\"support_trading_session\":\"ALL\",\"account_tax_type\":\"GENERAL\",\"limit_price\":\"196.78\"},\"account_id\":\"F8ISIGG74NU0C495ILNGG99D29\"}",
  "_extra_user_agent": {},
  "string_to_sign": "",
  "_request_connect_timeout": null,
  "_request_read_timeout": null,
  "endpoint": "api.webull.com",
  "_signer_spec": "<module 'webull.core.auth.algorithm.sha_hmac1' from '/root/.venv/lib/python3.11/site-packages/webull/core/auth/algorithm/sha_hmac1.py'>",
  "_stock_order": {
    "client_order_id": "ar-9712f450-666f-4cd8-a877-",
    "symbol": "NVDA",
    "instrument_type": "EQUITY",
    "market": "US",
    "order_type": "LIMIT",
    "side": "BUY",
    "time_in_force": "DAY",
    "entrust_type": "QTY",
    "quantity": "0.007622",
    "support_trading_session": "ALL",
    "account_tax_type": "GENERAL",
    "limit_price": "196.78"
  }
} Response:{'message': 'The time you sent is not supported. Please check. ', 'error_code': 'INVALID_PARAMETER'} ServerException:HTTP Status: 417, Code: INVALID_PARAMETER, Msg: The time you sent is not supported. Please check. , RequestID: 8eab73e0-2a94-427c-9679-a1d3cefbf747
273948046520736 2026-07-06 02:43:07,747 webull.core.client ERROR get_response exception. {
  "error_code": "INVALID_PARAMETER",
  "error_msg": "The time you sent is not supported. Please check. ",
  "http_status": 417,
  "request_id": "8eab73e0-2a94-427c-9679-a1d3cefbf747"
}
273948012704160 2026-07-06 02:43:08,695 webull.core.client ERROR ServerException occurred. Host:api.webull.com SDK-Version:2.0.10 Request:{
  "_version": "v2",
  "_action_name": "/openapi/assets/balance",
  "_protocol_type": "https",
  "_accept_format": "JSON",
  "_params": {
    "account_id": "F8ISIGG74NU0C495ILNGG99D29"
  },
  "_method": "GET",
  "_header": {
    "x-version": "v2",
    "Accept-Encoding": "gzip",
    "x-app-key": "bf67888c79f28465cba7afc02717dbcb",
    "x-timestamp": "2026-07-06T02:43:08Z",
    "x-signature-version": "1.0",
    "x-signature-algorithm": "HMAC-SHA1",
    "x-signature-nonce": "bb0fee47-dabb-5640-9b59-a7450df1b566",
    "x-signature": "umElPo8J0naMLoRuZpsja2l3Wpk=",
    "User-Agent": "WebullApiSDK (Linux 6.12.68+;aarch64) Python/3.11.15 Core/2.0.10 python-requests/2.33.1",
    "x-webull-client-source": "sdk"
  },
  "_body_params": null,
  "_uri_pattern": null,
  "_uri_params": null,
  "_content": null,
  "_extra_user_agent": {},
  "string_to_sign": "",
  "_request_connect_timeout": null,
  "_request_read_timeout": null,
  "endpoint": "api.webull.com",
  "_signer_spec": "<module 'webull.core.auth.algorithm.sha_hmac1' from '/root/.venv/lib/python3.11/site-packages/webull/core/auth/algorithm/sha_hmac1.py'>"
} Response:{'error_code': 'TOO_MANY_REQUESTS', 'message': 'Too many requests'} ServerException:HTTP Status: 429, Code: TOO_MANY_REQUESTS, Msg: Too many requests, RequestID: 0baf4535-6797-4ca5-853a-63bc90373c7c
273948012704160 2026-07-06 02:43:08,695 webull.core.client ERROR get_response exception. {
  "error_code": "TOO_MANY_REQUESTS",
  "error_msg": "Too many requests",
  "http_status": 429,
  "request_id": "0baf4535-6797-4ca5-853a-63bc90373c7c"
}
273948532666784 2026-07-06 02:43:08,784 webull.core.client ERROR ServerException occurred. Host:api.webull.com SDK-Version:2.0.10 Request:{
  "_version": "v2",
  "_action_name": "/trade/order/place",
  "_protocol_type": "https",
  "_accept_format": "JSON",
  "_params": {},
  "_method": "POST",
  "_header": {
    "x-version": "v2",
    "Accept-Encoding": "gzip",
    "x-app-key": "bf67888c79f28465cba7afc02717dbcb",
    "x-timestamp": "2026-07-06T02:43:08Z",
    "x-signature-version": "1.0",
    "x-signature-algorithm": "HMAC-SHA1",
    "x-signature-nonce": "30450492-917c-5fca-837c-62c6b0e8dd17",
    "x-signature": "JAc23w7Cn0vjEAMVxbDb4x2M7bw=",
    "User-Agent": "WebullApiSDK (Linux 6.12.68+;aarch64) Python/3.11.15 Core/2.0.10 python-requests/2.33.1",
    "x-webull-client-source": "sdk",
    "Content-Length": "347",
    "Content-Type": "application/json"
  },
  "_body_params": {
    "stock_order": {
      "client_order_id": "ar-d6082d23-bab0-43bf-9bf9-",
      "symbol": "NVDA",
      "instrument_type": "EQUITY",
      "market": "US",
      "order_type": "LIMIT",
      "side": "BUY",
      "time_in_force": "DAY",
      "entrust_type": "QTY",
      "quantity": "0.015245",
      "support_trading_session": "ALL",
      "account_tax_type": "GENERAL",
      "limit_price": "196.78"
    },
    "account_id": "F8ISIGG74NU0C495ILNGG99D29"
  },
  "_uri_pattern": null,
  "_uri_params": null,
  "_content": "{\"stock_order\":{\"client_order_id\":\"ar-d6082d23-bab0-43bf-9bf9-\",\"symbol\":\"NVDA\",\"instrument_type\":\"EQUITY\",\"market\":\"US\",\"order_type\":\"LIMIT\",\"side\":\"BUY\",\"time_in_force\":\"DAY\",\"entrust_type\":\"QTY\",\"quantity\":\"0.015245\",\"support_trading_session\":\"ALL\",\"account_tax_type\":\"GENERAL\",\"limit_price\":\"196.78\"},\"account_id\":\"F8ISIGG74NU0C495ILNGG99D29\"}",
  "_extra_user_agent": {},
  "string_to_sign": "",
  "_request_connect_timeout": null,
  "_request_read_timeout": null,
  "endpoint": "api.webull.com",
  "_signer_spec": "<module 'webull.core.auth.algorithm.sha_hmac1' from '/root/.venv/lib/python3.11/site-packages/webull/core/auth/algorithm/sha_hmac1.py'>",
  "_stock_order": {
    "client_order_id": "ar-d6082d23-bab0-43bf-9bf9-",
    "symbol": "NVDA",
    "instrument_type": "EQUITY",
    "market": "US",
    "order_type": "LIMIT",
    "side": "BUY",
    "time_in_force": "DAY",
    "entrust_type": "QTY",
    "quantity": "0.015245",
    "support_trading_session": "ALL",
    "account_tax_type": "GENERAL",
    "limit_price": "196.78"
  }
} Response:{'message': 'The time you sent is not supported. Please check. ', 'error_code': 'INVALID_PARAMETER'} ServerException:HTTP Status: 417, Code: INVALID_PARAMETER, Msg: The time you sent is not supported. Please check. , RequestID: cbdf0478-0aab-4fda-97cc-dc13bdb13ebc
273948532666784 2026-07-06 02:43:08,784 webull.core.client ERROR get_response exception. {
  "error_code": "INVALID_PARAMETER",
  "error_msg": "The time you sent is not supported. Please check. ",
  "http_status": 417,
  "request_id": "cbdf0478-0aab-4fda-97cc-dc13bdb13ebc"
}
278785085403552 2026-07-06 02:44:32,563 webull.core.client ERROR ServerException occurred. Host:api.webull.com SDK-Version:2.0.10 Request:{
  "_version": "v2",
  "_action_name": "/openapi/assets/balance",
  "_protocol_type": "https",
  "_accept_format": "JSON",
  "_params": {
    "account_id": "F8ISIGG74NU0C495ILNGG99D29"
  },
  "_method": "GET",
  "_header": {
    "x-version": "v2",
    "Accept-Encoding": "gzip",
    "x-app-key": "bf67888c79f28465cba7afc02717dbcb",
    "x-timestamp": "2026-07-06T02:44:32Z",
    "x-signature-version": "1.0",
    "x-signature-algorithm": "HMAC-SHA1",
    "x-signature-nonce": "ef82e038-45ec-5e05-98d2-c560e4eeda00",
    "x-signature": "VEBpBWWBCg4I7n8yK4PMUNeaFOk=",
    "User-Agent": "WebullApiSDK (Linux 6.12.68+;aarch64) Python/3.11.15 Core/2.0.10 python-requests/2.33.1",
    "x-webull-client-source": "sdk"
  },
  "_body_params": null,
  "_uri_pattern": null,
  "_uri_params": null,
  "_content": null,
  "_extra_user_agent": {},
  "string_to_sign": "",
  "_request_connect_timeout": null,
  "_request_read_timeout": null,
  "endpoint": "api.webull.com",
  "_signer_spec": "<module 'webull.core.auth.algorithm.sha_hmac1' from '/root/.venv/lib/python3.11/site-packages/webull/core/auth/algorithm/sha_hmac1.py'>"
} Response:{'error_code': 'TOO_MANY_REQUESTS', 'message': 'Too many requests'} ServerException:HTTP Status: 429, Code: TOO_MANY_REQUESTS, Msg: Too many requests, RequestID: 8b4ab43e-f638-432f-8f6f-ac92e66ed5c9
278785085403552 2026-07-06 02:44:32,564 webull.core.client ERROR get_response exception. {
  "error_code": "TOO_MANY_REQUESTS",
  "error_msg": "Too many requests",
  "http_status": 429,
  "request_id": "8b4ab43e-f638-432f-8f6f-ac92e66ed5c9"
}
278785598026144 2026-07-06 02:44:32,649 webull.core.client ERROR ServerException occurred. Host:api.webull.com SDK-Version:2.0.10 Request:{
  "_version": "v2",
  "_action_name": "/openapi/assets/balance",
  "_protocol_type": "https",
  "_accept_format": "JSON",
  "_params": {
    "account_id": "F8ISIGG74NU0C495ILNGG99D29"
  },
  "_method": "GET",
  "_header": {
    "x-version": "v2",
    "Accept-Encoding": "gzip",
    "x-app-key": "bf67888c79f28465cba7afc02717dbcb",
    "x-timestamp": "2026-07-06T02:44:32Z",
    "x-signature-version": "1.0",
    "x-signature-algorithm": "HMAC-SHA1",
    "x-signature-nonce": "ae18c19e-b0fe-5c96-9acf-3a0d0010e931",
    "x-signature": "NvhOJIHSrJngALovr2z070Ndtd4=",
    "User-Agent": "WebullApiSDK (Linux 6.12.68+;aarch64) Python/3.11.15 Core/2.0.10 python-requests/2.33.1",
    "x-webull-client-source": "sdk"
  },
  "_body_params": null,
  "_uri_pattern": null,
  "_uri_params": null,
  "_content": null,
  "_extra_user_agent": {},
  "string_to_sign": "",
  "_request_connect_timeout": null,
  "_request_read_timeout": null,
  "endpoint": "api.webull.com",
  "_signer_spec": "<module 'webull.core.auth.algorithm.sha_hmac1' from '/root/.venv/lib/python3.11/site-packages/webull/core/auth/algorithm/sha_hmac1.py'>"
} Response:{'error_code': 'TOO_MANY_REQUESTS', 'message': 'Too many requests'} ServerException:HTTP Status: 429, Code: TOO_MANY_REQUESTS, Msg: Too many requests, RequestID: 8befef4b-14a0-46fa-a9b8-2412e21dc139
278785598026144 2026-07-06 02:44:32,650 webull.core.client ERROR get_response exception. {
  "error_code": "TOO_MANY_REQUESTS",
  "error_msg": "Too many requests",
  "http_status": 429,
  "request_id": "8befef4b-14a0-46fa-a9b8-2412e21dc139"
}
278785110765984 2026-07-06 02:44:32,682 webull.core.client ERROR ServerException occurred. Host:api.webull.com SDK-Version:2.0.10 Request:{
  "_version": "v2",
  "_action_name": "/openapi/assets/balance",
  "_protocol_type": "https",
  "_accept_format": "JSON",
  "_params": {
    "account_id": "F8ISIGG74NU0C495ILNGG99D29"
  },
  "_method": "GET",
  "_header": {
    "x-version": "v2",
    "Accept-Encoding": "gzip",
    "x-app-key": "bf67888c79f28465cba7afc02717dbcb",
    "x-timestamp": "2026-07-06T02:44:32Z",
    "x-signature-version": "1.0",
    "x-signature-algorithm": "HMAC-SHA1",
    "x-signature-nonce": "e2f546f7-fbc1-581e-a1df-31f73b24c817",
    "x-signature": "lhtuub5dK8tifdcWQsfW1ub8mpk=",
    "User-Agent": "WebullApiSDK (Linux 6.12.68+;aarch64) Python/3.11.15 Core/2.0.10 python-requests/2.33.1",
    "x-webull-client-source": "sdk"
  },
  "_body_params": null,
  "_uri_pattern": null,
  "_uri_params": null,
  "_content": null,
  "_extra_user_agent": {},
  "string_to_sign": "",
  "_request_connect_timeout": null,
  "_request_read_timeout": null,
  "endpoint": "api.webull.com",
  "_signer_spec": "<module 'webull.core.auth.algorithm.sha_hmac1' from '/root/.venv/lib/python3.11/site-packages/webull/core/auth/algorithm/sha_hmac1.py'>"
} Response:{'message': 'Too many requests', 'error_code': 'TOO_MANY_REQUESTS'} ServerException:HTTP Status: 429, Code: TOO_MANY_REQUESTS, Msg: Too many requests, RequestID: 9dc1d3a9-b5c7-41ed-88ac-8ab5850dfec2
278785110765984 2026-07-06 02:44:32,682 webull.core.client ERROR get_response exception. {
  "error_code": "TOO_MANY_REQUESTS",
  "error_msg": "Too many requests",
  "http_status": 429,
  "request_id": "9dc1d3a9-b5c7-41ed-88ac-8ab5850dfec2"
}
278785616445856 2026-07-06 02:44:32,691 webull.core.client ERROR ServerException occurred. Host:api.webull.com SDK-Version:2.0.10 Request:{
  "_version": "v2",
  "_action_name": "/openapi/assets/balance",
  "_protocol_type": "https",
  "_accept_format": "JSON",
  "_params": {
    "account_id": "F8ISIGG74NU0C495ILNGG99D29"
  },
  "_method": "GET",
  "_header": {
    "x-version": "v2",
    "Accept-Encoding": "gzip",
    "x-app-key": "bf67888c79f28465cba7afc02717dbcb",
    "x-timestamp": "2026-07-06T02:44:32Z",
    "x-signature-version": "1.0",
    "x-signature-algorithm": "HMAC-SHA1",
    "x-signature-nonce": "15c8a249-9365-5852-86a3-cc5d16618b19",
    "x-signature": "WOU64qiOxG++0eeMT5npBt3+SrY=",
    "User-Agent": "WebullApiSDK (Linux 6.12.68+;aarch64) Python/3.11.15 Core/2.0.10 python-requests/2.33.1",
    "x-webull-client-source": "sdk"
  },
  "_body_params": null,
  "_uri_pattern": null,
  "_uri_params": null,
  "_content": null,
  "_extra_user_agent": {},
  "string_to_sign": "",
  "_request_connect_timeout": null,
  "_request_read_timeout": null,
  "endpoint": "api.webull.com",
  "_signer_spec": "<module 'webull.core.auth.algorithm.sha_hmac1' from '/root/.venv/lib/python3.11/site-packages/webull/core/auth/algorithm/sha_hmac1.py'>"
} Response:{'error_code': 'TOO_MANY_REQUESTS', 'message': 'Too many requests'} ServerException:HTTP Status: 429, Code: TOO_MANY_REQUESTS, Msg: Too many requests, RequestID: b5273593-32ab-49ef-9fa2-70a8a147fe23
278785616445856 2026-07-06 02:44:32,691 webull.core.client ERROR get_response exception. {
  "error_code": "TOO_MANY_REQUESTS",
  "error_msg": "Too many requests",
  "http_status": 429,
  "request_id": "b5273593-32ab-49ef-9fa2-70a8a147fe23"
}
278785119220128 2026-07-06 02:44:32,738 webull.core.client ERROR ServerException occurred. Host:api.webull.com SDK-Version:2.0.10 Request:{
  "_version": "v2",
  "_action_name": "/trade/order/place",
  "_protocol_type": "https",
  "_accept_format": "JSON",
  "_params": {},
  "_method": "POST",
  "_header": {
    "x-version": "v2",
    "Accept-Encoding": "gzip",
    "x-app-key": "bf67888c79f28465cba7afc02717dbcb",
    "x-timestamp": "2026-07-06T02:44:32Z",
    "x-signature-version": "1.0",
    "x-signature-algorithm": "HMAC-SHA1",
    "x-signature-nonce": "01a5a621-9595-5518-b04d-efb0bf0ecb4b",
    "x-signature": "Y/3eL2doAre7rWsmE6rY9vVuhDM=",
    "User-Agent": "WebullApiSDK (Linux 6.12.68+;aarch64) Python/3.11.15 Core/2.0.10 python-requests/2.33.1",
    "x-webull-client-source": "sdk",
    "Content-Length": "347",
    "Content-Type": "application/json"
  },
  "_body_params": {
    "stock_order": {
      "client_order_id": "ar-e561b7fa-6a0b-4dff-a79b-",
      "symbol": "NVDA",
      "instrument_type": "EQUITY",
      "market": "US",
      "order_type": "LIMIT",
      "side": "BUY",
      "time_in_force": "DAY",
      "entrust_type": "QTY",
      "quantity": "0.015245",
      "support_trading_session": "ALL",
      "account_tax_type": "GENERAL",
      "limit_price": "196.78"
    },
    "account_id": "F8ISIGG74NU0C495ILNGG99D29"
  },
  "_uri_pattern": null,
  "_uri_params": null,
  "_content": "{\"stock_order\":{\"client_order_id\":\"ar-e561b7fa-6a0b-4dff-a79b-\",\"symbol\":\"NVDA\",\"instrument_type\":\"EQUITY\",\"market\":\"US\",\"order_type\":\"LIMIT\",\"side\":\"BUY\",\"time_in_force\":\"DAY\",\"entrust_type\":\"QTY\",\"quantity\":\"0.015245\",\"support_trading_session\":\"ALL\",\"account_tax_type\":\"GENERAL\",\"limit_price\":\"196.78\"},\"account_id\":\"F8ISIGG74NU0C495ILNGG99D29\"}",
  "_extra_user_agent": {},
  "string_to_sign": "",
  "_request_connect_timeout": null,
  "_request_read_timeout": null,
  "endpoint": "api.webull.com",
  "_signer_spec": "<module 'webull.core.auth.algorithm.sha_hmac1' from '/root/.venv/lib/python3.11/site-packages/webull/core/auth/algorithm/sha_hmac1.py'>",
  "_stock_order": {
    "client_order_id": "ar-e561b7fa-6a0b-4dff-a79b-",
    "symbol": "NVDA",
    "instrument_type": "EQUITY",
    "market": "US",
    "order_type": "LIMIT",
    "side": "BUY",
    "time_in_force": "DAY",
    "entrust_type": "QTY",
    "quantity": "0.015245",
    "support_trading_session": "ALL",
    "account_tax_type": "GENERAL",
    "limit_price": "196.78"
  }
} Response:{'message': 'The time you sent is not supported. Please check. ', 'error_code': 'INVALID_PARAMETER'} ServerException:HTTP Status: 417, Code: INVALID_PARAMETER, Msg: The time you sent is not supported. Please check. , RequestID: 923d55df-5830-4689-a6a6-105d8aac0b85
278785119220128 2026-07-06 02:44:32,739 webull.core.client ERROR get_response exception. {
  "error_code": "INVALID_PARAMETER",
  "error_msg": "The time you sent is not supported. Please check. ",
  "http_status": 417,
  "request_id": "923d55df-5830-4689-a6a6-105d8aac0b85"
}
278785085403552 2026-07-06 02:44:32,785 webull.core.client ERROR ServerException occurred. Host:api.webull.com SDK-Version:2.0.10 Request:{
  "_version": "v2",
  "_action_name": "/trade/order/place",
  "_protocol_type": "https",
  "_accept_format": "JSON",
  "_params": {},
  "_method": "POST",
  "_header": {
    "x-version": "v2",
    "Accept-Encoding": "gzip",
    "x-app-key": "bf67888c79f28465cba7afc02717dbcb",
    "x-timestamp": "2026-07-06T02:44:32Z",
    "x-signature-version": "1.0",
    "x-signature-algorithm": "HMAC-SHA1",
    "x-signature-nonce": "7dabfe2a-cd79-5a55-81b9-a865fdada1c5",
    "x-signature": "QOMHsPPtrXLtakzYw/b9LpvkrFI=",
    "User-Agent": "WebullApiSDK (Linux 6.12.68+;aarch64) Python/3.11.15 Core/2.0.10 python-requests/2.33.1",
    "x-webull-client-source": "sdk",
    "Content-Length": "347",
    "Content-Type": "application/json"
  },
  "_body_params": {
    "stock_order": {
      "client_order_id": "ar-e561b7fa-6a0b-4dff-a79b-",
      "symbol": "NVDA",
      "instrument_type": "EQUITY",
      "market": "US",
      "order_type": "LIMIT",
      "side": "BUY",
      "time_in_force": "DAY",
      "entrust_type": "QTY",
      "quantity": "0.015245",
      "support_trading_session": "ALL",
      "account_tax_type": "GENERAL",
      "limit_price": "196.78"
    },
    "account_id": "F8ISIGG74NU0C495ILNGG99D29"
  },
  "_uri_pattern": null,
  "_uri_params": null,
  "_content": "{\"stock_order\":{\"client_order_id\":\"ar-e561b7fa-6a0b-4dff-a79b-\",\"symbol\":\"NVDA\",\"instrument_type\":\"EQUITY\",\"market\":\"US\",\"order_type\":\"LIMIT\",\"side\":\"BUY\",\"time_in_force\":\"DAY\",\"entrust_type\":\"QTY\",\"quantity\":\"0.015245\",\"support_trading_session\":\"ALL\",\"account_tax_type\":\"GENERAL\",\"limit_price\":\"196.78\"},\"account_id\":\"F8ISIGG74NU0C495ILNGG99D29\"}",
  "_extra_user_agent": {},
  "string_to_sign": "",
  "_request_connect_timeout": null,
  "_request_read_timeout": null,
  "endpoint": "api.webull.com",
  "_signer_spec": "<module 'webull.core.auth.algorithm.sha_hmac1' from '/root/.venv/lib/python3.11/site-packages/webull/core/auth/algorithm/sha_hmac1.py'>",
  "_stock_order": {
    "client_order_id": "ar-e561b7fa-6a0b-4dff-a79b-",
    "symbol": "NVDA",
    "instrument_type": "EQUITY",
    "market": "US",
    "order_type": "LIMIT",
    "side": "BUY",
    "time_in_force": "DAY",
    "entrust_type": "QTY",
    "quantity": "0.015245",
    "support_trading_session": "ALL",
    "account_tax_type": "GENERAL",
    "limit_price": "196.78"
  }
} Response:{'message': 'The time you sent is not supported. Please check. ', 'error_code': 'INVALID_PARAMETER'} ServerException:HTTP Status: 417, Code: INVALID_PARAMETER, Msg: The time you sent is not supported. Please check. , RequestID: 5aae785e-2a34-40ce-9d31-98983754dcee
278785085403552 2026-07-06 02:44:32,786 webull.core.client ERROR get_response exception. {
  "error_code": "INVALID_PARAMETER",
  "error_msg": "The time you sent is not supported. Please check. ",
  "http_status": 417,
  "request_id": "5aae785e-2a34-40ce-9d31-98983754dcee"
}
278785102311840 2026-07-06 02:44:32,790 webull.core.client ERROR ServerException occurred. Host:api.webull.com SDK-Version:2.0.10 Request:{
  "_version": "v2",
  "_action_name": "/trade/order/place",
  "_protocol_type": "https",
  "_accept_format": "JSON",
  "_params": {},
  "_method": "POST",
  "_header": {
    "x-version": "v2",
    "Accept-Encoding": "gzip",
    "x-app-key": "bf67888c79f28465cba7afc02717dbcb",
    "x-timestamp": "2026-07-06T02:44:32Z",
    "x-signature-version": "1.0",
    "x-signature-algorithm": "HMAC-SHA1",
    "x-signature-nonce": "08f2d140-15a4-525c-b600-bc5ac915a979",
    "x-signature": "63AkZFAR65sOtYXDGfOP1qfjMTA=",
    "User-Agent": "WebullApiSDK (Linux 6.12.68+;aarch64) Python/3.11.15 Core/2.0.10 python-requests/2.33.1",
    "x-webull-client-source": "sdk",
    "Content-Length": "347",
    "Content-Type": "application/json"
  },
  "_body_params": {
    "stock_order": {
      "client_order_id": "ar-e561b7fa-6a0b-4dff-a79b-",
      "symbol": "NVDA",
      "instrument_type": "EQUITY",
      "market": "US",
      "order_type": "LIMIT",
      "side": "BUY",
      "time_in_force": "DAY",
      "entrust_type": "QTY",
      "quantity": "0.015245",
      "support_trading_session": "ALL",
      "account_tax_type": "GENERAL",
      "limit_price": "196.78"
    },
    "account_id": "F8ISIGG74NU0C495ILNGG99D29"
  },
  "_uri_pattern": null,
  "_uri_params": null,
  "_content": "{\"stock_order\":{\"client_order_id\":\"ar-e561b7fa-6a0b-4dff-a79b-\",\"symbol\":\"NVDA\",\"instrument_type\":\"EQUITY\",\"market\":\"US\",\"order_type\":\"LIMIT\",\"side\":\"BUY\",\"time_in_force\":\"DAY\",\"entrust_type\":\"QTY\",\"quantity\":\"0.015245\",\"support_trading_session\":\"ALL\",\"account_tax_type\":\"GENERAL\",\"limit_price\":\"196.78\"},\"account_id\":\"F8ISIGG74NU0C495ILNGG99D29\"}",
  "_extra_user_agent": {},
  "string_to_sign": "",
  "_request_connect_timeout": null,
  "_request_read_timeout": null,
  "endpoint": "api.webull.com",
  "_signer_spec": "<module 'webull.core.auth.algorithm.sha_hmac1' from '/root/.venv/lib/python3.11/site-packages/webull/core/auth/algorithm/sha_hmac1.py'>",
  "_stock_order": {
    "client_order_id": "ar-e561b7fa-6a0b-4dff-a79b-",
    "symbol": "NVDA",
    "instrument_type": "EQUITY",
    "market": "US",
    "order_type": "LIMIT",
    "side": "BUY",
    "time_in_force": "DAY",
    "entrust_type": "QTY",
    "quantity": "0.015245",
    "support_trading_session": "ALL",
    "account_tax_type": "GENERAL",
    "limit_price": "196.78"
  }
} Response:{'message': 'The time you sent is not supported. Please check. ', 'error_code': 'INVALID_PARAMETER'} ServerException:HTTP Status: 417, Code: INVALID_PARAMETER, Msg: The time you sent is not supported. Please check. , RequestID: 70463e0b-ce7c-4749-924f-73f0ca961a16
278785102311840 2026-07-06 02:44:32,790 webull.core.client ERROR get_response exception. {
  "error_code": "INVALID_PARAMETER",
  "error_msg": "The time you sent is not supported. Please check. ",
  "http_status": 417,
  "request_id": "70463e0b-ce7c-4749-924f-73f0ca961a16"
}
278785076949408 2026-07-06 02:44:32,878 webull.core.client ERROR ServerException occurred. Host:api.webull.com SDK-Version:2.0.10 Request:{
  "_version": "v2",
  "_action_name": "/openapi/assets/balance",
  "_protocol_type": "https",
  "_accept_format": "JSON",
  "_params": {
    "account_id": "F8ISIGG74NU0C495ILNGG99D29"
  },
  "_method": "GET",
  "_header": {
    "x-version": "v2",
    "Accept-Encoding": "gzip",
    "x-app-key": "bf67888c79f28465cba7afc02717dbcb",
    "x-timestamp": "2026-07-06T02:44:32Z",
    "x-signature-version": "1.0",
    "x-signature-algorithm": "HMAC-SHA1",
    "x-signature-nonce": "c007b797-8441-577c-a6f9-a36c6ff2a4ea",
    "x-signature": "2dTwq/6bLOlwTv/atGGEzAoYJQM=",
    "User-Agent": "WebullApiSDK (Linux 6.12.68+;aarch64) Python/3.11.15 Core/2.0.10 python-requests/2.33.1",
    "x-webull-client-source": "sdk"
  },
  "_body_params": null,
  "_uri_pattern": null,
  "_uri_params": null,
  "_content": null,
  "_extra_user_agent": {},
  "string_to_sign": "",
  "_request_connect_timeout": null,
  "_request_read_timeout": null,
  "endpoint": "api.webull.com",
  "_signer_spec": "<module 'webull.core.auth.algorithm.sha_hmac1' from '/root/.venv/lib/python3.11/site-packages/webull/core/auth/algorithm/sha_hmac1.py'>"
} Response:{'message': 'Too many requests', 'error_code': 'TOO_MANY_REQUESTS'} ServerException:HTTP Status: 429, Code: TOO_MANY_REQUESTS, Msg: Too many requests, RequestID: 8e9f4306-167c-40fa-b6b7-3b877854f2de
278785076949408 2026-07-06 02:44:32,878 webull.core.client ERROR get_response exception. {
  "error_code": "TOO_MANY_REQUESTS",
  "error_msg": "Too many requests",
  "http_status": 429,
  "request_id": "8e9f4306-167c-40fa-b6b7-3b877854f2de"
}
278785093857696 2026-07-06 02:44:32,946 webull.core.client ERROR ServerException occurred. Host:api.webull.com SDK-Version:2.0.10 Request:{
  "_version": "v2",
  "_action_name": "/openapi/assets/balance",
  "_protocol_type": "https",
  "_accept_format": "JSON",
  "_params": {
    "account_id": "F8ISIGG74NU0C495ILNGG99D29"
  },
  "_method": "GET",
  "_header": {
    "x-version": "v2",
    "Accept-Encoding": "gzip",
    "x-app-key": "bf67888c79f28465cba7afc02717dbcb",
    "x-timestamp": "2026-07-06T02:44:32Z",
    "x-signature-version": "1.0",
    "x-signature-algorithm": "HMAC-SHA1",
    "x-signature-nonce": "3dc6d909-c94c-542a-a921-679f362f31ad",
    "x-signature": "JvZTeROT+fNDblEwor6WeM72d20=",
    "User-Agent": "WebullApiSDK (Linux 6.12.68+;aarch64) Python/3.11.15 Core/2.0.10 python-requests/2.33.1",
    "x-webull-client-source": "sdk"
  },
  "_body_params": null,
  "_uri_pattern": null,
  "_uri_params": null,
  "_content": null,
  "_extra_user_agent": {},
  "string_to_sign": "",
  "_request_connect_timeout": null,
  "_request_read_timeout": null,
  "endpoint": "api.webull.com",
  "_signer_spec": "<module 'webull.core.auth.algorithm.sha_hmac1' from '/root/.venv/lib/python3.11/site-packages/webull/core/auth/algorithm/sha_hmac1.py'>"
} Response:{'message': 'Too many requests', 'error_code': 'TOO_MANY_REQUESTS'} ServerException:HTTP Status: 429, Code: TOO_MANY_REQUESTS, Msg: Too many requests, RequestID: 755cada0-5657-4e50-859f-986ea5573eb2
278785598026144 2026-07-06 02:44:32,947 webull.core.client ERROR ServerException occurred. Host:api.webull.com SDK-Version:2.0.10 Request:{
  "_version": "v2",
  "_action_name": "/openapi/assets/balance",
  "_protocol_type": "https",
  "_accept_format": "JSON",
  "_params": {
    "account_id": "F8ISIGG74NU0C495ILNGG99D29"
  },
  "_method": "GET",
  "_header": {
    "x-version": "v2",
    "Accept-Encoding": "gzip",
    "x-app-key": "bf67888c79f28465cba7afc02717dbcb",
    "x-timestamp": "2026-07-06T02:44:32Z",
    "x-signature-version": "1.0",
    "x-signature-algorithm": "HMAC-SHA1",
    "x-signature-nonce": "55318122-626f-57e4-803f-d4987daf68da",
    "x-signature": "FKg/OFkMGdXNM2UjR/ALKe6fA+M=",
    "User-Agent": "WebullApiSDK (Linux 6.12.68+;aarch64) Python/3.11.15 Core/2.0.10 python-requests/2.33.1",
    "x-webull-client-source": "sdk"
  },
  "_body_params": null,
  "_uri_pattern": null,
  "_uri_params": null,
  "_content": null,
  "_extra_user_agent": {},
  "string_to_sign": "",
  "_request_connect_timeout": null,
  "_request_read_timeout": null,
  "endpoint": "api.webull.com",
  "_signer_spec": "<module 'webull.core.auth.algorithm.sha_hmac1' from '/root/.venv/lib/python3.11/site-packages/webull/core/auth/algorithm/sha_hmac1.py'>"
} Response:{'message': 'Too many requests', 'error_code': 'TOO_MANY_REQUESTS'} ServerException:HTTP Status: 429, Code: TOO_MANY_REQUESTS, Msg: Too many requests, RequestID: 5415a875-f1c3-49f8-8331-ca1138c782fa
278785093857696 2026-07-06 02:44:32,948 webull.core.client ERROR get_response exception. {
  "error_code": "TOO_MANY_REQUESTS",
  "error_msg": "Too many requests",
  "http_status": 429,
  "request_id": "755cada0-5657-4e50-859f-986ea5573eb2"
}
278785598026144 2026-07-06 02:44:32,948 webull.core.client ERROR get_response exception. {
  "error_code": "TOO_MANY_REQUESTS",
  "error_msg": "Too many requests",
  "http_status": 429,
  "request_id": "5415a875-f1c3-49f8-8331-ca1138c782fa"
}
278785085403552 2026-07-06 02:44:32,967 webull.core.client ERROR ServerException occurred. Host:api.webull.com SDK-Version:2.0.10 Request:{
  "_version": "v2",
  "_action_name": "/trade/order/place",
  "_protocol_type": "https",
  "_accept_format": "JSON",
  "_params": {},
  "_method": "POST",
  "_header": {
    "x-version": "v2",
    "Accept-Encoding": "gzip",
    "x-app-key": "bf67888c79f28465cba7afc02717dbcb",
    "x-timestamp": "2026-07-06T02:44:32Z",
    "x-signature-version": "1.0",
    "x-signature-algorithm": "HMAC-SHA1",
    "x-signature-nonce": "3898516b-8bdb-50aa-b645-95a1367b460c",
    "x-signature": "TB6mCXwjGP56P4BBZtvlBO/il8A=",
    "User-Agent": "WebullApiSDK (Linux 6.12.68+;aarch64) Python/3.11.15 Core/2.0.10 python-requests/2.33.1",
    "x-webull-client-source": "sdk",
    "Content-Length": "347",
    "Content-Type": "application/json"
  },
  "_body_params": {
    "stock_order": {
      "client_order_id": "ar-47dc3f2d-3c1d-4d33-9448-",
      "symbol": "NVDA",
      "instrument_type": "EQUITY",
      "market": "US",
      "order_type": "LIMIT",
      "side": "BUY",
      "time_in_force": "DAY",
      "entrust_type": "QTY",
      "quantity": "0.007622",
      "support_trading_session": "ALL",
      "account_tax_type": "GENERAL",
      "limit_price": "196.78"
    },
    "account_id": "F8ISIGG74NU0C495ILNGG99D29"
  },
  "_uri_pattern": null,
  "_uri_params": null,
  "_content": "{\"stock_order\":{\"client_order_id\":\"ar-47dc3f2d-3c1d-4d33-9448-\",\"symbol\":\"NVDA\",\"instrument_type\":\"EQUITY\",\"market\":\"US\",\"order_type\":\"LIMIT\",\"side\":\"BUY\",\"time_in_force\":\"DAY\",\"entrust_type\":\"QTY\",\"quantity\":\"0.007622\",\"support_trading_session\":\"ALL\",\"account_tax_type\":\"GENERAL\",\"limit_price\":\"196.78\"},\"account_id\":\"F8ISIGG74NU0C495ILNGG99D29\"}",
  "_extra_user_agent": {},
  "string_to_sign": "",
  "_request_connect_timeout": null,
  "_request_read_timeout": null,
  "endpoint": "api.webull.com",
  "_signer_spec": "<module 'webull.core.auth.algorithm.sha_hmac1' from '/root/.venv/lib/python3.11/site-packages/webull/core/auth/algorithm/sha_hmac1.py'>",
  "_stock_order": {
    "client_order_id": "ar-47dc3f2d-3c1d-4d33-9448-",
    "symbol": "NVDA",
    "instrument_type": "EQUITY",
    "market": "US",
    "order_type": "LIMIT",
    "side": "BUY",
    "time_in_force": "DAY",
    "entrust_type": "QTY",
    "quantity": "0.007622",
    "support_trading_session": "ALL",
    "account_tax_type": "GENERAL",
    "limit_price": "196.78"
  }
} Response:{'message': 'The time you sent is not supported. Please check. ', 'error_code': 'INVALID_PARAMETER'} ServerException:HTTP Status: 417, Code: INVALID_PARAMETER, Msg: The time you sent is not supported. Please check. , RequestID: e19cfffd-d063-4c49-8535-7a070d8abd5a
278785085403552 2026-07-06 02:44:32,967 webull.core.client ERROR get_response exception. {
  "error_code": "INVALID_PARAMETER",
  "error_msg": "The time you sent is not supported. Please check. ",
  "http_status": 417,
  "request_id": "e19cfffd-d063-4c49-8535-7a070d8abd5a"
}
278785616445856 2026-07-06 02:44:33,059 webull.core.client ERROR ServerException occurred. Host:api.webull.com SDK-Version:2.0.10 Request:{
  "_version": "v2",
  "_action_name": "/trade/order/place",
  "_protocol_type": "https",
  "_accept_format": "JSON",
  "_params": {},
  "_method": "POST",
  "_header": {
    "x-version": "v2",
    "Accept-Encoding": "gzip",
    "x-app-key": "bf67888c79f28465cba7afc02717dbcb",
    "x-timestamp": "2026-07-06T02:44:32Z",
    "x-signature-version": "1.0",
    "x-signature-algorithm": "HMAC-SHA1",
    "x-signature-nonce": "a7cb737f-3c1c-5986-bbf3-7d3e6d0bead3",
    "x-signature": "kvFjW/7+JS+jG74gaZ8ZbiQL4v0=",
    "User-Agent": "WebullApiSDK (Linux 6.12.68+;aarch64) Python/3.11.15 Core/2.0.10 python-requests/2.33.1",
    "x-webull-client-source": "sdk",
    "Content-Length": "347",
    "Content-Type": "application/json"
  },
  "_body_params": {
    "stock_order": {
      "client_order_id": "ar-47dc3f2d-3c1d-4d33-9448-",
      "symbol": "NVDA",
      "instrument_type": "EQUITY",
      "market": "US",
      "order_type": "LIMIT",
      "side": "BUY",
      "time_in_force": "DAY",
      "entrust_type": "QTY",
      "quantity": "0.007622",
      "support_trading_session": "ALL",
      "account_tax_type": "GENERAL",
      "limit_price": "196.78"
    },
    "account_id": "F8ISIGG74NU0C495ILNGG99D29"
  },
  "_uri_pattern": null,
  "_uri_params": null,
  "_content": "{\"stock_order\":{\"client_order_id\":\"ar-47dc3f2d-3c1d-4d33-9448-\",\"symbol\":\"NVDA\",\"instrument_type\":\"EQUITY\",\"market\":\"US\",\"order_type\":\"LIMIT\",\"side\":\"BUY\",\"time_in_force\":\"DAY\",\"entrust_type\":\"QTY\",\"quantity\":\"0.007622\",\"support_trading_session\":\"ALL\",\"account_tax_type\":\"GENERAL\",\"limit_price\":\"196.78\"},\"account_id\":\"F8ISIGG74NU0C495ILNGG99D29\"}",
  "_extra_user_agent": {},
  "string_to_sign": "",
  "_request_connect_timeout": null,
  "_request_read_timeout": null,
  "endpoint": "api.webull.com",
  "_signer_spec": "<module 'webull.core.auth.algorithm.sha_hmac1' from '/root/.venv/lib/python3.11/site-packages/webull/core/auth/algorithm/sha_hmac1.py'>",
  "_stock_order": {
    "client_order_id": "ar-47dc3f2d-3c1d-4d33-9448-",
    "symbol": "NVDA",
    "instrument_type": "EQUITY",
    "market": "US",
    "order_type": "LIMIT",
    "side": "BUY",
    "time_in_force": "DAY",
    "entrust_type": "QTY",
    "quantity": "0.007622",
    "support_trading_session": "ALL",
    "account_tax_type": "GENERAL",
    "limit_price": "196.78"
  }
} Response:{'message': 'The time you sent is not supported. Please check. ', 'error_code': 'INVALID_PARAMETER'} ServerException:HTTP Status: 417, Code: INVALID_PARAMETER, Msg: The time you sent is not supported. Please check. , RequestID: 3a6962d5-9397-41da-939a-a15d636a5a54
278785616445856 2026-07-06 02:44:33,060 webull.core.client ERROR get_response exception. {
  "error_code": "INVALID_PARAMETER",
  "error_msg": "The time you sent is not supported. Please check. ",
  "http_status": 417,
  "request_id": "3a6962d5-9397-41da-939a-a15d636a5a54"
}
278785110765984 2026-07-06 02:44:33,063 webull.core.client ERROR ServerException occurred. Host:api.webull.com SDK-Version:2.0.10 Request:{
  "_version": "v2",
  "_action_name": "/trade/order/place",
  "_protocol_type": "https",
  "_accept_format": "JSON",
  "_params": {},
  "_method": "POST",
  "_header": {
    "x-version": "v2",
    "Accept-Encoding": "gzip",
    "x-app-key": "bf67888c79f28465cba7afc02717dbcb",
    "x-timestamp": "2026-07-06T02:44:32Z",
    "x-signature-version": "1.0",
    "x-signature-algorithm": "HMAC-SHA1",
    "x-signature-nonce": "eef6401a-c992-5290-a777-1bf38c27a42e",
    "x-signature": "5T471iXcDILMY0x2XdJTcRFoLOA=",
    "User-Agent": "WebullApiSDK (Linux 6.12.68+;aarch64) Python/3.11.15 Core/2.0.10 python-requests/2.33.1",
    "x-webull-client-source": "sdk",
    "Content-Length": "347",
    "Content-Type": "application/json"
  },
  "_body_params": {
    "stock_order": {
      "client_order_id": "ar-47dc3f2d-3c1d-4d33-9448-",
      "symbol": "NVDA",
      "instrument_type": "EQUITY",
      "market": "US",
      "order_type": "LIMIT",
      "side": "BUY",
      "time_in_force": "DAY",
      "entrust_type": "QTY",
      "quantity": "0.007622",
      "support_trading_session": "ALL",
      "account_tax_type": "GENERAL",
      "limit_price": "196.78"
    },
    "account_id": "F8ISIGG74NU0C495ILNGG99D29"
  },
  "_uri_pattern": null,
  "_uri_params": null,
  "_content": "{\"stock_order\":{\"client_order_id\":\"ar-47dc3f2d-3c1d-4d33-9448-\",\"symbol\":\"NVDA\",\"instrument_type\":\"EQUITY\",\"market\":\"US\",\"order_type\":\"LIMIT\",\"side\":\"BUY\",\"time_in_force\":\"DAY\",\"entrust_type\":\"QTY\",\"quantity\":\"0.007622\",\"support_trading_session\":\"ALL\",\"account_tax_type\":\"GENERAL\",\"limit_price\":\"196.78\"},\"account_id\":\"F8ISIGG74NU0C495ILNGG99D29\"}",
  "_extra_user_agent": {},
  "string_to_sign": "",
  "_request_connect_timeout": null,
  "_request_read_timeout": null,
  "endpoint": "api.webull.com",
  "_signer_spec": "<module 'webull.core.auth.algorithm.sha_hmac1' from '/root/.venv/lib/python3.11/site-packages/webull/core/auth/algorithm/sha_hmac1.py'>",
  "_stock_order": {
    "client_order_id": "ar-47dc3f2d-3c1d-4d33-9448-",
    "symbol": "NVDA",
    "instrument_type": "EQUITY",
    "market": "US",
    "order_type": "LIMIT",
    "side": "BUY",
    "time_in_force": "DAY",
    "entrust_type": "QTY",
    "quantity": "0.007622",
    "support_trading_session": "ALL",
    "account_tax_type": "GENERAL",
    "limit_price": "196.78"
  }
} Response:{'message': 'The time you sent is not supported. Please check. ', 'error_code': 'INVALID_PARAMETER'} ServerException:HTTP Status: 417, Code: INVALID_PARAMETER, Msg: The time you sent is not supported. Please check. , RequestID: f34c158b-4740-4913-97b1-c7c713f0b8d0
278785110765984 2026-07-06 02:44:33,064 webull.core.client ERROR get_response exception. {
  "error_code": "INVALID_PARAMETER",
  "error_msg": "The time you sent is not supported. Please check. ",
  "http_status": 417,
  "request_id": "f34c158b-4740-4913-97b1-c7c713f0b8d0"
}
278785076949408 2026-07-06 02:44:33,098 webull.core.client ERROR ServerException occurred. Host:api.webull.com SDK-Version:2.0.10 Request:{
  "_version": "v2",
  "_action_name": "/openapi/assets/balance",
  "_protocol_type": "https",
  "_accept_format": "JSON",
  "_params": {
    "account_id": "F8ISIGG74NU0C495ILNGG99D29"
  },
  "_method": "GET",
  "_header": {
    "x-version": "v2",
    "Accept-Encoding": "gzip",
    "x-app-key": "bf67888c79f28465cba7afc02717dbcb",
    "x-timestamp": "2026-07-06T02:44:33Z",
    "x-signature-version": "1.0",
    "x-signature-algorithm": "HMAC-SHA1",
    "x-signature-nonce": "fe2d3b3a-34c6-546c-a8b0-627c15b3b391",
    "x-signature": "HSoPsSN+POGyxc42UC/KYI4ignU=",
    "User-Agent": "WebullApiSDK (Linux 6.12.68+;aarch64) Python/3.11.15 Core/2.0.10 python-requests/2.33.1",
    "x-webull-client-source": "sdk"
  },
  "_body_params": null,
  "_uri_pattern": null,
  "_uri_params": null,
  "_content": null,
  "_extra_user_agent": {},
  "string_to_sign": "",
  "_request_connect_timeout": null,
  "_request_read_timeout": null,
  "endpoint": "api.webull.com",
  "_signer_spec": "<module 'webull.core.auth.algorithm.sha_hmac1' from '/root/.venv/lib/python3.11/site-packages/webull/core/auth/algorithm/sha_hmac1.py'>"
} Response:{'message': 'Too many requests', 'error_code': 'TOO_MANY_REQUESTS'} ServerException:HTTP Status: 429, Code: TOO_MANY_REQUESTS, Msg: Too many requests, RequestID: a054bb3b-ad76-46f9-9545-b6c3d5490cd4
278785076949408 2026-07-06 02:44:33,099 webull.core.client ERROR get_response exception. {
  "error_code": "TOO_MANY_REQUESTS",
  "error_msg": "Too many requests",
  "http_status": 429,
  "request_id": "a054bb3b-ad76-46f9-9545-b6c3d5490cd4"
}
278785093857696 2026-07-06 02:44:33,207 webull.core.client ERROR ServerException occurred. Host:api.webull.com SDK-Version:2.0.10 Request:{
  "_version": "v2",
  "_action_name": "/trade/order/place",
  "_protocol_type": "https",
  "_accept_format": "JSON",
  "_params": {},
  "_method": "POST",
  "_header": {
    "x-version": "v2",
    "Accept-Encoding": "gzip",
    "x-app-key": "bf67888c79f28465cba7afc02717dbcb",
    "x-timestamp": "2026-07-06T02:44:33Z",
    "x-signature-version": "1.0",
    "x-signature-algorithm": "HMAC-SHA1",
    "x-signature-nonce": "4385cc12-602a-5f54-8f2c-c86205c2728c",
    "x-signature": "ZQHtWeVJVCxaYm1UKIqS3tUq/6A=",
    "User-Agent": "WebullApiSDK (Linux 6.12.68+;aarch64) Python/3.11.15 Core/2.0.10 python-requests/2.33.1",
    "x-webull-client-source": "sdk",
    "Content-Length": "347",
    "Content-Type": "application/json"
  },
  "_body_params": {
    "stock_order": {
      "client_order_id": "ar-11c745fb-62ce-47c9-b1a1-",
      "symbol": "NVDA",
      "instrument_type": "EQUITY",
      "market": "US",
      "order_type": "LIMIT",
      "side": "BUY",
      "time_in_force": "DAY",
      "entrust_type": "QTY",
      "quantity": "0.015245",
      "support_trading_session": "ALL",
      "account_tax_type": "GENERAL",
      "limit_price": "196.78"
    },
    "account_id": "F8ISIGG74NU0C495ILNGG99D29"
  },
  "_uri_pattern": null,
  "_uri_params": null,
  "_content": "{\"stock_order\":{\"client_order_id\":\"ar-11c745fb-62ce-47c9-b1a1-\",\"symbol\":\"NVDA\",\"instrument_type\":\"EQUITY\",\"market\":\"US\",\"order_type\":\"LIMIT\",\"side\":\"BUY\",\"time_in_force\":\"DAY\",\"entrust_type\":\"QTY\",\"quantity\":\"0.015245\",\"support_trading_session\":\"ALL\",\"account_tax_type\":\"GENERAL\",\"limit_price\":\"196.78\"},\"account_id\":\"F8ISIGG74NU0C495ILNGG99D29\"}",
  "_extra_user_agent": {},
  "string_to_sign": "",
  "_request_connect_timeout": null,
  "_request_read_timeout": null,
  "endpoint": "api.webull.com",
  "_signer_spec": "<module 'webull.core.auth.algorithm.sha_hmac1' from '/root/.venv/lib/python3.11/site-packages/webull/core/auth/algorithm/sha_hmac1.py'>",
  "_stock_order": {
    "client_order_id": "ar-11c745fb-62ce-47c9-b1a1-",
    "symbol": "NVDA",
    "instrument_type": "EQUITY",
    "market": "US",
    "order_type": "LIMIT",
    "side": "BUY",
    "time_in_force": "DAY",
    "entrust_type": "QTY",
    "quantity": "0.015245",
    "support_trading_session": "ALL",
    "account_tax_type": "GENERAL",
    "limit_price": "196.78"
  }
} Response:{'message': 'The time you sent is not supported. Please check. ', 'error_code': 'INVALID_PARAMETER'} ServerException:HTTP Status: 417, Code: INVALID_PARAMETER, Msg: The time you sent is not supported. Please check. , RequestID: d3657363-82a5-40c0-a7cf-cf539f7ca7e1
278785093857696 2026-07-06 02:44:33,207 webull.core.client ERROR get_response exception. {
  "error_code": "INVALID_PARAMETER",
  "error_msg": "The time you sent is not supported. Please check. ",
  "http_status": 417,
  "request_id": "d3657363-82a5-40c0-a7cf-cf539f7ca7e1"
}
278785119220128 2026-07-06 02:44:33,216 webull.core.client ERROR ServerException occurred. Host:api.webull.com SDK-Version:2.0.10 Request:{
  "_version": "v2",
  "_action_name": "/openapi/assets/balance",
  "_protocol_type": "https",
  "_accept_format": "JSON",
  "_params": {
    "account_id": "F8ISIGG74NU0C495ILNGG99D29"
  },
  "_method": "GET",
  "_header": {
    "x-version": "v2",
    "Accept-Encoding": "gzip",
    "x-app-key": "bf67888c79f28465cba7afc02717dbcb",
    "x-timestamp": "2026-07-06T02:44:33Z",
    "x-signature-version": "1.0",
    "x-signature-algorithm": "HMAC-SHA1",
    "x-signature-nonce": "24c0fb04-3d39-5dc8-bc78-8e513ee28992",
    "x-signature": "f8nvTAUOtrBnOU9GeN4QgfNWDs4=",
    "User-Agent": "WebullApiSDK (Linux 6.12.68+;aarch64) Python/3.11.15 Core/2.0.10 python-requests/2.33.1",
    "x-webull-client-source": "sdk"
  },
  "_body_params": null,
  "_uri_pattern": null,
  "_uri_params": null,
  "_content": null,
  "_extra_user_agent": {},
  "string_to_sign": "",
  "_request_connect_timeout": null,
  "_request_read_timeout": null,
  "endpoint": "api.webull.com",
  "_signer_spec": "<module 'webull.core.auth.algorithm.sha_hmac1' from '/root/.venv/lib/python3.11/site-packages/webull/core/auth/algorithm/sha_hmac1.py'>"
} Response:{'message': 'Too many requests', 'error_code': 'TOO_MANY_REQUESTS'} ServerException:HTTP Status: 429, Code: TOO_MANY_REQUESTS, Msg: Too many requests, RequestID: c2f46f18-b0fc-49cd-8129-92e76dc835ef
278785119220128 2026-07-06 02:44:33,217 webull.core.client ERROR get_response exception. {
  "error_code": "TOO_MANY_REQUESTS",
  "error_msg": "Too many requests",
  "http_status": 429,
  "request_id": "c2f46f18-b0fc-49cd-8129-92e76dc835ef"
}
278785102311840 2026-07-06 02:44:33,224 webull.core.client ERROR ServerException occurred. Host:api.webull.com SDK-Version:2.0.10 Request:{
  "_version": "v2",
  "_action_name": "/openapi/assets/balance",
  "_protocol_type": "https",
  "_accept_format": "JSON",
  "_params": {
    "account_id": "F8ISIGG74NU0C495ILNGG99D29"
  },
  "_method": "GET",
  "_header": {
    "x-version": "v2",
    "Accept-Encoding": "gzip",
    "x-app-key": "bf67888c79f28465cba7afc02717dbcb",
    "x-timestamp": "2026-07-06T02:44:33Z",
    "x-signature-version": "1.0",
    "x-signature-algorithm": "HMAC-SHA1",
    "x-signature-nonce": "485cbc6a-0c1f-54f1-8d8a-0423200a6516",
    "x-signature": "lIlIZ4JcoThWqf7vBd171OL5JJo=",
    "User-Agent": "WebullApiSDK (Linux 6.12.68+;aarch64) Python/3.11.15 Core/2.0.10 python-requests/2.33.1",
    "x-webull-client-source": "sdk"
  },
  "_body_params": null,
  "_uri_pattern": null,
  "_uri_params": null,
  "_content": null,
  "_extra_user_agent": {},
  "string_to_sign": "",
  "_request_connect_timeout": null,
  "_request_read_timeout": null,
  "endpoint": "api.webull.com",
  "_signer_spec": "<module 'webull.core.auth.algorithm.sha_hmac1' from '/root/.venv/lib/python3.11/site-packages/webull/core/auth/algorithm/sha_hmac1.py'>"
} Response:{'error_code': 'TOO_MANY_REQUESTS', 'message': 'Too many requests'} ServerException:HTTP Status: 429, Code: TOO_MANY_REQUESTS, Msg: Too many requests, RequestID: 9e4d30b4-c363-4d91-abb7-d4ac7081609e
278785102311840 2026-07-06 02:44:33,224 webull.core.client ERROR get_response exception. {
  "error_code": "TOO_MANY_REQUESTS",
  "error_msg": "Too many requests",
  "http_status": 429,
  "request_id": "9e4d30b4-c363-4d91-abb7-d4ac7081609e"
}
278785110765984 2026-07-06 02:44:33,319 webull.core.client ERROR ServerException occurred. Host:api.webull.com SDK-Version:2.0.10 Request:{
  "_version": "v2",
  "_action_name": "/trade/order/place",
  "_protocol_type": "https",
  "_accept_format": "JSON",
  "_params": {},
  "_method": "POST",
  "_header": {
    "x-version": "v2",
    "Accept-Encoding": "gzip",
    "x-app-key": "bf67888c79f28465cba7afc02717dbcb",
    "x-timestamp": "2026-07-06T02:44:33Z",
    "x-signature-version": "1.0",
    "x-signature-algorithm": "HMAC-SHA1",
    "x-signature-nonce": "787e2d65-e0fd-551c-aa05-b090dc7799a9",
    "x-signature": "HzxHvXJ6fJNwje0mqgvy+vv4n9A=",
    "User-Agent": "WebullApiSDK (Linux 6.12.68+;aarch64) Python/3.11.15 Core/2.0.10 python-requests/2.33.1",
    "x-webull-client-source": "sdk",
    "Content-Length": "347",
    "Content-Type": "application/json"
  },
  "_body_params": {
    "stock_order": {
      "client_order_id": "ar-11c745fb-62ce-47c9-b1a1-",
      "symbol": "NVDA",
      "instrument_type": "EQUITY",
      "market": "US",
      "order_type": "LIMIT",
      "side": "BUY",
      "time_in_force": "DAY",
      "entrust_type": "QTY",
      "quantity": "0.015245",
      "support_trading_session": "ALL",
      "account_tax_type": "GENERAL",
      "limit_price": "196.78"
    },
    "account_id": "F8ISIGG74NU0C495ILNGG99D29"
  },
  "_uri_pattern": null,
  "_uri_params": null,
  "_content": "{\"stock_order\":{\"client_order_id\":\"ar-11c745fb-62ce-47c9-b1a1-\",\"symbol\":\"NVDA\",\"instrument_type\":\"EQUITY\",\"market\":\"US\",\"order_type\":\"LIMIT\",\"side\":\"BUY\",\"time_in_force\":\"DAY\",\"entrust_type\":\"QTY\",\"quantity\":\"0.015245\",\"support_trading_session\":\"ALL\",\"account_tax_type\":\"GENERAL\",\"limit_price\":\"196.78\"},\"account_id\":\"F8ISIGG74NU0C495ILNGG99D29\"}",
  "_extra_user_agent": {},
  "string_to_sign": "",
  "_request_connect_timeout": null,
  "_request_read_timeout": null,
  "endpoint": "api.webull.com",
  "_signer_spec": "<module 'webull.core.auth.algorithm.sha_hmac1' from '/root/.venv/lib/python3.11/site-packages/webull/core/auth/algorithm/sha_hmac1.py'>",
  "_stock_order": {
    "client_order_id": "ar-11c745fb-62ce-47c9-b1a1-",
    "symbol": "NVDA",
    "instrument_type": "EQUITY",
    "market": "US",
    "order_type": "LIMIT",
    "side": "BUY",
    "time_in_force": "DAY",
    "entrust_type": "QTY",
    "quantity": "0.015245",
    "support_trading_session": "ALL",
    "account_tax_type": "GENERAL",
    "limit_price": "196.78"
  }
} Response:{'message': 'The time you sent is not supported. Please check. ', 'error_code': 'INVALID_PARAMETER'} ServerException:HTTP Status: 417, Code: INVALID_PARAMETER, Msg: The time you sent is not supported. Please check. , RequestID: 6862a668-2c54-4a68-9afe-327b8f27cab3
278785110765984 2026-07-06 02:44:33,320 webull.core.client ERROR get_response exception. {
  "error_code": "INVALID_PARAMETER",
  "error_msg": "The time you sent is not supported. Please check. ",
  "http_status": 417,
  "request_id": "6862a668-2c54-4a68-9afe-327b8f27cab3"
}
278785598026144 2026-07-06 02:44:33,329 webull.core.client ERROR ServerException occurred. Host:api.webull.com SDK-Version:2.0.10 Request:{
  "_version": "v2",
  "_action_name": "/trade/order/place",
  "_protocol_type": "https",
  "_accept_format": "JSON",
  "_params": {},
  "_method": "POST",
  "_header": {
    "x-version": "v2",
    "Accept-Encoding": "gzip",
    "x-app-key": "bf67888c79f28465cba7afc02717dbcb",
    "x-timestamp": "2026-07-06T02:44:33Z",
    "x-signature-version": "1.0",
    "x-signature-algorithm": "HMAC-SHA1",
    "x-signature-nonce": "1c04f734-2e1e-57ef-bf8a-dd8649814247",
    "x-signature": "YQT8xiq9mwyiTgC/EcGe0KhLSIU=",
    "User-Agent": "WebullApiSDK (Linux 6.12.68+;aarch64) Python/3.11.15 Core/2.0.10 python-requests/2.33.1",
    "x-webull-client-source": "sdk",
    "Content-Length": "347",
    "Content-Type": "application/json"
  },
  "_body_params": {
    "stock_order": {
      "client_order_id": "ar-11c745fb-62ce-47c9-b1a1-",
      "symbol": "NVDA",
      "instrument_type": "EQUITY",
      "market": "US",
      "order_type": "LIMIT",
      "side": "BUY",
      "time_in_force": "DAY",
      "entrust_type": "QTY",
      "quantity": "0.015245",
      "support_trading_session": "ALL",
      "account_tax_type": "GENERAL",
      "limit_price": "196.78"
    },
    "account_id": "F8ISIGG74NU0C495ILNGG99D29"
  },
  "_uri_pattern": null,
  "_uri_params": null,
  "_content": "{\"stock_order\":{\"client_order_id\":\"ar-11c745fb-62ce-47c9-b1a1-\",\"symbol\":\"NVDA\",\"instrument_type\":\"EQUITY\",\"market\":\"US\",\"order_type\":\"LIMIT\",\"side\":\"BUY\",\"time_in_force\":\"DAY\",\"entrust_type\":\"QTY\",\"quantity\":\"0.015245\",\"support_trading_session\":\"ALL\",\"account_tax_type\":\"GENERAL\",\"limit_price\":\"196.78\"},\"account_id\":\"F8ISIGG74NU0C495ILNGG99D29\"}",
  "_extra_user_agent": {},
  "string_to_sign": "",
  "_request_connect_timeout": null,
  "_request_read_timeout": null,
  "endpoint": "api.webull.com",
  "_signer_spec": "<module 'webull.core.auth.algorithm.sha_hmac1' from '/root/.venv/lib/python3.11/site-packages/webull/core/auth/algorithm/sha_hmac1.py'>",
  "_stock_order": {
    "client_order_id": "ar-11c745fb-62ce-47c9-b1a1-",
    "symbol": "NVDA",
    "instrument_type": "EQUITY",
    "market": "US",
    "order_type": "LIMIT",
    "side": "BUY",
    "time_in_force": "DAY",
    "entrust_type": "QTY",
    "quantity": "0.015245",
    "support_trading_session": "ALL",
    "account_tax_type": "GENERAL",
    "limit_price": "196.78"
  }
} Response:{'message': 'The time you sent is not supported. Please check. ', 'error_code': 'INVALID_PARAMETER'} ServerException:HTTP Status: 417, Code: INVALID_PARAMETER, Msg: The time you sent is not supported. Please check. , RequestID: 937e8107-6e8a-4522-a699-e81eab9292f8
278785598026144 2026-07-06 02:44:33,329 webull.core.client ERROR get_response exception. {
  "error_code": "INVALID_PARAMETER",
  "error_msg": "The time you sent is not supported. Please check. ",
  "http_status": 417,
  "request_id": "937e8107-6e8a-4522-a699-e81eab9292f8"
}
278785102311840 2026-07-06 02:44:33,885 webull.core.client ERROR ServerException occurred. Host:api.webull.com SDK-Version:2.0.10 Request:{
  "_version": "v2",
  "_action_name": "/openapi/assets/balance",
  "_protocol_type": "https",
  "_accept_format": "JSON",
  "_params": {
    "account_id": "F8ISIGG74NU0C495ILNGG99D29"
  },
  "_method": "GET",
  "_header": {
    "x-version": "v2",
    "Accept-Encoding": "gzip",
    "x-app-key": "bf67888c79f28465cba7afc02717dbcb",
    "x-timestamp": "2026-07-06T02:44:33Z",
    "x-signature-version": "1.0",
    "x-signature-algorithm": "HMAC-SHA1",
    "x-signature-nonce": "36073e0c-4960-5051-bedf-54774620caac",
    "x-signature": "560lieRz2GN4pTP/CH33St+oCrc=",
    "User-Agent": "WebullApiSDK (Linux 6.12.68+;aarch64) Python/3.11.15 Core/2.0.10 python-requests/2.33.1",
    "x-webull-client-source": "sdk"
  },
  "_body_params": null,
  "_uri_pattern": null,
  "_uri_params": null,
  "_content": null,
  "_extra_user_agent": {},
  "string_to_sign": "",
  "_request_connect_timeout": null,
  "_request_read_timeout": null,
  "endpoint": "api.webull.com",
  "_signer_spec": "<module 'webull.core.auth.algorithm.sha_hmac1' from '/root/.venv/lib/python3.11/site-packages/webull/core/auth/algorithm/sha_hmac1.py'>"
} Response:{'error_code': 'TOO_MANY_REQUESTS', 'message': 'Too many requests'} ServerException:HTTP Status: 429, Code: TOO_MANY_REQUESTS, Msg: Too many requests, RequestID: 1898837b-801e-4ca5-94e8-a01c73c18d97
278785102311840 2026-07-06 02:44:33,885 webull.core.client ERROR get_response exception. {
  "error_code": "TOO_MANY_REQUESTS",
  "error_msg": "Too many requests",
  "http_status": 429,
  "request_id": "1898837b-801e-4ca5-94e8-a01c73c18d97"
}
278785110765984 2026-07-06 02:44:33,973 webull.core.client ERROR ServerException occurred. Host:api.webull.com SDK-Version:2.0.10 Request:{
  "_version": "v2",
  "_action_name": "/trade/order/place",
  "_protocol_type": "https",
  "_accept_format": "JSON",
  "_params": {},
  "_method": "POST",
  "_header": {
    "x-version": "v2",
    "Accept-Encoding": "gzip",
    "x-app-key": "bf67888c79f28465cba7afc02717dbcb",
    "x-timestamp": "2026-07-06T02:44:33Z",
    "x-signature-version": "1.0",
    "x-signature-algorithm": "HMAC-SHA1",
    "x-signature-nonce": "906fe7be-e646-59db-95f1-a4749bcfc05f",
    "x-signature": "3fl01O9+yKUqzMI2kqWCBahD6ik=",
    "User-Agent": "WebullApiSDK (Linux 6.12.68+;aarch64) Python/3.11.15 Core/2.0.10 python-requests/2.33.1",
    "x-webull-client-source": "sdk",
    "Content-Length": "347",
    "Content-Type": "application/json"
  },
  "_body_params": {
    "stock_order": {
      "client_order_id": "ar-4b082fb5-83e7-4b65-8064-",
      "symbol": "NVDA",
      "instrument_type": "EQUITY",
      "market": "US",
      "order_type": "LIMIT",
      "side": "BUY",
      "time_in_force": "DAY",
      "entrust_type": "QTY",
      "quantity": "0.007622",
      "support_trading_session": "ALL",
      "account_tax_type": "GENERAL",
      "limit_price": "196.78"
    },
    "account_id": "F8ISIGG74NU0C495ILNGG99D29"
  },
  "_uri_pattern": null,
  "_uri_params": null,
  "_content": "{\"stock_order\":{\"client_order_id\":\"ar-4b082fb5-83e7-4b65-8064-\",\"symbol\":\"NVDA\",\"instrument_type\":\"EQUITY\",\"market\":\"US\",\"order_type\":\"LIMIT\",\"side\":\"BUY\",\"time_in_force\":\"DAY\",\"entrust_type\":\"QTY\",\"quantity\":\"0.007622\",\"support_trading_session\":\"ALL\",\"account_tax_type\":\"GENERAL\",\"limit_price\":\"196.78\"},\"account_id\":\"F8ISIGG74NU0C495ILNGG99D29\"}",
  "_extra_user_agent": {},
  "string_to_sign": "",
  "_request_connect_timeout": null,
  "_request_read_timeout": null,
  "endpoint": "api.webull.com",
  "_signer_spec": "<module 'webull.core.auth.algorithm.sha_hmac1' from '/root/.venv/lib/python3.11/site-packages/webull/core/auth/algorithm/sha_hmac1.py'>",
  "_stock_order": {
    "client_order_id": "ar-4b082fb5-83e7-4b65-8064-",
    "symbol": "NVDA",
    "instrument_type": "EQUITY",
    "market": "US",
    "order_type": "LIMIT",
    "side": "BUY",
    "time_in_force": "DAY",
    "entrust_type": "QTY",
    "quantity": "0.007622",
    "support_trading_session": "ALL",
    "account_tax_type": "GENERAL",
    "limit_price": "196.78"
  }
} Response:{'message': 'The time you sent is not supported. Please check. ', 'error_code': 'INVALID_PARAMETER'} ServerException:HTTP Status: 417, Code: INVALID_PARAMETER, Msg: The time you sent is not supported. Please check. , RequestID: 24b953bd-657e-495d-8801-bfd9e8efa647
278785110765984 2026-07-06 02:44:33,973 webull.core.client ERROR get_response exception. {
  "error_code": "INVALID_PARAMETER",
  "error_msg": "The time you sent is not supported. Please check. ",
  "http_status": 417,
  "request_id": "24b953bd-657e-495d-8801-bfd9e8efa647"
}
275510172840352 2026-07-06 02:45:29,583 webull.core.client ERROR ServerException occurred. Host:api.webull.com SDK-Version:2.0.10 Request:{
  "_version": "v2",
  "_action_name": "/openapi/assets/balance",
  "_protocol_type": "https",
  "_accept_format": "JSON",
  "_params": {
    "account_id": "F8ISIGG74NU0C495ILNGG99D29"
  },
  "_method": "GET",
  "_header": {
    "x-version": "v2",
    "Accept-Encoding": "gzip",
    "x-app-key": "bf67888c79f28465cba7afc02717dbcb",
    "x-timestamp": "2026-07-06T02:45:29Z",
    "x-signature-version": "1.0",
    "x-signature-algorithm": "HMAC-SHA1",
    "x-signature-nonce": "576fe158-2708-5141-a80a-103ea92c82db",
    "x-signature": "9Cu0hkHVYpXsbVErcxdg+TfS8kE=",
    "User-Agent": "WebullApiSDK (Linux 6.12.68+;aarch64) Python/3.11.15 Core/2.0.10 python-requests/2.33.1",
    "x-webull-client-source": "sdk"
  },
  "_body_params": null,
  "_uri_pattern": null,
  "_uri_params": null,
  "_content": null,
  "_extra_user_agent": {},
  "string_to_sign": "",
  "_request_connect_timeout": null,
  "_request_read_timeout": null,
  "endpoint": "api.webull.com",
  "_signer_spec": "<module 'webull.core.auth.algorithm.sha_hmac1' from '/root/.venv/lib/python3.11/site-packages/webull/core/auth/algorithm/sha_hmac1.py'>"
} Response:{'message': 'Too many requests', 'error_code': 'TOO_MANY_REQUESTS'} ServerException:HTTP Status: 429, Code: TOO_MANY_REQUESTS, Msg: Too many requests, RequestID: 83047241-2275-498f-ab53-c4ade6b95ba7
275510172840352 2026-07-06 02:45:29,583 webull.core.client ERROR get_response exception. {
  "error_code": "TOO_MANY_REQUESTS",
  "error_msg": "Too many requests",
  "http_status": 429,
  "request_id": "83047241-2275-498f-ab53-c4ade6b95ba7"
}
275509669786016 2026-07-06 02:45:29,600 webull.core.client ERROR ServerException occurred. Host:api.webull.com SDK-Version:2.0.10 Request:{
  "_version": "v2",
  "_action_name": "/openapi/assets/balance",
  "_protocol_type": "https",
  "_accept_format": "JSON",
  "_params": {
    "account_id": "F8ISIGG74NU0C495ILNGG99D29"
  },
  "_method": "GET",
  "_header": {
    "x-version": "v2",
    "Accept-Encoding": "gzip",
    "x-app-key": "bf67888c79f28465cba7afc02717dbcb",
    "x-timestamp": "2026-07-06T02:45:29Z",
    "x-signature-version": "1.0",
    "x-signature-algorithm": "HMAC-SHA1",
    "x-signature-nonce": "dd1283b3-a9e1-5b20-afcd-1e2ce793a3ee",
    "x-signature": "dpo16LaCJ+Xm7FOmTYfotnr8WDw=",
    "User-Agent": "WebullApiSDK (Linux 6.12.68+;aarch64) Python/3.11.15 Core/2.0.10 python-requests/2.33.1",
    "x-webull-client-source": "sdk"
  },
  "_body_params": null,
  "_uri_pattern": null,
  "_uri_params": null,
  "_content": null,
  "_extra_user_agent": {},
  "string_to_sign": "",
  "_request_connect_timeout": null,
  "_request_read_timeout": null,
  "endpoint": "api.webull.com",
  "_signer_spec": "<module 'webull.core.auth.algorithm.sha_hmac1' from '/root/.venv/lib/python3.11/site-packages/webull/core/auth/algorithm/sha_hmac1.py'>"
} Response:{'message': 'Too many requests', 'error_code': 'TOO_MANY_REQUESTS'} ServerException:HTTP Status: 429, Code: TOO_MANY_REQUESTS, Msg: Too many requests, RequestID: f64a8a46-5440-40c1-aaa4-653af193b2b2
275509669786016 2026-07-06 02:45:29,601 webull.core.client ERROR get_response exception. {
  "error_code": "TOO_MANY_REQUESTS",
  "error_msg": "Too many requests",
  "http_status": 429,
  "request_id": "f64a8a46-5440-40c1-aaa4-653af193b2b2"
}
275510155932064 2026-07-06 02:45:29,693 webull.core.client ERROR ServerException occurred. Host:api.webull.com SDK-Version:2.0.10 Request:{
  "_version": "v2",
  "_action_name": "/trade/order/place",
  "_protocol_type": "https",
  "_accept_format": "JSON",
  "_params": {},
  "_method": "POST",
  "_header": {
    "x-version": "v2",
    "Accept-Encoding": "gzip",
    "x-app-key": "bf67888c79f28465cba7afc02717dbcb",
    "x-timestamp": "2026-07-06T02:45:29Z",
    "x-signature-version": "1.0",
    "x-signature-algorithm": "HMAC-SHA1",
    "x-signature-nonce": "110443cc-72f2-5224-96f0-9c5decebc797",
    "x-signature": "USO/GBhxpq/D5dlAY1/bkd2db9s=",
    "User-Agent": "WebullApiSDK (Linux 6.12.68+;aarch64) Python/3.11.15 Core/2.0.10 python-requests/2.33.1",
    "x-webull-client-source": "sdk",
    "Content-Length": "347",
    "Content-Type": "application/json"
  },
  "_body_params": {
    "stock_order": {
      "client_order_id": "ar-ca275e57-7c07-4e61-a0c2-",
      "symbol": "NVDA",
      "instrument_type": "EQUITY",
      "market": "US",
      "order_type": "LIMIT",
      "side": "BUY",
      "time_in_force": "DAY",
      "entrust_type": "QTY",
      "quantity": "0.015245",
      "support_trading_session": "ALL",
      "account_tax_type": "GENERAL",
      "limit_price": "196.78"
    },
    "account_id": "F8ISIGG74NU0C495ILNGG99D29"
  },
  "_uri_pattern": null,
  "_uri_params": null,
  "_content": "{\"stock_order\":{\"client_order_id\":\"ar-ca275e57-7c07-4e61-a0c2-\",\"symbol\":\"NVDA\",\"instrument_type\":\"EQUITY\",\"market\":\"US\",\"order_type\":\"LIMIT\",\"side\":\"BUY\",\"time_in_force\":\"DAY\",\"entrust_type\":\"QTY\",\"quantity\":\"0.015245\",\"support_trading_session\":\"ALL\",\"account_tax_type\":\"GENERAL\",\"limit_price\":\"196.78\"},\"account_id\":\"F8ISIGG74NU0C495ILNGG99D29\"}",
  "_extra_user_agent": {},
  "string_to_sign": "",
  "_request_connect_timeout": null,
  "_request_read_timeout": null,
  "endpoint": "api.webull.com",
  "_signer_spec": "<module 'webull.core.auth.algorithm.sha_hmac1' from '/root/.venv/lib/python3.11/site-packages/webull/core/auth/algorithm/sha_hmac1.py'>",
  "_stock_order": {
    "client_order_id": "ar-ca275e57-7c07-4e61-a0c2-",
    "symbol": "NVDA",
    "instrument_type": "EQUITY",
    "market": "US",
    "order_type": "LIMIT",
    "side": "BUY",
    "time_in_force": "DAY",
    "entrust_type": "QTY",
    "quantity": "0.015245",
    "support_trading_session": "ALL",
    "account_tax_type": "GENERAL",
    "limit_price": "196.78"
  }
} Response:{'message': 'The time you sent is not supported. Please check. ', 'error_code': 'INVALID_PARAMETER'} ServerException:HTTP Status: 417, Code: INVALID_PARAMETER, Msg: The time you sent is not supported. Please check. , RequestID: fd1e1a24-2108-4202-98d1-e81dcca9de73
275510155932064 2026-07-06 02:45:29,695 webull.core.client ERROR get_response exception. {
  "error_code": "INVALID_PARAMETER",
  "error_msg": "The time you sent is not supported. Please check. ",
  "http_status": 417,
  "request_id": "fd1e1a24-2108-4202-98d1-e81dcca9de73"
}
275509635969440 2026-07-06 02:45:29,713 webull.core.client ERROR ServerException occurred. Host:api.webull.com SDK-Version:2.0.10 Request:{
  "_version": "v2",
  "_action_name": "/trade/order/place",
  "_protocol_type": "https",
  "_accept_format": "JSON",
  "_params": {},
  "_method": "POST",
  "_header": {
    "x-version": "v2",
    "Accept-Encoding": "gzip",
    "x-app-key": "bf67888c79f28465cba7afc02717dbcb",
    "x-timestamp": "2026-07-06T02:45:29Z",
    "x-signature-version": "1.0",
    "x-signature-algorithm": "HMAC-SHA1",
    "x-signature-nonce": "cba97715-78d8-5640-94ac-e9f1f63a55db",
    "x-signature": "qXzIECNHjKdyaXFnKJk3Eh4v6RE=",
    "User-Agent": "WebullApiSDK (Linux 6.12.68+;aarch64) Python/3.11.15 Core/2.0.10 python-requests/2.33.1",
    "x-webull-client-source": "sdk",
    "Content-Length": "347",
    "Content-Type": "application/json"
  },
  "_body_params": {
    "stock_order": {
      "client_order_id": "ar-ca275e57-7c07-4e61-a0c2-",
      "symbol": "NVDA",
      "instrument_type": "EQUITY",
      "market": "US",
      "order_type": "LIMIT",
      "side": "BUY",
      "time_in_force": "DAY",
      "entrust_type": "QTY",
      "quantity": "0.015245",
      "support_trading_session": "ALL",
      "account_tax_type": "GENERAL",
      "limit_price": "196.78"
    },
    "account_id": "F8ISIGG74NU0C495ILNGG99D29"
  },
  "_uri_pattern": null,
  "_uri_params": null,
  "_content": "{\"stock_order\":{\"client_order_id\":\"ar-ca275e57-7c07-4e61-a0c2-\",\"symbol\":\"NVDA\",\"instrument_type\":\"EQUITY\",\"market\":\"US\",\"order_type\":\"LIMIT\",\"side\":\"BUY\",\"time_in_force\":\"DAY\",\"entrust_type\":\"QTY\",\"quantity\":\"0.015245\",\"support_trading_session\":\"ALL\",\"account_tax_type\":\"GENERAL\",\"limit_price\":\"196.78\"},\"account_id\":\"F8ISIGG74NU0C495ILNGG99D29\"}",
  "_extra_user_agent": {},
  "string_to_sign": "",
  "_request_connect_timeout": null,
  "_request_read_timeout": null,
  "endpoint": "api.webull.com",
  "_signer_spec": "<module 'webull.core.auth.algorithm.sha_hmac1' from '/root/.venv/lib/python3.11/site-packages/webull/core/auth/algorithm/sha_hmac1.py'>",
  "_stock_order": {
    "client_order_id": "ar-ca275e57-7c07-4e61-a0c2-",
    "symbol": "NVDA",
    "instrument_type": "EQUITY",
    "market": "US",
    "order_type": "LIMIT",
    "side": "BUY",
    "time_in_force": "DAY",
    "entrust_type": "QTY",
    "quantity": "0.015245",
    "support_trading_session": "ALL",
    "account_tax_type": "GENERAL",
    "limit_price": "196.78"
  }
} Response:{'message': 'The time you sent is not supported. Please check. ', 'error_code': 'INVALID_PARAMETER'} ServerException:HTTP Status: 417, Code: INVALID_PARAMETER, Msg: The time you sent is not supported. Please check. , RequestID: 8afe2d45-5b6c-4341-b532-19ddad8be004
275509635969440 2026-07-06 02:45:29,714 webull.core.client ERROR get_response exception. {
  "error_code": "INVALID_PARAMETER",
  "error_msg": "The time you sent is not supported. Please check. ",
  "http_status": 417,
  "request_id": "8afe2d45-5b6c-4341-b532-19ddad8be004"
}
275509644423584 2026-07-06 02:45:29,882 webull.core.client ERROR ServerException occurred. Host:api.webull.com SDK-Version:2.0.10 Request:{
  "_version": "v2",
  "_action_name": "/openapi/assets/balance",
  "_protocol_type": "https",
  "_accept_format": "JSON",
  "_params": {
    "account_id": "F8ISIGG74NU0C495ILNGG99D29"
  },
  "_method": "GET",
  "_header": {
    "x-version": "v2",
    "Accept-Encoding": "gzip",
    "x-app-key": "bf67888c79f28465cba7afc02717dbcb",
    "x-timestamp": "2026-07-06T02:45:29Z",
    "x-signature-version": "1.0",
    "x-signature-algorithm": "HMAC-SHA1",
    "x-signature-nonce": "88779ff7-7578-5ab7-b659-915ef2e1afe7",
    "x-signature": "7DIGOYIAPhIGQJxWcziw8lrWQQ4=",
    "User-Agent": "WebullApiSDK (Linux 6.12.68+;aarch64) Python/3.11.15 Core/2.0.10 python-requests/2.33.1",
    "x-webull-client-source": "sdk"
  },
  "_body_params": null,
  "_uri_pattern": null,
  "_uri_params": null,
  "_content": null,
  "_extra_user_agent": {},
  "string_to_sign": "",
  "_request_connect_timeout": null,
  "_request_read_timeout": null,
  "endpoint": "api.webull.com",
  "_signer_spec": "<module 'webull.core.auth.algorithm.sha_hmac1' from '/root/.venv/lib/python3.11/site-packages/webull/core/auth/algorithm/sha_hmac1.py'>"
} Response:{'message': 'Too many requests', 'error_code': 'TOO_MANY_REQUESTS'} ServerException:HTTP Status: 429, Code: TOO_MANY_REQUESTS, Msg: Too many requests, RequestID: 0a33bf0d-f677-4f4c-9dda-16911e28b2d5
275509644423584 2026-07-06 02:45:29,883 webull.core.client ERROR get_response exception. {
  "error_code": "TOO_MANY_REQUESTS",
  "error_msg": "Too many requests",
  "http_status": 429,
  "request_id": "0a33bf0d-f677-4f4c-9dda-16911e28b2d5"
}
275509652877728 2026-07-06 02:45:29,902 webull.core.client ERROR ServerException occurred. Host:api.webull.com SDK-Version:2.0.10 Request:{
  "_version": "v2",
  "_action_name": "/openapi/assets/balance",
  "_protocol_type": "https",
  "_accept_format": "JSON",
  "_params": {
    "account_id": "F8ISIGG74NU0C495ILNGG99D29"
  },
  "_method": "GET",
  "_header": {
    "x-version": "v2",
    "Accept-Encoding": "gzip",
    "x-app-key": "bf67888c79f28465cba7afc02717dbcb",
    "x-timestamp": "2026-07-06T02:45:29Z",
    "x-signature-version": "1.0",
    "x-signature-algorithm": "HMAC-SHA1",
    "x-signature-nonce": "2f16f3d7-a364-5324-821b-0f77544ca036",
    "x-signature": "XSlHahyfT/UdmUWOcSQhxoROAR4=",
    "User-Agent": "WebullApiSDK (Linux 6.12.68+;aarch64) Python/3.11.15 Core/2.0.10 python-requests/2.33.1",
    "x-webull-client-source": "sdk"
  },
  "_body_params": null,
  "_uri_pattern": null,
  "_uri_params": null,
  "_content": null,
  "_extra_user_agent": {},
  "string_to_sign": "",
  "_request_connect_timeout": null,
  "_request_read_timeout": null,
  "endpoint": "api.webull.com",
  "_signer_spec": "<module 'webull.core.auth.algorithm.sha_hmac1' from '/root/.venv/lib/python3.11/site-packages/webull/core/auth/algorithm/sha_hmac1.py'>"
} Response:{'error_code': 'TOO_MANY_REQUESTS', 'message': 'Too many requests'} ServerException:HTTP Status: 429, Code: TOO_MANY_REQUESTS, Msg: Too many requests, RequestID: d977dcdf-db14-43f7-97f7-3aae08c95a30
275509652877728 2026-07-06 02:45:29,903 webull.core.client ERROR get_response exception. {
  "error_code": "TOO_MANY_REQUESTS",
  "error_msg": "Too many requests",
  "http_status": 429,
  "request_id": "d977dcdf-db14-43f7-97f7-3aae08c95a30"
}
275510189748640 2026-07-06 02:45:29,974 webull.core.client ERROR ServerException occurred. Host:api.webull.com SDK-Version:2.0.10 Request:{
  "_version": "v2",
  "_action_name": "/trade/order/place",
  "_protocol_type": "https",
  "_accept_format": "JSON",
  "_params": {},
  "_method": "POST",
  "_header": {
    "x-version": "v2",
    "Accept-Encoding": "gzip",
    "x-app-key": "bf67888c79f28465cba7afc02717dbcb",
    "x-timestamp": "2026-07-06T02:45:29Z",
    "x-signature-version": "1.0",
    "x-signature-algorithm": "HMAC-SHA1",
    "x-signature-nonce": "55ef6577-f9c8-53e6-80df-9e27409186e9",
    "x-signature": "kNzeV9B9niI3kmq98PiXx804zIs=",
    "User-Agent": "WebullApiSDK (Linux 6.12.68+;aarch64) Python/3.11.15 Core/2.0.10 python-requests/2.33.1",
    "x-webull-client-source": "sdk",
    "Content-Length": "347",
    "Content-Type": "application/json"
  },
  "_body_params": {
    "stock_order": {
      "client_order_id": "ar-188c5ad8-9af8-48bc-906f-",
      "symbol": "NVDA",
      "instrument_type": "EQUITY",
      "market": "US",
      "order_type": "LIMIT",
      "side": "BUY",
      "time_in_force": "DAY",
      "entrust_type": "QTY",
      "quantity": "0.015245",
      "support_trading_session": "ALL",
      "account_tax_type": "GENERAL",
      "limit_price": "196.78"
    },
    "account_id": "F8ISIGG74NU0C495ILNGG99D29"
  },
  "_uri_pattern": null,
  "_uri_params": null,
  "_content": "{\"stock_order\":{\"client_order_id\":\"ar-188c5ad8-9af8-48bc-906f-\",\"symbol\":\"NVDA\",\"instrument_type\":\"EQUITY\",\"market\":\"US\",\"order_type\":\"LIMIT\",\"side\":\"BUY\",\"time_in_force\":\"DAY\",\"entrust_type\":\"QTY\",\"quantity\":\"0.015245\",\"support_trading_session\":\"ALL\",\"account_tax_type\":\"GENERAL\",\"limit_price\":\"196.78\"},\"account_id\":\"F8ISIGG74NU0C495ILNGG99D29\"}",
  "_extra_user_agent": {},
  "string_to_sign": "",
  "_request_connect_timeout": null,
  "_request_read_timeout": null,
  "endpoint": "api.webull.com",
  "_signer_spec": "<module 'webull.core.auth.algorithm.sha_hmac1' from '/root/.venv/lib/python3.11/site-packages/webull/core/auth/algorithm/sha_hmac1.py'>",
  "_stock_order": {
    "client_order_id": "ar-188c5ad8-9af8-48bc-906f-",
    "symbol": "NVDA",
    "instrument_type": "EQUITY",
    "market": "US",
    "order_type": "LIMIT",
    "side": "BUY",
    "time_in_force": "DAY",
    "entrust_type": "QTY",
    "quantity": "0.015245",
    "support_trading_session": "ALL",
    "account_tax_type": "GENERAL",
    "limit_price": "196.78"
  }
} Response:{'message': 'The time you sent is not supported. Please check. ', 'error_code': 'INVALID_PARAMETER'} ServerException:HTTP Status: 417, Code: INVALID_PARAMETER, Msg: The time you sent is not supported. Please check. , RequestID: c8204733-cb7d-44db-8b85-457169fc106e
275510189748640 2026-07-06 02:45:29,974 webull.core.client ERROR get_response exception. {
  "error_code": "INVALID_PARAMETER",
  "error_msg": "The time you sent is not supported. Please check. ",
  "http_status": 417,
  "request_id": "c8204733-cb7d-44db-8b85-457169fc106e"
}
275509661331872 2026-07-06 02:45:30,010 webull.core.client ERROR ServerException occurred. Host:api.webull.com SDK-Version:2.0.10 Request:{
  "_version": "v2",
  "_action_name": "/trade/order/place",
  "_protocol_type": "https",
  "_accept_format": "JSON",
  "_params": {},
  "_method": "POST",
  "_header": {
    "x-version": "v2",
    "Accept-Encoding": "gzip",
    "x-app-key": "bf67888c79f28465cba7afc02717dbcb",
    "x-timestamp": "2026-07-06T02:45:29Z",
    "x-signature-version": "1.0",
    "x-signature-algorithm": "HMAC-SHA1",
    "x-signature-nonce": "acaf537c-5337-54d1-b80b-9be899cc4101",
    "x-signature": "G26KkVXM5JAXV07SgsdluaszzLI=",
    "User-Agent": "WebullApiSDK (Linux 6.12.68+;aarch64) Python/3.11.15 Core/2.0.10 python-requests/2.33.1",
    "x-webull-client-source": "sdk",
    "Content-Length": "347",
    "Content-Type": "application/json"
  },
  "_body_params": {
    "stock_order": {
      "client_order_id": "ar-188c5ad8-9af8-48bc-906f-",
      "symbol": "NVDA",
      "instrument_type": "EQUITY",
      "market": "US",
      "order_type": "LIMIT",
      "side": "BUY",
      "time_in_force": "DAY",
      "entrust_type": "QTY",
      "quantity": "0.015245",
      "support_trading_session": "ALL",
      "account_tax_type": "GENERAL",
      "limit_price": "196.78"
    },
    "account_id": "F8ISIGG74NU0C495ILNGG99D29"
  },
  "_uri_pattern": null,
  "_uri_params": null,
  "_content": "{\"stock_order\":{\"client_order_id\":\"ar-188c5ad8-9af8-48bc-906f-\",\"symbol\":\"NVDA\",\"instrument_type\":\"EQUITY\",\"market\":\"US\",\"order_type\":\"LIMIT\",\"side\":\"BUY\",\"time_in_force\":\"DAY\",\"entrust_type\":\"QTY\",\"quantity\":\"0.015245\",\"support_trading_session\":\"ALL\",\"account_tax_type\":\"GENERAL\",\"limit_price\":\"196.78\"},\"account_id\":\"F8ISIGG74NU0C495ILNGG99D29\"}",
  "_extra_user_agent": {},
  "string_to_sign": "",
  "_request_connect_timeout": null,
  "_request_read_timeout": null,
  "endpoint": "api.webull.com",
  "_signer_spec": "<module 'webull.core.auth.algorithm.sha_hmac1' from '/root/.venv/lib/python3.11/site-packages/webull/core/auth/algorithm/sha_hmac1.py'>",
  "_stock_order": {
    "client_order_id": "ar-188c5ad8-9af8-48bc-906f-",
    "symbol": "NVDA",
    "instrument_type": "EQUITY",
    "market": "US",
    "order_type": "LIMIT",
    "side": "BUY",
    "time_in_force": "DAY",
    "entrust_type": "QTY",
    "quantity": "0.015245",
    "support_trading_session": "ALL",
    "account_tax_type": "GENERAL",
    "limit_price": "196.78"
  }
} Response:{'message': 'The time you sent is not supported. Please check. ', 'error_code': 'INVALID_PARAMETER'} ServerException:HTTP Status: 417, Code: INVALID_PARAMETER, Msg: The time you sent is not supported. Please check. , RequestID: 6d6897e4-6b7e-47f1-af58-57796775b13d
275509661331872 2026-07-06 02:45:30,010 webull.core.client ERROR get_response exception. {
  "error_code": "INVALID_PARAMETER",
  "error_msg": "The time you sent is not supported. Please check. ",
  "http_status": 417,
  "request_id": "6d6897e4-6b7e-47f1-af58-57796775b13d"
}
275509635969440 2026-07-06 02:45:30,167 webull.core.client ERROR ServerException occurred. Host:api.webull.com SDK-Version:2.0.10 Request:{
  "_version": "v2",
  "_action_name": "/openapi/assets/balance",
  "_protocol_type": "https",
  "_accept_format": "JSON",
  "_params": {
    "account_id": "F8ISIGG74NU0C495ILNGG99D29"
  },
  "_method": "GET",
  "_header": {
    "x-version": "v2",
    "Accept-Encoding": "gzip",
    "x-app-key": "bf67888c79f28465cba7afc02717dbcb",
    "x-timestamp": "2026-07-06T02:45:30Z",
    "x-signature-version": "1.0",
    "x-signature-algorithm": "HMAC-SHA1",
    "x-signature-nonce": "42f03927-90b1-57e9-826c-6c25a3982fb9",
    "x-signature": "DygKh+AwVZdsFKZnF/X/jhCgONU=",
    "User-Agent": "WebullApiSDK (Linux 6.12.68+;aarch64) Python/3.11.15 Core/2.0.10 python-requests/2.33.1",
    "x-webull-client-source": "sdk"
  },
  "_body_params": null,
  "_uri_pattern": null,
  "_uri_params": null,
  "_content": null,
  "_extra_user_agent": {},
  "string_to_sign": "",
  "_request_connect_timeout": null,
  "_request_read_timeout": null,
  "endpoint": "api.webull.com",
  "_signer_spec": "<module 'webull.core.auth.algorithm.sha_hmac1' from '/root/.venv/lib/python3.11/site-packages/webull/core/auth/algorithm/sha_hmac1.py'>"
} Response:{'message': 'Too many requests', 'error_code': 'TOO_MANY_REQUESTS'} ServerException:HTTP Status: 429, Code: TOO_MANY_REQUESTS, Msg: Too many requests, RequestID: 2782c483-0e39-4669-bced-5d4e3e156d5a
275509635969440 2026-07-06 02:45:30,167 webull.core.client ERROR get_response exception. {
  "error_code": "TOO_MANY_REQUESTS",
  "error_msg": "Too many requests",
  "http_status": 429,
  "request_id": "2782c483-0e39-4669-bced-5d4e3e156d5a"
}
275510164386208 2026-07-06 02:45:30,179 webull.core.client ERROR ServerException occurred. Host:api.webull.com SDK-Version:2.0.10 Request:{
  "_version": "v2",
  "_action_name": "/openapi/assets/balance",
  "_protocol_type": "https",
  "_accept_format": "JSON",
  "_params": {
    "account_id": "F8ISIGG74NU0C495ILNGG99D29"
  },
  "_method": "GET",
  "_header": {
    "x-version": "v2",
    "Accept-Encoding": "gzip",
    "x-app-key": "bf67888c79f28465cba7afc02717dbcb",
    "x-timestamp": "2026-07-06T02:45:30Z",
    "x-signature-version": "1.0",
    "x-signature-algorithm": "HMAC-SHA1",
    "x-signature-nonce": "aeec65d0-242d-52ec-8d4c-b006bcd1b8fb",
    "x-signature": "+aBAfbEYH7ecXj9QM72GBA6SOcg=",
    "User-Agent": "WebullApiSDK (Linux 6.12.68+;aarch64) Python/3.11.15 Core/2.0.10 python-requests/2.33.1",
    "x-webull-client-source": "sdk"
  },
  "_body_params": null,
  "_uri_pattern": null,
  "_uri_params": null,
  "_content": null,
  "_extra_user_agent": {},
  "string_to_sign": "",
  "_request_connect_timeout": null,
  "_request_read_timeout": null,
  "endpoint": "api.webull.com",
  "_signer_spec": "<module 'webull.core.auth.algorithm.sha_hmac1' from '/root/.venv/lib/python3.11/site-packages/webull/core/auth/algorithm/sha_hmac1.py'>"
} Response:{'error_code': 'TOO_MANY_REQUESTS', 'message': 'Too many requests'} ServerException:HTTP Status: 429, Code: TOO_MANY_REQUESTS, Msg: Too many requests, RequestID: 0cafdc7d-64d7-4d31-b98b-cc7a949dec5f
275510164386208 2026-07-06 02:45:30,179 webull.core.client ERROR get_response exception. {
  "error_code": "TOO_MANY_REQUESTS",
  "error_msg": "Too many requests",
  "http_status": 429,
  "request_id": "0cafdc7d-64d7-4d31-b98b-cc7a949dec5f"
}
275509669786016 2026-07-06 02:45:30,264 webull.core.client ERROR ServerException occurred. Host:api.webull.com SDK-Version:2.0.10 Request:{
  "_version": "v2",
  "_action_name": "/trade/order/place",
  "_protocol_type": "https",
  "_accept_format": "JSON",
  "_params": {},
  "_method": "POST",
  "_header": {
    "x-version": "v2",
    "Accept-Encoding": "gzip",
    "x-app-key": "bf67888c79f28465cba7afc02717dbcb",
    "x-timestamp": "2026-07-06T02:45:30Z",
    "x-signature-version": "1.0",
    "x-signature-algorithm": "HMAC-SHA1",
    "x-signature-nonce": "39799d64-38f9-56b4-83f0-7809eb2f0c32",
    "x-signature": "l8h/MnFZ6dmKWnZAb0VZVUvvfsk=",
    "User-Agent": "WebullApiSDK (Linux 6.12.68+;aarch64) Python/3.11.15 Core/2.0.10 python-requests/2.33.1",
    "x-webull-client-source": "sdk",
    "Content-Length": "347",
    "Content-Type": "application/json"
  },
  "_body_params": {
    "stock_order": {
      "client_order_id": "ar-eaa607b8-9d7a-45fe-89ff-",
      "symbol": "NVDA",
      "instrument_type": "EQUITY",
      "market": "US",
      "order_type": "LIMIT",
      "side": "BUY",
      "time_in_force": "DAY",
      "entrust_type": "QTY",
      "quantity": "0.007622",
      "support_trading_session": "ALL",
      "account_tax_type": "GENERAL",
      "limit_price": "196.78"
    },
    "account_id": "F8ISIGG74NU0C495ILNGG99D29"
  },
  "_uri_pattern": null,
  "_uri_params": null,
  "_content": "{\"stock_order\":{\"client_order_id\":\"ar-eaa607b8-9d7a-45fe-89ff-\",\"symbol\":\"NVDA\",\"instrument_type\":\"EQUITY\",\"market\":\"US\",\"order_type\":\"LIMIT\",\"side\":\"BUY\",\"time_in_force\":\"DAY\",\"entrust_type\":\"QTY\",\"quantity\":\"0.007622\",\"support_trading_session\":\"ALL\",\"account_tax_type\":\"GENERAL\",\"limit_price\":\"196.78\"},\"account_id\":\"F8ISIGG74NU0C495ILNGG99D29\"}",
  "_extra_user_agent": {},
  "string_to_sign": "",
  "_request_connect_timeout": null,
  "_request_read_timeout": null,
  "endpoint": "api.webull.com",
  "_signer_spec": "<module 'webull.core.auth.algorithm.sha_hmac1' from '/root/.venv/lib/python3.11/site-packages/webull/core/auth/algorithm/sha_hmac1.py'>",
  "_stock_order": {
    "client_order_id": "ar-eaa607b8-9d7a-45fe-89ff-",
    "symbol": "NVDA",
    "instrument_type": "EQUITY",
    "market": "US",
    "order_type": "LIMIT",
    "side": "BUY",
    "time_in_force": "DAY",
    "entrust_type": "QTY",
    "quantity": "0.007622",
    "support_trading_session": "ALL",
    "account_tax_type": "GENERAL",
    "limit_price": "196.78"
  }
} Response:{'message': 'The time you sent is not supported. Please check. ', 'error_code': 'INVALID_PARAMETER'} ServerException:HTTP Status: 417, Code: INVALID_PARAMETER, Msg: The time you sent is not supported. Please check. , RequestID: b962cd56-a17e-4d30-9673-ab1be228b7c5
275509669786016 2026-07-06 02:45:30,264 webull.core.client ERROR get_response exception. {
  "error_code": "INVALID_PARAMETER",
  "error_msg": "The time you sent is not supported. Please check. ",
  "http_status": 417,
  "request_id": "b962cd56-a17e-4d30-9673-ab1be228b7c5"
}
275510155932064 2026-07-06 02:45:30,279 webull.core.client ERROR ServerException occurred. Host:api.webull.com SDK-Version:2.0.10 Request:{
  "_version": "v2",
  "_action_name": "/trade/order/place",
  "_protocol_type": "https",
  "_accept_format": "JSON",
  "_params": {},
  "_method": "POST",
  "_header": {
    "x-version": "v2",
    "Accept-Encoding": "gzip",
    "x-app-key": "bf67888c79f28465cba7afc02717dbcb",
    "x-timestamp": "2026-07-06T02:45:30Z",
    "x-signature-version": "1.0",
    "x-signature-algorithm": "HMAC-SHA1",
    "x-signature-nonce": "6328baf0-cbbe-5ee2-a7ba-7ef044c82f65",
    "x-signature": "FQoZP+9ntChNS7nrycfDDHyRkHk=",
    "User-Agent": "WebullApiSDK (Linux 6.12.68+;aarch64) Python/3.11.15 Core/2.0.10 python-requests/2.33.1",
    "x-webull-client-source": "sdk",
    "Content-Length": "347",
    "Content-Type": "application/json"
  },
  "_body_params": {
    "stock_order": {
      "client_order_id": "ar-eaa607b8-9d7a-45fe-89ff-",
      "symbol": "NVDA",
      "instrument_type": "EQUITY",
      "market": "US",
      "order_type": "LIMIT",
      "side": "BUY",
      "time_in_force": "DAY",
      "entrust_type": "QTY",
      "quantity": "0.007622",
      "support_trading_session": "ALL",
      "account_tax_type": "GENERAL",
      "limit_price": "196.78"
    },
    "account_id": "F8ISIGG74NU0C495ILNGG99D29"
  },
  "_uri_pattern": null,
  "_uri_params": null,
  "_content": "{\"stock_order\":{\"client_order_id\":\"ar-eaa607b8-9d7a-45fe-89ff-\",\"symbol\":\"NVDA\",\"instrument_type\":\"EQUITY\",\"market\":\"US\",\"order_type\":\"LIMIT\",\"side\":\"BUY\",\"time_in_force\":\"DAY\",\"entrust_type\":\"QTY\",\"quantity\":\"0.007622\",\"support_trading_session\":\"ALL\",\"account_tax_type\":\"GENERAL\",\"limit_price\":\"196.78\"},\"account_id\":\"F8ISIGG74NU0C495ILNGG99D29\"}",
  "_extra_user_agent": {},
  "string_to_sign": "",
  "_request_connect_timeout": null,
  "_request_read_timeout": null,
  "endpoint": "api.webull.com",
  "_signer_spec": "<module 'webull.core.auth.algorithm.sha_hmac1' from '/root/.venv/lib/python3.11/site-packages/webull/core/auth/algorithm/sha_hmac1.py'>",
  "_stock_order": {
    "client_order_id": "ar-eaa607b8-9d7a-45fe-89ff-",
    "symbol": "NVDA",
    "instrument_type": "EQUITY",
    "market": "US",
    "order_type": "LIMIT",
    "side": "BUY",
    "time_in_force": "DAY",
    "entrust_type": "QTY",
    "quantity": "0.007622",
    "support_trading_session": "ALL",
    "account_tax_type": "GENERAL",
    "limit_price": "196.78"
  }
} Response:{'message': 'The time you sent is not supported. Please check. ', 'error_code': 'INVALID_PARAMETER'} ServerException:HTTP Status: 417, Code: INVALID_PARAMETER, Msg: The time you sent is not supported. Please check. , RequestID: 56b0f584-781b-454d-a4bb-2167887e7b5c
275510155932064 2026-07-06 02:45:30,279 webull.core.client ERROR get_response exception. {
  "error_code": "INVALID_PARAMETER",
  "error_msg": "The time you sent is not supported. Please check. ",
  "http_status": 417,
  "request_id": "56b0f584-781b-454d-a4bb-2167887e7b5c"
}
275509652877728 2026-07-06 02:45:30,443 webull.core.client ERROR ServerException occurred. Host:api.webull.com SDK-Version:2.0.10 Request:{
  "_version": "v2",
  "_action_name": "/openapi/assets/balance",
  "_protocol_type": "https",
  "_accept_format": "JSON",
  "_params": {
    "account_id": "F8ISIGG74NU0C495ILNGG99D29"
  },
  "_method": "GET",
  "_header": {
    "x-version": "v2",
    "Accept-Encoding": "gzip",
    "x-app-key": "bf67888c79f28465cba7afc02717dbcb",
    "x-timestamp": "2026-07-06T02:45:30Z",
    "x-signature-version": "1.0",
    "x-signature-algorithm": "HMAC-SHA1",
    "x-signature-nonce": "b1f6ce8d-eda5-5341-9533-caf27c600255",
    "x-signature": "ySx0rhMBv3gN9QFs3bVtZm7hXjc=",
    "User-Agent": "WebullApiSDK (Linux 6.12.68+;aarch64) Python/3.11.15 Core/2.0.10 python-requests/2.33.1",
    "x-webull-client-source": "sdk"
  },
  "_body_params": null,
  "_uri_pattern": null,
  "_uri_params": null,
  "_content": null,
  "_extra_user_agent": {},
  "string_to_sign": "",
  "_request_connect_timeout": null,
  "_request_read_timeout": null,
  "endpoint": "api.webull.com",
  "_signer_spec": "<module 'webull.core.auth.algorithm.sha_hmac1' from '/root/.venv/lib/python3.11/site-packages/webull/core/auth/algorithm/sha_hmac1.py'>"
} Response:{'error_code': 'TOO_MANY_REQUESTS', 'message': 'Too many requests'} ServerException:HTTP Status: 429, Code: TOO_MANY_REQUESTS, Msg: Too many requests, RequestID: 8d3bf616-5160-4dfc-8c0c-ad53841a4280
275509652877728 2026-07-06 02:45:30,443 webull.core.client ERROR get_response exception. {
  "error_code": "TOO_MANY_REQUESTS",
  "error_msg": "Too many requests",
  "http_status": 429,
  "request_id": "8d3bf616-5160-4dfc-8c0c-ad53841a4280"
}
275509661331872 2026-07-06 02:45:30,444 webull.core.client ERROR ServerException occurred. Host:api.webull.com SDK-Version:2.0.10 Request:{
  "_version": "v2",
  "_action_name": "/openapi/assets/balance",
  "_protocol_type": "https",
  "_accept_format": "JSON",
  "_params": {
    "account_id": "F8ISIGG74NU0C495ILNGG99D29"
  },
  "_method": "GET",
  "_header": {
    "x-version": "v2",
    "Accept-Encoding": "gzip",
    "x-app-key": "bf67888c79f28465cba7afc02717dbcb",
    "x-timestamp": "2026-07-06T02:45:30Z",
    "x-signature-version": "1.0",
    "x-signature-algorithm": "HMAC-SHA1",
    "x-signature-nonce": "989bdee7-dff9-521b-b3f2-4a0466ace25b",
    "x-signature": "YNgTE+JkA7aTrOuWMCWLLY6UHFQ=",
    "User-Agent": "WebullApiSDK (Linux 6.12.68+;aarch64) Python/3.11.15 Core/2.0.10 python-requests/2.33.1",
    "x-webull-client-source": "sdk"
  },
  "_body_params": null,
  "_uri_pattern": null,
  "_uri_params": null,
  "_content": null,
  "_extra_user_agent": {},
  "string_to_sign": "",
  "_request_connect_timeout": null,
  "_request_read_timeout": null,
  "endpoint": "api.webull.com",
  "_signer_spec": "<module 'webull.core.auth.algorithm.sha_hmac1' from '/root/.venv/lib/python3.11/site-packages/webull/core/auth/algorithm/sha_hmac1.py'>"
} Response:{'error_code': 'TOO_MANY_REQUESTS', 'message': 'Too many requests'} ServerException:HTTP Status: 429, Code: TOO_MANY_REQUESTS, Msg: Too many requests, RequestID: 4ec48c0a-625a-4523-b894-4ee2d61fccb8
275509661331872 2026-07-06 02:45:30,445 webull.core.client ERROR get_response exception. {
  "error_code": "TOO_MANY_REQUESTS",
  "error_msg": "Too many requests",
  "http_status": 429,
  "request_id": "4ec48c0a-625a-4523-b894-4ee2d61fccb8"
}
275510189748640 2026-07-06 02:45:30,559 webull.core.client ERROR ServerException occurred. Host:api.webull.com SDK-Version:2.0.10 Request:{
  "_version": "v2",
  "_action_name": "/trade/order/place",
  "_protocol_type": "https",
  "_accept_format": "JSON",
  "_params": {},
  "_method": "POST",
  "_header": {
    "x-version": "v2",
    "Accept-Encoding": "gzip",
    "x-app-key": "bf67888c79f28465cba7afc02717dbcb",
    "x-timestamp": "2026-07-06T02:45:30Z",
    "x-signature-version": "1.0",
    "x-signature-algorithm": "HMAC-SHA1",
    "x-signature-nonce": "3e7eda42-59f1-5144-a896-4c5725c3961a",
    "x-signature": "BISrclhkHoBDTGUv5kgIkvkx+lA=",
    "User-Agent": "WebullApiSDK (Linux 6.12.68+;aarch64) Python/3.11.15 Core/2.0.10 python-requests/2.33.1",
    "x-webull-client-source": "sdk",
    "Content-Length": "347",
    "Content-Type": "application/json"
  },
  "_body_params": {
    "stock_order": {
      "client_order_id": "ar-ac66781b-fd28-44a4-a4e1-",
      "symbol": "NVDA",
      "instrument_type": "EQUITY",
      "market": "US",
      "order_type": "LIMIT",
      "side": "BUY",
      "time_in_force": "DAY",
      "entrust_type": "QTY",
      "quantity": "0.007622",
      "support_trading_session": "ALL",
      "account_tax_type": "GENERAL",
      "limit_price": "196.78"
    },
    "account_id": "F8ISIGG74NU0C495ILNGG99D29"
  },
  "_uri_pattern": null,
  "_uri_params": null,
  "_content": "{\"stock_order\":{\"client_order_id\":\"ar-ac66781b-fd28-44a4-a4e1-\",\"symbol\":\"NVDA\",\"instrument_type\":\"EQUITY\",\"market\":\"US\",\"order_type\":\"LIMIT\",\"side\":\"BUY\",\"time_in_force\":\"DAY\",\"entrust_type\":\"QTY\",\"quantity\":\"0.007622\",\"support_trading_session\":\"ALL\",\"account_tax_type\":\"GENERAL\",\"limit_price\":\"196.78\"},\"account_id\":\"F8ISIGG74NU0C495ILNGG99D29\"}",
  "_extra_user_agent": {},
  "string_to_sign": "",
  "_request_connect_timeout": null,
  "_request_read_timeout": null,
  "endpoint": "api.webull.com",
  "_signer_spec": "<module 'webull.core.auth.algorithm.sha_hmac1' from '/root/.venv/lib/python3.11/site-packages/webull/core/auth/algorithm/sha_hmac1.py'>",
  "_stock_order": {
    "client_order_id": "ar-ac66781b-fd28-44a4-a4e1-",
    "symbol": "NVDA",
    "instrument_type": "EQUITY",
    "market": "US",
    "order_type": "LIMIT",
    "side": "BUY",
    "time_in_force": "DAY",
    "entrust_type": "QTY",
    "quantity": "0.007622",
    "support_trading_session": "ALL",
    "account_tax_type": "GENERAL",
    "limit_price": "196.78"
  }
} Response:{'message': 'The time you sent is not supported. Please check. ', 'error_code': 'INVALID_PARAMETER'} ServerException:HTTP Status: 417, Code: INVALID_PARAMETER, Msg: The time you sent is not supported. Please check. , RequestID: ba666896-5b02-4041-8780-8eccfb60a9d0
275510189748640 2026-07-06 02:45:30,559 webull.core.client ERROR get_response exception. {
  "error_code": "INVALID_PARAMETER",
  "error_msg": "The time you sent is not supported. Please check. ",
  "http_status": 417,
  "request_id": "ba666896-5b02-4041-8780-8eccfb60a9d0"
}
275510172840352 2026-07-06 02:45:30,561 webull.core.client ERROR ServerException occurred. Host:api.webull.com SDK-Version:2.0.10 Request:{
  "_version": "v2",
  "_action_name": "/trade/order/place",
  "_protocol_type": "https",
  "_accept_format": "JSON",
  "_params": {},
  "_method": "POST",
  "_header": {
    "x-version": "v2",
    "Accept-Encoding": "gzip",
    "x-app-key": "bf67888c79f28465cba7afc02717dbcb",
    "x-timestamp": "2026-07-06T02:45:30Z",
    "x-signature-version": "1.0",
    "x-signature-algorithm": "HMAC-SHA1",
    "x-signature-nonce": "6dd83689-9edf-54da-bf43-ee902bf27fdd",
    "x-signature": "TuaCVxMf1oMLog4TRdP97VOeeQw=",
    "User-Agent": "WebullApiSDK (Linux 6.12.68+;aarch64) Python/3.11.15 Core/2.0.10 python-requests/2.33.1",
    "x-webull-client-source": "sdk",
    "Content-Length": "347",
    "Content-Type": "application/json"
  },
  "_body_params": {
    "stock_order": {
      "client_order_id": "ar-ac66781b-fd28-44a4-a4e1-",
      "symbol": "NVDA",
      "instrument_type": "EQUITY",
      "market": "US",
      "order_type": "LIMIT",
      "side": "BUY",
      "time_in_force": "DAY",
      "entrust_type": "QTY",
      "quantity": "0.007622",
      "support_trading_session": "ALL",
      "account_tax_type": "GENERAL",
      "limit_price": "196.78"
    },
    "account_id": "F8ISIGG74NU0C495ILNGG99D29"
  },
  "_uri_pattern": null,
  "_uri_params": null,
  "_content": "{\"stock_order\":{\"client_order_id\":\"ar-ac66781b-fd28-44a4-a4e1-\",\"symbol\":\"NVDA\",\"instrument_type\":\"EQUITY\",\"market\":\"US\",\"order_type\":\"LIMIT\",\"side\":\"BUY\",\"time_in_force\":\"DAY\",\"entrust_type\":\"QTY\",\"quantity\":\"0.007622\",\"support_trading_session\":\"ALL\",\"account_tax_type\":\"GENERAL\",\"limit_price\":\"196.78\"},\"account_id\":\"F8ISIGG74NU0C495ILNGG99D29\"}",
  "_extra_user_agent": {},
  "string_to_sign": "",
  "_request_connect_timeout": null,
  "_request_read_timeout": null,
  "endpoint": "api.webull.com",
  "_signer_spec": "<module 'webull.core.auth.algorithm.sha_hmac1' from '/root/.venv/lib/python3.11/site-packages/webull/core/auth/algorithm/sha_hmac1.py'>",
  "_stock_order": {
    "client_order_id": "ar-ac66781b-fd28-44a4-a4e1-",
    "symbol": "NVDA",
    "instrument_type": "EQUITY",
    "market": "US",
    "order_type": "LIMIT",
    "side": "BUY",
    "time_in_force": "DAY",
    "entrust_type": "QTY",
    "quantity": "0.007622",
    "support_trading_session": "ALL",
    "account_tax_type": "GENERAL",
    "limit_price": "196.78"
  }
} Response:{'message': 'The time you sent is not supported. Please check. ', 'error_code': 'INVALID_PARAMETER'} ServerException:HTTP Status: 417, Code: INVALID_PARAMETER, Msg: The time you sent is not supported. Please check. , RequestID: 1ef70a71-d785-475f-a9a2-7ae41abe5228
275510172840352 2026-07-06 02:45:30,561 webull.core.client ERROR get_response exception. {
  "error_code": "INVALID_PARAMETER",
  "error_msg": "The time you sent is not supported. Please check. ",
  "http_status": 417,
  "request_id": "1ef70a71-d785-475f-a9a2-7ae41abe5228"
}
280089153302944 2026-07-06 02:45:50,616 webull.core.client ERROR ServerException occurred. Host:api.webull.com SDK-Version:2.0.10 Request:{
  "_version": "v2",
  "_action_name": "/trade/order/place",
  "_protocol_type": "https",
  "_accept_format": "JSON",
  "_params": {},
  "_method": "POST",
  "_header": {
    "x-version": "v2",
    "Accept-Encoding": "gzip",
    "x-app-key": "bf67888c79f28465cba7afc02717dbcb",
    "x-timestamp": "2026-07-06T02:45:50Z",
    "x-signature-version": "1.0",
    "x-signature-algorithm": "HMAC-SHA1",
    "x-signature-nonce": "770010e7-1f77-5d8a-a75f-dd12654707ab",
    "x-signature": "sh7Yl0keguy4VLkHgoNwYiulR6o=",
    "User-Agent": "WebullApiSDK (Linux 6.12.68+;aarch64) Python/3.11.15 Core/2.0.10 python-requests/2.33.1",
    "x-webull-client-source": "sdk",
    "Content-Length": "347",
    "Content-Type": "application/json"
  },
  "_body_params": {
    "stock_order": {
      "client_order_id": "ar-68c6c5c4-35ef-4c34-aa7a-",
      "symbol": "NVDA",
      "instrument_type": "EQUITY",
      "market": "US",
      "order_type": "LIMIT",
      "side": "BUY",
      "time_in_force": "DAY",
      "entrust_type": "QTY",
      "quantity": "0.007622",
      "support_trading_session": "ALL",
      "account_tax_type": "GENERAL",
      "limit_price": "196.78"
    },
    "account_id": "F8ISIGG74NU0C495ILNGG99D29"
  },
  "_uri_pattern": null,
  "_uri_params": null,
  "_content": "{\"stock_order\":{\"client_order_id\":\"ar-68c6c5c4-35ef-4c34-aa7a-\",\"symbol\":\"NVDA\",\"instrument_type\":\"EQUITY\",\"market\":\"US\",\"order_type\":\"LIMIT\",\"side\":\"BUY\",\"time_in_force\":\"DAY\",\"entrust_type\":\"QTY\",\"quantity\":\"0.007622\",\"support_trading_session\":\"ALL\",\"account_tax_type\":\"GENERAL\",\"limit_price\":\"196.78\"},\"account_id\":\"F8ISIGG74NU0C495ILNGG99D29\"}",
  "_extra_user_agent": {},
  "string_to_sign": "",
  "_request_connect_timeout": null,
  "_request_read_timeout": null,
  "endpoint": "api.webull.com",
  "_signer_spec": "<module 'webull.core.auth.algorithm.sha_hmac1' from '/root/.venv/lib/python3.11/site-packages/webull/core/auth/algorithm/sha_hmac1.py'>",
  "_stock_order": {
    "client_order_id": "ar-68c6c5c4-35ef-4c34-aa7a-",
    "symbol": "NVDA",
    "instrument_type": "EQUITY",
    "market": "US",
    "order_type": "LIMIT",
    "side": "BUY",
    "time_in_force": "DAY",
    "entrust_type": "QTY",
    "quantity": "0.007622",
    "support_trading_session": "ALL",
    "account_tax_type": "GENERAL",
    "limit_price": "196.78"
  }
} Response:{'message': 'The time you sent is not supported. Please check. ', 'error_code': 'INVALID_PARAMETER'} ServerException:HTTP Status: 417, Code: INVALID_PARAMETER, Msg: The time you sent is not supported. Please check. , RequestID: 153a033b-94ad-41e7-86d2-47b8bed6f839
280089153302944 2026-07-06 02:45:50,617 webull.core.client ERROR get_response exception. {
  "error_code": "INVALID_PARAMETER",
  "error_msg": "The time you sent is not supported. Please check. ",
  "http_status": 417,
  "request_id": "153a033b-94ad-41e7-86d2-47b8bed6f839"
}
280089740374432 2026-07-06 02:45:51,786 webull.core.client ERROR ServerException occurred. Host:api.webull.com SDK-Version:2.0.10 Request:{
  "_version": "v2",
  "_action_name": "/openapi/assets/balance",
  "_protocol_type": "https",
  "_accept_format": "JSON",
  "_params": {
    "account_id": "F8ISIGG74NU0C495ILNGG99D29"
  },
  "_method": "GET",
  "_header": {
    "x-version": "v2",
    "Accept-Encoding": "gzip",
    "x-app-key": "bf67888c79f28465cba7afc02717dbcb",
    "x-timestamp": "2026-07-06T02:45:51Z",
    "x-signature-version": "1.0",
    "x-signature-algorithm": "HMAC-SHA1",
    "x-signature-nonce": "5b4d92c0-a19e-536a-b11a-61f2fc24deb0",
    "x-signature": "dm4WeMccbReZWKJtYDR6EGY+aqw=",
    "User-Agent": "WebullApiSDK (Linux 6.12.68+;aarch64) Python/3.11.15 Core/2.0.10 python-requests/2.33.1",
    "x-webull-client-source": "sdk"
  },
  "_body_params": null,
  "_uri_pattern": null,
  "_uri_params": null,
  "_content": null,
  "_extra_user_agent": {},
  "string_to_sign": "",
  "_request_connect_timeout": null,
  "_request_read_timeout": null,
  "endpoint": "api.webull.com",
  "_signer_spec": "<module 'webull.core.auth.algorithm.sha_hmac1' from '/root/.venv/lib/python3.11/site-packages/webull/core/auth/algorithm/sha_hmac1.py'>"
} Response:{'message': 'Too many requests', 'error_code': 'TOO_MANY_REQUESTS'} ServerException:HTTP Status: 429, Code: TOO_MANY_REQUESTS, Msg: Too many requests, RequestID: f35bca1b-901c-4524-9d90-1fa0f82f077c
280089740374432 2026-07-06 02:45:51,786 webull.core.client ERROR get_response exception. {
  "error_code": "TOO_MANY_REQUESTS",
  "error_msg": "Too many requests",
  "http_status": 429,
  "request_id": "f35bca1b-901c-4524-9d90-1fa0f82f077c"
}
280089178665376 2026-07-06 02:45:51,873 webull.core.client ERROR ServerException occurred. Host:api.webull.com SDK-Version:2.0.10 Request:{
  "_version": "v2",
  "_action_name": "/trade/order/place",
  "_protocol_type": "https",
  "_accept_format": "JSON",
  "_params": {},
  "_method": "POST",
  "_header": {
    "x-version": "v2",
    "Accept-Encoding": "gzip",
    "x-app-key": "bf67888c79f28465cba7afc02717dbcb",
    "x-timestamp": "2026-07-06T02:45:51Z",
    "x-signature-version": "1.0",
    "x-signature-algorithm": "HMAC-SHA1",
    "x-signature-nonce": "9281794d-ef80-55fd-b2bb-65ef815b4cce",
    "x-signature": "Ax3hBef9re887z6p9tWjMTb0YjA=",
    "User-Agent": "WebullApiSDK (Linux 6.12.68+;aarch64) Python/3.11.15 Core/2.0.10 python-requests/2.33.1",
    "x-webull-client-source": "sdk",
    "Content-Length": "347",
    "Content-Type": "application/json"
  },
  "_body_params": {
    "stock_order": {
      "client_order_id": "ar-05a4ee68-42fb-4b5f-a005-",
      "symbol": "NVDA",
      "instrument_type": "EQUITY",
      "market": "US",
      "order_type": "LIMIT",
      "side": "BUY",
      "time_in_force": "DAY",
      "entrust_type": "QTY",
      "quantity": "0.015245",
      "support_trading_session": "ALL",
      "account_tax_type": "GENERAL",
      "limit_price": "196.78"
    },
    "account_id": "F8ISIGG74NU0C495ILNGG99D29"
  },
  "_uri_pattern": null,
  "_uri_params": null,
  "_content": "{\"stock_order\":{\"client_order_id\":\"ar-05a4ee68-42fb-4b5f-a005-\",\"symbol\":\"NVDA\",\"instrument_type\":\"EQUITY\",\"market\":\"US\",\"order_type\":\"LIMIT\",\"side\":\"BUY\",\"time_in_force\":\"DAY\",\"entrust_type\":\"QTY\",\"quantity\":\"0.015245\",\"support_trading_session\":\"ALL\",\"account_tax_type\":\"GENERAL\",\"limit_price\":\"196.78\"},\"account_id\":\"F8ISIGG74NU0C495ILNGG99D29\"}",
  "_extra_user_agent": {},
  "string_to_sign": "",
  "_request_connect_timeout": null,
  "_request_read_timeout": null,
  "endpoint": "api.webull.com",
  "_signer_spec": "<module 'webull.core.auth.algorithm.sha_hmac1' from '/root/.venv/lib/python3.11/site-packages/webull/core/auth/algorithm/sha_hmac1.py'>",
  "_stock_order": {
    "client_order_id": "ar-05a4ee68-42fb-4b5f-a005-",
    "symbol": "NVDA",
    "instrument_type": "EQUITY",
    "market": "US",
    "order_type": "LIMIT",
    "side": "BUY",
    "time_in_force": "DAY",
    "entrust_type": "QTY",
    "quantity": "0.015245",
    "support_trading_session": "ALL",
    "account_tax_type": "GENERAL",
    "limit_price": "196.78"
  }
} Response:{'message': 'The time you sent is not supported. Please check. ', 'error_code': 'INVALID_PARAMETER'} ServerException:HTTP Status: 417, Code: INVALID_PARAMETER, Msg: The time you sent is not supported. Please check. , RequestID: d676bddf-8ff0-4f77-a80c-90bc47e62ec1
280089178665376 2026-07-06 02:45:51,873 webull.core.client ERROR get_response exception. {
  "error_code": "INVALID_PARAMETER",
  "error_msg": "The time you sent is not supported. Please check. ",
  "http_status": 417,
  "request_id": "d676bddf-8ff0-4f77-a80c-90bc47e62ec1"
}
280089153302944 2026-07-06 02:45:52,468 webull.core.client ERROR ServerException occurred. Host:api.webull.com SDK-Version:2.0.10 Request:{
  "_version": "v2",
  "_action_name": "/openapi/assets/balance",
  "_protocol_type": "https",
  "_accept_format": "JSON",
  "_params": {
    "account_id": "F8ISIGG74NU0C495ILNGG99D29"
  },
  "_method": "GET",
  "_header": {
    "x-version": "v2",
    "Accept-Encoding": "gzip",
    "x-app-key": "bf67888c79f28465cba7afc02717dbcb",
    "x-timestamp": "2026-07-06T02:45:52Z",
    "x-signature-version": "1.0",
    "x-signature-algorithm": "HMAC-SHA1",
    "x-signature-nonce": "bb613035-2c35-5e17-b7b8-aab38add66fc",
    "x-signature": "S8M/E2xuHIoPiqs3DSM5OeUJ6SI=",
    "User-Agent": "WebullApiSDK (Linux 6.12.68+;aarch64) Python/3.11.15 Core/2.0.10 python-requests/2.33.1",
    "x-webull-client-source": "sdk"
  },
  "_body_params": null,
  "_uri_pattern": null,
  "_uri_params": null,
  "_content": null,
  "_extra_user_agent": {},
  "string_to_sign": "",
  "_request_connect_timeout": null,
  "_request_read_timeout": null,
  "endpoint": "api.webull.com",
  "_signer_spec": "<module 'webull.core.auth.algorithm.sha_hmac1' from '/root/.venv/lib/python3.11/site-packages/webull/core/auth/algorithm/sha_hmac1.py'>"
} Response:{'message': 'Too many requests', 'error_code': 'TOO_MANY_REQUESTS'} ServerException:HTTP Status: 429, Code: TOO_MANY_REQUESTS, Msg: Too many requests, RequestID: 05134ffb-35e7-4a72-bad4-30e0a22e3d07
280089153302944 2026-07-06 02:45:52,468 webull.core.client ERROR get_response exception. {
  "error_code": "TOO_MANY_REQUESTS",
  "error_msg": "Too many requests",
  "http_status": 429,
  "request_id": "05134ffb-35e7-4a72-bad4-30e0a22e3d07"
}
280089161757088 2026-07-06 02:45:52,559 webull.core.client ERROR ServerException occurred. Host:api.webull.com SDK-Version:2.0.10 Request:{
  "_version": "v2",
  "_action_name": "/trade/order/place",
  "_protocol_type": "https",
  "_accept_format": "JSON",
  "_params": {},
  "_method": "POST",
  "_header": {
    "x-version": "v2",
    "Accept-Encoding": "gzip",
    "x-app-key": "bf67888c79f28465cba7afc02717dbcb",
    "x-timestamp": "2026-07-06T02:45:52Z",
    "x-signature-version": "1.0",
    "x-signature-algorithm": "HMAC-SHA1",
    "x-signature-nonce": "fd997987-461c-55e8-9139-1f0d394180c2",
    "x-signature": "NFGa9+lBjPiZl4VTaRgMo0b7RG8=",
    "User-Agent": "WebullApiSDK (Linux 6.12.68+;aarch64) Python/3.11.15 Core/2.0.10 python-requests/2.33.1",
    "x-webull-client-source": "sdk",
    "Content-Length": "347",
    "Content-Type": "application/json"
  },
  "_body_params": {
    "stock_order": {
      "client_order_id": "ar-17134c29-d52b-4a42-8fdc-",
      "symbol": "NVDA",
      "instrument_type": "EQUITY",
      "market": "US",
      "order_type": "LIMIT",
      "side": "BUY",
      "time_in_force": "DAY",
      "entrust_type": "QTY",
      "quantity": "0.015245",
      "support_trading_session": "ALL",
      "account_tax_type": "GENERAL",
      "limit_price": "196.78"
    },
    "account_id": "F8ISIGG74NU0C495ILNGG99D29"
  },
  "_uri_pattern": null,
  "_uri_params": null,
  "_content": "{\"stock_order\":{\"client_order_id\":\"ar-17134c29-d52b-4a42-8fdc-\",\"symbol\":\"NVDA\",\"instrument_type\":\"EQUITY\",\"market\":\"US\",\"order_type\":\"LIMIT\",\"side\":\"BUY\",\"time_in_force\":\"DAY\",\"entrust_type\":\"QTY\",\"quantity\":\"0.015245\",\"support_trading_session\":\"ALL\",\"account_tax_type\":\"GENERAL\",\"limit_price\":\"196.78\"},\"account_id\":\"F8ISIGG74NU0C495ILNGG99D29\"}",
  "_extra_user_agent": {},
  "string_to_sign": "",
  "_request_connect_timeout": null,
  "_request_read_timeout": null,
  "endpoint": "api.webull.com",
  "_signer_spec": "<module 'webull.core.auth.algorithm.sha_hmac1' from '/root/.venv/lib/python3.11/site-packages/webull/core/auth/algorithm/sha_hmac1.py'>",
  "_stock_order": {
    "client_order_id": "ar-17134c29-d52b-4a42-8fdc-",
    "symbol": "NVDA",
    "instrument_type": "EQUITY",
    "market": "US",
    "order_type": "LIMIT",
    "side": "BUY",
    "time_in_force": "DAY",
    "entrust_type": "QTY",
    "quantity": "0.015245",
    "support_trading_session": "ALL",
    "account_tax_type": "GENERAL",
    "limit_price": "196.78"
  }
} Response:{'message': 'The time you sent is not supported. Please check. ', 'error_code': 'INVALID_PARAMETER'} ServerException:HTTP Status: 417, Code: INVALID_PARAMETER, Msg: The time you sent is not supported. Please check. , RequestID: 9dbe72e4-3198-426a-92a2-80a564d85ff3
280089161757088 2026-07-06 02:45:52,560 webull.core.client ERROR get_response exception. {
  "error_code": "INVALID_PARAMETER",
  "error_msg": "The time you sent is not supported. Please check. ",
  "http_status": 417,
  "request_id": "9dbe72e4-3198-426a-92a2-80a564d85ff3"
}
280089178665376 2026-07-06 02:45:52,632 webull.core.client ERROR ServerException occurred. Host:api.webull.com SDK-Version:2.0.10 Request:{
  "_version": "v2",
  "_action_name": "/openapi/assets/balance",
  "_protocol_type": "https",
  "_accept_format": "JSON",
  "_params": {
    "account_id": "F8ISIGG74NU0C495ILNGG99D29"
  },
  "_method": "GET",
  "_header": {
    "x-version": "v2",
    "Accept-Encoding": "gzip",
    "x-app-key": "bf67888c79f28465cba7afc02717dbcb",
    "x-timestamp": "2026-07-06T02:45:52Z",
    "x-signature-version": "1.0",
    "x-signature-algorithm": "HMAC-SHA1",
    "x-signature-nonce": "f3db5e43-736e-57b6-90b9-3e4667a2b92e",
    "x-signature": "TasYOxyFBh0d9r1pcgxk6OAW1ik=",
    "User-Agent": "WebullApiSDK (Linux 6.12.68+;aarch64) Python/3.11.15 Core/2.0.10 python-requests/2.33.1",
    "x-webull-client-source": "sdk"
  },
  "_body_params": null,
  "_uri_pattern": null,
  "_uri_params": null,
  "_content": null,
  "_extra_user_agent": {},
  "string_to_sign": "",
  "_request_connect_timeout": null,
  "_request_read_timeout": null,
  "endpoint": "api.webull.com",
  "_signer_spec": "<module 'webull.core.auth.algorithm.sha_hmac1' from '/root/.venv/lib/python3.11/site-packages/webull/core/auth/algorithm/sha_hmac1.py'>"
} Response:{'error_code': 'TOO_MANY_REQUESTS', 'message': 'Too many requests'} ServerException:HTTP Status: 429, Code: TOO_MANY_REQUESTS, Msg: Too many requests, RequestID: b221fc32-1250-49dd-b1b7-16e9bef913e5
280089178665376 2026-07-06 02:45:52,632 webull.core.client ERROR get_response exception. {
  "error_code": "TOO_MANY_REQUESTS",
  "error_msg": "Too many requests",
  "http_status": 429,
  "request_id": "b221fc32-1250-49dd-b1b7-16e9bef913e5"
}
280089757282720 2026-07-06 02:45:52,725 webull.core.client ERROR ServerException occurred. Host:api.webull.com SDK-Version:2.0.10 Request:{
  "_version": "v2",
  "_action_name": "/trade/order/place",
  "_protocol_type": "https",
  "_accept_format": "JSON",
  "_params": {},
  "_method": "POST",
  "_header": {
    "x-version": "v2",
    "Accept-Encoding": "gzip",
    "x-app-key": "bf67888c79f28465cba7afc02717dbcb",
    "x-timestamp": "2026-07-06T02:45:52Z",
    "x-signature-version": "1.0",
    "x-signature-algorithm": "HMAC-SHA1",
    "x-signature-nonce": "1ffc15ef-f7c8-56f8-a044-01eb14fa71e0",
    "x-signature": "lxTLJVcY9Tx9T3gNt7UZDAMsSGM=",
    "User-Agent": "WebullApiSDK (Linux 6.12.68+;aarch64) Python/3.11.15 Core/2.0.10 python-requests/2.33.1",
    "x-webull-client-source": "sdk",
    "Content-Length": "347",
    "Content-Type": "application/json"
  },
  "_body_params": {
    "stock_order": {
      "client_order_id": "ar-fcd4700e-98fb-40a8-8dcb-",
      "symbol": "NVDA",
      "instrument_type": "EQUITY",
      "market": "US",
      "order_type": "LIMIT",
      "side": "BUY",
      "time_in_force": "DAY",
      "entrust_type": "QTY",
      "quantity": "0.007622",
      "support_trading_session": "ALL",
      "account_tax_type": "GENERAL",
      "limit_price": "196.78"
    },
    "account_id": "F8ISIGG74NU0C495ILNGG99D29"
  },
  "_uri_pattern": null,
  "_uri_params": null,
  "_content": "{\"stock_order\":{\"client_order_id\":\"ar-fcd4700e-98fb-40a8-8dcb-\",\"symbol\":\"NVDA\",\"instrument_type\":\"EQUITY\",\"market\":\"US\",\"order_type\":\"LIMIT\",\"side\":\"BUY\",\"time_in_force\":\"DAY\",\"entrust_type\":\"QTY\",\"quantity\":\"0.007622\",\"support_trading_session\":\"ALL\",\"account_tax_type\":\"GENERAL\",\"limit_price\":\"196.78\"},\"account_id\":\"F8ISIGG74NU0C495ILNGG99D29\"}",
  "_extra_user_agent": {},
  "string_to_sign": "",
  "_request_connect_timeout": null,
  "_request_read_timeout": null,
  "endpoint": "api.webull.com",
  "_signer_spec": "<module 'webull.core.auth.algorithm.sha_hmac1' from '/root/.venv/lib/python3.11/site-packages/webull/core/auth/algorithm/sha_hmac1.py'>",
  "_stock_order": {
    "client_order_id": "ar-fcd4700e-98fb-40a8-8dcb-",
    "symbol": "NVDA",
    "instrument_type": "EQUITY",
    "market": "US",
    "order_type": "LIMIT",
    "side": "BUY",
    "time_in_force": "DAY",
    "entrust_type": "QTY",
    "quantity": "0.007622",
    "support_trading_session": "ALL",
    "account_tax_type": "GENERAL",
    "limit_price": "196.78"
  }
} Response:{'message': 'The time you sent is not supported. Please check. ', 'error_code': 'INVALID_PARAMETER'} ServerException:HTTP Status: 417, Code: INVALID_PARAMETER, Msg: The time you sent is not supported. Please check. , RequestID: d097ae84-24d9-4be1-9d88-f71f3304d692
280089757282720 2026-07-06 02:45:52,725 webull.core.client ERROR get_response exception. {
  "error_code": "INVALID_PARAMETER",
  "error_msg": "The time you sent is not supported. Please check. ",
  "http_status": 417,
  "request_id": "d097ae84-24d9-4be1-9d88-f71f3304d692"
}
280089748828576 2026-07-06 02:45:52,860 webull.core.client ERROR ServerException occurred. Host:api.webull.com SDK-Version:2.0.10 Request:{
  "_version": "v2",
  "_action_name": "/openapi/assets/balance",
  "_protocol_type": "https",
  "_accept_format": "JSON",
  "_params": {
    "account_id": "F8ISIGG74NU0C495ILNGG99D29"
  },
  "_method": "GET",
  "_header": {
    "x-version": "v2",
    "Accept-Encoding": "gzip",
    "x-app-key": "bf67888c79f28465cba7afc02717dbcb",
    "x-timestamp": "2026-07-06T02:45:52Z",
    "x-signature-version": "1.0",
    "x-signature-algorithm": "HMAC-SHA1",
    "x-signature-nonce": "a5856724-9d76-5573-80a0-9828cee2b9d2",
    "x-signature": "EFASjDGpIQmhdaTbgPHAPXfLhBo=",
    "User-Agent": "WebullApiSDK (Linux 6.12.68+;aarch64) Python/3.11.15 Core/2.0.10 python-requests/2.33.1",
    "x-webull-client-source": "sdk"
  },
  "_body_params": null,
  "_uri_pattern": null,
  "_uri_params": null,
  "_content": null,
  "_extra_user_agent": {},
  "string_to_sign": "",
  "_request_connect_timeout": null,
  "_request_read_timeout": null,
  "endpoint": "api.webull.com",
  "_signer_spec": "<module 'webull.core.auth.algorithm.sha_hmac1' from '/root/.venv/lib/python3.11/site-packages/webull/core/auth/algorithm/sha_hmac1.py'>"
} Response:{'error_code': 'TOO_MANY_REQUESTS', 'message': 'Too many requests'} ServerException:HTTP Status: 429, Code: TOO_MANY_REQUESTS, Msg: Too many requests, RequestID: 7b99f483-293a-4d10-838e-6a3c2c4dbc03
280089748828576 2026-07-06 02:45:52,861 webull.core.client ERROR get_response exception. {
  "error_code": "TOO_MANY_REQUESTS",
  "error_msg": "Too many requests",
  "http_status": 429,
  "request_id": "7b99f483-293a-4d10-838e-6a3c2c4dbc03"
}
280089740374432 2026-07-06 02:45:52,946 webull.core.client ERROR ServerException occurred. Host:api.webull.com SDK-Version:2.0.10 Request:{
  "_version": "v2",
  "_action_name": "/trade/order/place",
  "_protocol_type": "https",
  "_accept_format": "JSON",
  "_params": {},
  "_method": "POST",
  "_header": {
    "x-version": "v2",
    "Accept-Encoding": "gzip",
    "x-app-key": "bf67888c79f28465cba7afc02717dbcb",
    "x-timestamp": "2026-07-06T02:45:52Z",
    "x-signature-version": "1.0",
    "x-signature-algorithm": "HMAC-SHA1",
    "x-signature-nonce": "ad96d928-aad9-5e49-9e70-19ef537a94e1",
    "x-signature": "zcQBKKb8x8IQFejCPcuOQCPQEbU=",
    "User-Agent": "WebullApiSDK (Linux 6.12.68+;aarch64) Python/3.11.15 Core/2.0.10 python-requests/2.33.1",
    "x-webull-client-source": "sdk",
    "Content-Length": "347",
    "Content-Type": "application/json"
  },
  "_body_params": {
    "stock_order": {
      "client_order_id": "ar-17134c29-d52b-4a42-8fdc-",
      "symbol": "NVDA",
      "instrument_type": "EQUITY",
      "market": "US",
      "order_type": "LIMIT",
      "side": "BUY",
      "time_in_force": "DAY",
      "entrust_type": "QTY",
      "quantity": "0.015245",
      "support_trading_session": "ALL",
      "account_tax_type": "GENERAL",
      "limit_price": "196.78"
    },
    "account_id": "F8ISIGG74NU0C495ILNGG99D29"
  },
  "_uri_pattern": null,
  "_uri_params": null,
  "_content": "{\"stock_order\":{\"client_order_id\":\"ar-17134c29-d52b-4a42-8fdc-\",\"symbol\":\"NVDA\",\"instrument_type\":\"EQUITY\",\"market\":\"US\",\"order_type\":\"LIMIT\",\"side\":\"BUY\",\"time_in_force\":\"DAY\",\"entrust_type\":\"QTY\",\"quantity\":\"0.015245\",\"support_trading_session\":\"ALL\",\"account_tax_type\":\"GENERAL\",\"limit_price\":\"196.78\"},\"account_id\":\"F8ISIGG74NU0C495ILNGG99D29\"}",
  "_extra_user_agent": {},
  "string_to_sign": "",
  "_request_connect_timeout": null,
  "_request_read_timeout": null,
  "endpoint": "api.webull.com",
  "_signer_spec": "<module 'webull.core.auth.algorithm.sha_hmac1' from '/root/.venv/lib/python3.11/site-packages/webull/core/auth/algorithm/sha_hmac1.py'>",
  "_stock_order": {
    "client_order_id": "ar-17134c29-d52b-4a42-8fdc-",
    "symbol": "NVDA",
    "instrument_type": "EQUITY",
    "market": "US",
    "order_type": "LIMIT",
    "side": "BUY",
    "time_in_force": "DAY",
    "entrust_type": "QTY",
    "quantity": "0.015245",
    "support_trading_session": "ALL",
    "account_tax_type": "GENERAL",
    "limit_price": "196.78"
  }
} Response:{'message': 'The time you sent is not supported. Please check. ', 'error_code': 'INVALID_PARAMETER'} ServerException:HTTP Status: 417, Code: INVALID_PARAMETER, Msg: The time you sent is not supported. Please check. , RequestID: 117b528f-7a59-46e5-b1e7-9f3d4445c000
280089740374432 2026-07-06 02:45:52,946 webull.core.client ERROR get_response exception. {
  "error_code": "INVALID_PARAMETER",
  "error_msg": "The time you sent is not supported. Please check. ",
  "http_status": 417,
  "request_id": "117b528f-7a59-46e5-b1e7-9f3d4445c000"
}
280089170211232 2026-07-06 02:48:52,782 webull.core.client ERROR ServerException occurred. Host:api.webull.com SDK-Version:2.0.10 Request:{
  "_version": "v2",
  "_action_name": "/trade/order/place",
  "_protocol_type": "https",
  "_accept_format": "JSON",
  "_params": {},
  "_method": "POST",
  "_header": {
    "x-version": "v2",
    "Accept-Encoding": "gzip",
    "x-app-key": "bf67888c79f28465cba7afc02717dbcb",
    "x-timestamp": "2026-07-06T02:48:52Z",
    "x-signature-version": "1.0",
    "x-signature-algorithm": "HMAC-SHA1",
    "x-signature-nonce": "463dd4f6-c85c-5a72-8576-80ddda5b3f9b",
    "x-signature": "XbLdlcRTh2opLWvDn00IdtMVEbM=",
    "User-Agent": "WebullApiSDK (Linux 6.12.68+;aarch64) Python/3.11.15 Core/2.0.10 python-requests/2.33.1",
    "x-webull-client-source": "sdk",
    "Content-Length": "348",
    "Content-Type": "application/json"
  },
  "_body_params": {
    "stock_order": {
      "client_order_id": "ar-3eff0bbe-1938-44d2-8ce0-",
      "symbol": "AAPL",
      "instrument_type": "EQUITY",
      "market": "US",
      "order_type": "LIMIT",
      "side": "SELL",
      "time_in_force": "DAY",
      "entrust_type": "QTY",
      "quantity": "0.009818",
      "support_trading_session": "ALL",
      "account_tax_type": "GENERAL",
      "limit_price": "305.54"
    },
    "account_id": "F8ISIGG74NU0C495ILNGG99D29"
  },
  "_uri_pattern": null,
  "_uri_params": null,
  "_content": "{\"stock_order\":{\"client_order_id\":\"ar-3eff0bbe-1938-44d2-8ce0-\",\"symbol\":\"AAPL\",\"instrument_type\":\"EQUITY\",\"market\":\"US\",\"order_type\":\"LIMIT\",\"side\":\"SELL\",\"time_in_force\":\"DAY\",\"entrust_type\":\"QTY\",\"quantity\":\"0.009818\",\"support_trading_session\":\"ALL\",\"account_tax_type\":\"GENERAL\",\"limit_price\":\"305.54\"},\"account_id\":\"F8ISIGG74NU0C495ILNGG99D29\"}",
  "_extra_user_agent": {},
  "string_to_sign": "",
  "_request_connect_timeout": null,
  "_request_read_timeout": null,
  "endpoint": "api.webull.com",
  "_signer_spec": "<module 'webull.core.auth.algorithm.sha_hmac1' from '/root/.venv/lib/python3.11/site-packages/webull/core/auth/algorithm/sha_hmac1.py'>",
  "_stock_order": {
    "client_order_id": "ar-3eff0bbe-1938-44d2-8ce0-",
    "symbol": "AAPL",
    "instrument_type": "EQUITY",
    "market": "US",
    "order_type": "LIMIT",
    "side": "SELL",
    "time_in_force": "DAY",
    "entrust_type": "QTY",
    "quantity": "0.009818",
    "support_trading_session": "ALL",
    "account_tax_type": "GENERAL",
    "limit_price": "305.54"
  }
} Response:{'message': 'The time you sent is not supported. Please check. ', 'error_code': 'INVALID_PARAMETER'} ServerException:HTTP Status: 417, Code: INVALID_PARAMETER, Msg: The time you sent is not supported. Please check. , RequestID: dc3c17ed-70dc-498e-b636-18b97887cc16
280089170211232 2026-07-06 02:48:52,782 webull.core.client ERROR get_response exception. {
  "error_code": "INVALID_PARAMETER",
  "error_msg": "The time you sent is not supported. Please check. ",
  "http_status": 417,
  "request_id": "dc3c17ed-70dc-498e-b636-18b97887cc16"
}
280089731920288 2026-07-06 02:48:53,645 webull.core.client ERROR ServerException occurred. Host:api.webull.com SDK-Version:2.0.10 Request:{
  "_version": "v2",
  "_action_name": "/openapi/assets/balance",
  "_protocol_type": "https",
  "_accept_format": "JSON",
  "_params": {
    "account_id": "F8ISIGG74NU0C495ILNGG99D29"
  },
  "_method": "GET",
  "_header": {
    "x-version": "v2",
    "Accept-Encoding": "gzip",
    "x-app-key": "bf67888c79f28465cba7afc02717dbcb",
    "x-timestamp": "2026-07-06T02:48:53Z",
    "x-signature-version": "1.0",
    "x-signature-algorithm": "HMAC-SHA1",
    "x-signature-nonce": "24319316-cbe0-53fb-b5bc-00677963e35e",
    "x-signature": "pEU/OtWuDSy+dELgC/W6br1ppbY=",
    "User-Agent": "WebullApiSDK (Linux 6.12.68+;aarch64) Python/3.11.15 Core/2.0.10 python-requests/2.33.1",
    "x-webull-client-source": "sdk"
  },
  "_body_params": null,
  "_uri_pattern": null,
  "_uri_params": null,
  "_content": null,
  "_extra_user_agent": {},
  "string_to_sign": "",
  "_request_connect_timeout": null,
  "_request_read_timeout": null,
  "endpoint": "api.webull.com",
  "_signer_spec": "<module 'webull.core.auth.algorithm.sha_hmac1' from '/root/.venv/lib/python3.11/site-packages/webull/core/auth/algorithm/sha_hmac1.py'>"
} Response:{'error_code': 'TOO_MANY_REQUESTS', 'message': 'Too many requests'} ServerException:HTTP Status: 429, Code: TOO_MANY_REQUESTS, Msg: Too many requests, RequestID: c355da6e-0b4b-4ec9-b649-e980195f0504
280089731920288 2026-07-06 02:48:53,645 webull.core.client ERROR get_response exception. {
  "error_code": "TOO_MANY_REQUESTS",
  "error_msg": "Too many requests",
  "http_status": 429,
  "request_id": "c355da6e-0b4b-4ec9-b649-e980195f0504"
}
280089748828576 2026-07-06 02:48:53,757 webull.core.client ERROR ServerException occurred. Host:api.webull.com SDK-Version:2.0.10 Request:{
  "_version": "v2",
  "_action_name": "/openapi/assets/balance",
  "_protocol_type": "https",
  "_accept_format": "JSON",
  "_params": {
    "account_id": "F8ISIGG74NU0C495ILNGG99D29"
  },
  "_method": "GET",
  "_header": {
    "x-version": "v2",
    "Accept-Encoding": "gzip",
    "x-app-key": "bf67888c79f28465cba7afc02717dbcb",
    "x-timestamp": "2026-07-06T02:48:53Z",
    "x-signature-version": "1.0",
    "x-signature-algorithm": "HMAC-SHA1",
    "x-signature-nonce": "8dd38ded-b3af-5a8e-b3fe-f5f238b91a7f",
    "x-signature": "Iq34KUSzz35x8o41L9ZfmyC/8l0=",
    "User-Agent": "WebullApiSDK (Linux 6.12.68+;aarch64) Python/3.11.15 Core/2.0.10 python-requests/2.33.1",
    "x-webull-client-source": "sdk"
  },
  "_body_params": null,
  "_uri_pattern": null,
  "_uri_params": null,
  "_content": null,
  "_extra_user_agent": {},
  "string_to_sign": "",
  "_request_connect_timeout": null,
  "_request_read_timeout": null,
  "endpoint": "api.webull.com",
  "_signer_spec": "<module 'webull.core.auth.algorithm.sha_hmac1' from '/root/.venv/lib/python3.11/site-packages/webull/core/auth/algorithm/sha_hmac1.py'>"
} Response:{'message': 'Too many requests', 'error_code': 'TOO_MANY_REQUESTS'} ServerException:HTTP Status: 429, Code: TOO_MANY_REQUESTS, Msg: Too many requests, RequestID: 3f0e00ee-7ced-4a63-821d-e658e729fb34
280089748828576 2026-07-06 02:48:53,758 webull.core.client ERROR get_response exception. {
  "error_code": "TOO_MANY_REQUESTS",
  "error_msg": "Too many requests",
  "http_status": 429,
  "request_id": "3f0e00ee-7ced-4a63-821d-e658e729fb34"
}
280089740374432 2026-07-06 02:48:53,769 webull.core.client ERROR ServerException occurred. Host:api.webull.com SDK-Version:2.0.10 Request:{
  "_version": "v2",
  "_action_name": "/trade/order/place",
  "_protocol_type": "https",
  "_accept_format": "JSON",
  "_params": {},
  "_method": "POST",
  "_header": {
    "x-version": "v2",
    "Accept-Encoding": "gzip",
    "x-app-key": "bf67888c79f28465cba7afc02717dbcb",
    "x-timestamp": "2026-07-06T02:48:53Z",
    "x-signature-version": "1.0",
    "x-signature-algorithm": "HMAC-SHA1",
    "x-signature-nonce": "07c3ce8d-9f6e-521f-b525-d6a6db991fdc",
    "x-signature": "zVyeJVxmtZQeN2JozwEvVSIHWlY=",
    "User-Agent": "WebullApiSDK (Linux 6.12.68+;aarch64) Python/3.11.15 Core/2.0.10 python-requests/2.33.1",
    "x-webull-client-source": "sdk",
    "Content-Length": "348",
    "Content-Type": "application/json"
  },
  "_body_params": {
    "stock_order": {
      "client_order_id": "ar-4cddf554-1549-4d08-8cc0-",
      "symbol": "AAPL",
      "instrument_type": "EQUITY",
      "market": "US",
      "order_type": "LIMIT",
      "side": "SELL",
      "time_in_force": "DAY",
      "entrust_type": "QTY",
      "quantity": "0.004909",
      "support_trading_session": "ALL",
      "account_tax_type": "GENERAL",
      "limit_price": "305.54"
    },
    "account_id": "F8ISIGG74NU0C495ILNGG99D29"
  },
  "_uri_pattern": null,
  "_uri_params": null,
  "_content": "{\"stock_order\":{\"client_order_id\":\"ar-4cddf554-1549-4d08-8cc0-\",\"symbol\":\"AAPL\",\"instrument_type\":\"EQUITY\",\"market\":\"US\",\"order_type\":\"LIMIT\",\"side\":\"SELL\",\"time_in_force\":\"DAY\",\"entrust_type\":\"QTY\",\"quantity\":\"0.004909\",\"support_trading_session\":\"ALL\",\"account_tax_type\":\"GENERAL\",\"limit_price\":\"305.54\"},\"account_id\":\"F8ISIGG74NU0C495ILNGG99D29\"}",
  "_extra_user_agent": {},
  "string_to_sign": "",
  "_request_connect_timeout": null,
  "_request_read_timeout": null,
  "endpoint": "api.webull.com",
  "_signer_spec": "<module 'webull.core.auth.algorithm.sha_hmac1' from '/root/.venv/lib/python3.11/site-packages/webull/core/auth/algorithm/sha_hmac1.py'>",
  "_stock_order": {
    "client_order_id": "ar-4cddf554-1549-4d08-8cc0-",
    "symbol": "AAPL",
    "instrument_type": "EQUITY",
    "market": "US",
    "order_type": "LIMIT",
    "side": "SELL",
    "time_in_force": "DAY",
    "entrust_type": "QTY",
    "quantity": "0.004909",
    "support_trading_session": "ALL",
    "account_tax_type": "GENERAL",
    "limit_price": "305.54"
  }
} Response:{'message': 'The time you sent is not supported. Please check. ', 'error_code': 'INVALID_PARAMETER'} ServerException:HTTP Status: 417, Code: INVALID_PARAMETER, Msg: The time you sent is not supported. Please check. , RequestID: acd7ec8c-1451-471e-b05e-65792be5dfdf
280089740374432 2026-07-06 02:48:53,771 webull.core.client ERROR get_response exception. {
  "error_code": "INVALID_PARAMETER",
  "error_msg": "The time you sent is not supported. Please check. ",
  "http_status": 417,
  "request_id": "acd7ec8c-1451-471e-b05e-65792be5dfdf"
}
280089757282720 2026-07-06 02:48:53,844 webull.core.client ERROR ServerException occurred. Host:api.webull.com SDK-Version:2.0.10 Request:{
  "_version": "v2",
  "_action_name": "/trade/order/place",
  "_protocol_type": "https",
  "_accept_format": "JSON",
  "_params": {},
  "_method": "POST",
  "_header": {
    "x-version": "v2",
    "Accept-Encoding": "gzip",
    "x-app-key": "bf67888c79f28465cba7afc02717dbcb",
    "x-timestamp": "2026-07-06T02:48:53Z",
    "x-signature-version": "1.0",
    "x-signature-algorithm": "HMAC-SHA1",
    "x-signature-nonce": "b95aba76-5eff-5e3c-a239-c98dceed7553",
    "x-signature": "djjJXYOH7tPFMG7rJ2/guGGcBms=",
    "User-Agent": "WebullApiSDK (Linux 6.12.68+;aarch64) Python/3.11.15 Core/2.0.10 python-requests/2.33.1",
    "x-webull-client-source": "sdk",
    "Content-Length": "348",
    "Content-Type": "application/json"
  },
  "_body_params": {
    "stock_order": {
      "client_order_id": "ar-4cddf554-1549-4d08-8cc0-",
      "symbol": "AAPL",
      "instrument_type": "EQUITY",
      "market": "US",
      "order_type": "LIMIT",
      "side": "SELL",
      "time_in_force": "DAY",
      "entrust_type": "QTY",
      "quantity": "0.004909",
      "support_trading_session": "ALL",
      "account_tax_type": "GENERAL",
      "limit_price": "305.54"
    },
    "account_id": "F8ISIGG74NU0C495ILNGG99D29"
  },
  "_uri_pattern": null,
  "_uri_params": null,
  "_content": "{\"stock_order\":{\"client_order_id\":\"ar-4cddf554-1549-4d08-8cc0-\",\"symbol\":\"AAPL\",\"instrument_type\":\"EQUITY\",\"market\":\"US\",\"order_type\":\"LIMIT\",\"side\":\"SELL\",\"time_in_force\":\"DAY\",\"entrust_type\":\"QTY\",\"quantity\":\"0.004909\",\"support_trading_session\":\"ALL\",\"account_tax_type\":\"GENERAL\",\"limit_price\":\"305.54\"},\"account_id\":\"F8ISIGG74NU0C495ILNGG99D29\"}",
  "_extra_user_agent": {},
  "string_to_sign": "",
  "_request_connect_timeout": null,
  "_request_read_timeout": null,
  "endpoint": "api.webull.com",
  "_signer_spec": "<module 'webull.core.auth.algorithm.sha_hmac1' from '/root/.venv/lib/python3.11/site-packages/webull/core/auth/algorithm/sha_hmac1.py'>",
  "_stock_order": {
    "client_order_id": "ar-4cddf554-1549-4d08-8cc0-",
    "symbol": "AAPL",
    "instrument_type": "EQUITY",
    "market": "US",
    "order_type": "LIMIT",
    "side": "SELL",
    "time_in_force": "DAY",
    "entrust_type": "QTY",
    "quantity": "0.004909",
    "support_trading_session": "ALL",
    "account_tax_type": "GENERAL",
    "limit_price": "305.54"
  }
} Response:{'message': 'The time you sent is not supported. Please check. ', 'error_code': 'INVALID_PARAMETER'} ServerException:HTTP Status: 417, Code: INVALID_PARAMETER, Msg: The time you sent is not supported. Please check. , RequestID: 9bec89f4-9f36-47f7-aa3b-18cf3d73c2ca
280089757282720 2026-07-06 02:48:53,844 webull.core.client ERROR get_response exception. {
  "error_code": "INVALID_PARAMETER",
  "error_msg": "The time you sent is not supported. Please check. ",
  "http_status": 417,
  "request_id": "9bec89f4-9f36-47f7-aa3b-18cf3d73c2ca"
}
280089178665376 2026-07-06 02:48:57,024 webull.core.client ERROR ServerException occurred. Host:api.webull.com SDK-Version:2.0.10 Request:{
  "_version": "v2",
  "_action_name": "/trade/order/place",
  "_protocol_type": "https",
  "_accept_format": "JSON",
  "_params": {},
  "_method": "POST",
  "_header": {
    "x-version": "v2",
    "Accept-Encoding": "gzip",
    "x-app-key": "bf67888c79f28465cba7afc02717dbcb",
    "x-timestamp": "2026-07-06T02:48:56Z",
    "x-signature-version": "1.0",
    "x-signature-algorithm": "HMAC-SHA1",
    "x-signature-nonce": "a040f6c2-b369-516d-af6e-da8d86c816e4",
    "x-signature": "tWJ0FFbaIhLa4Zhrk7dzB0qMP6w=",
    "User-Agent": "WebullApiSDK (Linux 6.12.68+;aarch64) Python/3.11.15 Core/2.0.10 python-requests/2.33.1",
    "x-webull-client-source": "sdk",
    "Content-Length": "348",
    "Content-Type": "application/json"
  },
  "_body_params": {
    "stock_order": {
      "client_order_id": "ar-16bcb649-e326-4dd3-bd64-",
      "symbol": "AAPL",
      "instrument_type": "EQUITY",
      "market": "US",
      "order_type": "LIMIT",
      "side": "SELL",
      "time_in_force": "DAY",
      "entrust_type": "QTY",
      "quantity": "0.004909",
      "support_trading_session": "ALL",
      "account_tax_type": "GENERAL",
      "limit_price": "305.54"
    },
    "account_id": "F8ISIGG74NU0C495ILNGG99D29"
  },
  "_uri_pattern": null,
  "_uri_params": null,
  "_content": "{\"stock_order\":{\"client_order_id\":\"ar-16bcb649-e326-4dd3-bd64-\",\"symbol\":\"AAPL\",\"instrument_type\":\"EQUITY\",\"market\":\"US\",\"order_type\":\"LIMIT\",\"side\":\"SELL\",\"time_in_force\":\"DAY\",\"entrust_type\":\"QTY\",\"quantity\":\"0.004909\",\"support_trading_session\":\"ALL\",\"account_tax_type\":\"GENERAL\",\"limit_price\":\"305.54\"},\"account_id\":\"F8ISIGG74NU0C495ILNGG99D29\"}",
  "_extra_user_agent": {},
  "string_to_sign": "",
  "_request_connect_timeout": null,
  "_request_read_timeout": null,
  "endpoint": "api.webull.com",
  "_signer_spec": "<module 'webull.core.auth.algorithm.sha_hmac1' from '/root/.venv/lib/python3.11/site-packages/webull/core/auth/algorithm/sha_hmac1.py'>",
  "_stock_order": {
    "client_order_id": "ar-16bcb649-e326-4dd3-bd64-",
    "symbol": "AAPL",
    "instrument_type": "EQUITY",
    "market": "US",
    "order_type": "LIMIT",
    "side": "SELL",
    "time_in_force": "DAY",
    "entrust_type": "QTY",
    "quantity": "0.004909",
    "support_trading_session": "ALL",
    "account_tax_type": "GENERAL",
    "limit_price": "305.54"
  }
} Response:{'message': 'The time you sent is not supported. Please check. ', 'error_code': 'INVALID_PARAMETER'} ServerException:HTTP Status: 417, Code: INVALID_PARAMETER, Msg: The time you sent is not supported. Please check. , RequestID: df5f9bde-0b94-4d16-8150-458193dbce7a
280089178665376 2026-07-06 02:48:57,024 webull.core.client ERROR get_response exception. {
  "error_code": "INVALID_PARAMETER",
  "error_msg": "The time you sent is not supported. Please check. ",
  "http_status": 417,
  "request_id": "df5f9bde-0b94-4d16-8150-458193dbce7a"
}
280089740374432 2026-07-06 02:49:40,113 webull.core.client ERROR ServerException occurred. Host:api.webull.com SDK-Version:2.0.10 Request:{
  "_version": "v2",
  "_action_name": "/trade/order/place",
  "_protocol_type": "https",
  "_accept_format": "JSON",
  "_params": {},
  "_method": "POST",
  "_header": {
    "x-version": "v2",
    "Accept-Encoding": "gzip",
    "x-app-key": "bf67888c79f28465cba7afc02717dbcb",
    "x-timestamp": "2026-07-06T02:49:40Z",
    "x-signature-version": "1.0",
    "x-signature-algorithm": "HMAC-SHA1",
    "x-signature-nonce": "f0b9b2d1-0bbf-56ed-867c-bc51fabfe4b3",
    "x-signature": "j6IyrgVSi6WxbG9brI3syjgOXBU=",
    "User-Agent": "WebullApiSDK (Linux 6.12.68+;aarch64) Python/3.11.15 Core/2.0.10 python-requests/2.33.1",
    "x-webull-client-source": "sdk",
    "Content-Length": "348",
    "Content-Type": "application/json"
  },
  "_body_params": {
    "stock_order": {
      "client_order_id": "ar-cde483b5-2012-4130-8946-",
      "symbol": "ABNB",
      "instrument_type": "EQUITY",
      "market": "US",
      "order_type": "LIMIT",
      "side": "SELL",
      "time_in_force": "DAY",
      "entrust_type": "QTY",
      "quantity": "0.010173",
      "support_trading_session": "ALL",
      "account_tax_type": "GENERAL",
      "limit_price": "147.44"
    },
    "account_id": "F8ISIGG74NU0C495ILNGG99D29"
  },
  "_uri_pattern": null,
  "_uri_params": null,
  "_content": "{\"stock_order\":{\"client_order_id\":\"ar-cde483b5-2012-4130-8946-\",\"symbol\":\"ABNB\",\"instrument_type\":\"EQUITY\",\"market\":\"US\",\"order_type\":\"LIMIT\",\"side\":\"SELL\",\"time_in_force\":\"DAY\",\"entrust_type\":\"QTY\",\"quantity\":\"0.010173\",\"support_trading_session\":\"ALL\",\"account_tax_type\":\"GENERAL\",\"limit_price\":\"147.44\"},\"account_id\":\"F8ISIGG74NU0C495ILNGG99D29\"}",
  "_extra_user_agent": {},
  "string_to_sign": "",
  "_request_connect_timeout": null,
  "_request_read_timeout": null,
  "endpoint": "api.webull.com",
  "_signer_spec": "<module 'webull.core.auth.algorithm.sha_hmac1' from '/root/.venv/lib/python3.11/site-packages/webull/core/auth/algorithm/sha_hmac1.py'>",
  "_stock_order": {
    "client_order_id": "ar-cde483b5-2012-4130-8946-",
    "symbol": "ABNB",
    "instrument_type": "EQUITY",
    "market": "US",
    "order_type": "LIMIT",
    "side": "SELL",
    "time_in_force": "DAY",
    "entrust_type": "QTY",
    "quantity": "0.010173",
    "support_trading_session": "ALL",
    "account_tax_type": "GENERAL",
    "limit_price": "147.44"
  }
} Response:{'message': 'The time you sent is not supported. Please check. ', 'error_code': 'INVALID_PARAMETER'} ServerException:HTTP Status: 417, Code: INVALID_PARAMETER, Msg: The time you sent is not supported. Please check. , RequestID: 2024ed7c-39e3-45a6-9c34-a8bc5af6d9f0
280089740374432 2026-07-06 02:49:40,114 webull.core.client ERROR get_response exception. {
  "error_code": "INVALID_PARAMETER",
  "error_msg": "The time you sent is not supported. Please check. ",
  "http_status": 417,
  "request_id": "2024ed7c-39e3-45a6-9c34-a8bc5af6d9f0"
}
280089178665376 2026-07-06 02:50:22,022 webull.core.client ERROR ServerException occurred. Host:api.webull.com SDK-Version:2.0.10 Request:{
  "_version": "v2",
  "_action_name": "/trade/order/place",
  "_protocol_type": "https",
  "_accept_format": "JSON",
  "_params": {},
  "_method": "POST",
  "_header": {
    "x-version": "v2",
    "Accept-Encoding": "gzip",
    "x-app-key": "bf67888c79f28465cba7afc02717dbcb",
    "x-timestamp": "2026-07-06T02:50:21Z",
    "x-signature-version": "1.0",
    "x-signature-algorithm": "HMAC-SHA1",
    "x-signature-nonce": "78fc866b-2ef7-5404-a965-e2850fc5c899",
    "x-signature": "xykKjVwbgKDZZNIw6w3iItTYmTU=",
    "User-Agent": "WebullApiSDK (Linux 6.12.68+;aarch64) Python/3.11.15 Core/2.0.10 python-requests/2.33.1",
    "x-webull-client-source": "sdk",
    "Content-Length": "347",
    "Content-Type": "application/json"
  },
  "_body_params": {
    "stock_order": {
      "client_order_id": "ar-c2102187-a819-4246-bc1c-",
      "symbol": "NVDA",
      "instrument_type": "EQUITY",
      "market": "US",
      "order_type": "LIMIT",
      "side": "BUY",
      "time_in_force": "DAY",
      "entrust_type": "QTY",
      "quantity": "0.015245",
      "support_trading_session": "ALL",
      "account_tax_type": "GENERAL",
      "limit_price": "196.78"
    },
    "account_id": "F8ISIGG74NU0C495ILNGG99D29"
  },
  "_uri_pattern": null,
  "_uri_params": null,
  "_content": "{\"stock_order\":{\"client_order_id\":\"ar-c2102187-a819-4246-bc1c-\",\"symbol\":\"NVDA\",\"instrument_type\":\"EQUITY\",\"market\":\"US\",\"order_type\":\"LIMIT\",\"side\":\"BUY\",\"time_in_force\":\"DAY\",\"entrust_type\":\"QTY\",\"quantity\":\"0.015245\",\"support_trading_session\":\"ALL\",\"account_tax_type\":\"GENERAL\",\"limit_price\":\"196.78\"},\"account_id\":\"F8ISIGG74NU0C495ILNGG99D29\"}",
  "_extra_user_agent": {},
  "string_to_sign": "",
  "_request_connect_timeout": null,
  "_request_read_timeout": null,
  "endpoint": "api.webull.com",
  "_signer_spec": "<module 'webull.core.auth.algorithm.sha_hmac1' from '/root/.venv/lib/python3.11/site-packages/webull/core/auth/algorithm/sha_hmac1.py'>",
  "_stock_order": {
    "client_order_id": "ar-c2102187-a819-4246-bc1c-",
    "symbol": "NVDA",
    "instrument_type": "EQUITY",
    "market": "US",
    "order_type": "LIMIT",
    "side": "BUY",
    "time_in_force": "DAY",
    "entrust_type": "QTY",
    "quantity": "0.015245",
    "support_trading_session": "ALL",
    "account_tax_type": "GENERAL",
    "limit_price": "196.78"
  }
} Response:{'message': 'The time you sent is not supported. Please check. ', 'error_code': 'INVALID_PARAMETER'} ServerException:HTTP Status: 417, Code: INVALID_PARAMETER, Msg: The time you sent is not supported. Please check. , RequestID: dc3348c9-d2d7-4747-b5af-fcd8e94a4259
280089178665376 2026-07-06 02:50:22,022 webull.core.client ERROR get_response exception. {
  "error_code": "INVALID_PARAMETER",
  "error_msg": "The time you sent is not supported. Please check. ",
  "http_status": 417,
  "request_id": "dc3348c9-d2d7-4747-b5af-fcd8e94a4259"
}
280089153302944 2026-07-06 02:50:24,548 webull.core.client ERROR ServerException occurred. Host:api.webull.com SDK-Version:2.0.10 Request:{
  "_version": "v2",
  "_action_name": "/trade/order/place",
  "_protocol_type": "https",
  "_accept_format": "JSON",
  "_params": {},
  "_method": "POST",
  "_header": {
    "x-version": "v2",
    "Accept-Encoding": "gzip",
    "x-app-key": "bf67888c79f28465cba7afc02717dbcb",
    "x-timestamp": "2026-07-06T02:50:24Z",
    "x-signature-version": "1.0",
    "x-signature-algorithm": "HMAC-SHA1",
    "x-signature-nonce": "2211c058-5a53-50af-ba1b-87d682a590c4",
    "x-signature": "IuMpy6U0UmENK98KzUwzpRWK82U=",
    "User-Agent": "WebullApiSDK (Linux 6.12.68+;aarch64) Python/3.11.15 Core/2.0.10 python-requests/2.33.1",
    "x-webull-client-source": "sdk",
    "Content-Length": "347",
    "Content-Type": "application/json"
  },
  "_body_params": {
    "stock_order": {
      "client_order_id": "ar-e7bd6e13-e13b-446c-8bdf-",
      "symbol": "NVDA",
      "instrument_type": "EQUITY",
      "market": "US",
      "order_type": "LIMIT",
      "side": "BUY",
      "time_in_force": "DAY",
      "entrust_type": "QTY",
      "quantity": "0.007622",
      "support_trading_session": "ALL",
      "account_tax_type": "GENERAL",
      "limit_price": "196.78"
    },
    "account_id": "F8ISIGG74NU0C495ILNGG99D29"
  },
  "_uri_pattern": null,
  "_uri_params": null,
  "_content": "{\"stock_order\":{\"client_order_id\":\"ar-e7bd6e13-e13b-446c-8bdf-\",\"symbol\":\"NVDA\",\"instrument_type\":\"EQUITY\",\"market\":\"US\",\"order_type\":\"LIMIT\",\"side\":\"BUY\",\"time_in_force\":\"DAY\",\"entrust_type\":\"QTY\",\"quantity\":\"0.007622\",\"support_trading_session\":\"ALL\",\"account_tax_type\":\"GENERAL\",\"limit_price\":\"196.78\"},\"account_id\":\"F8ISIGG74NU0C495ILNGG99D29\"}",
  "_extra_user_agent": {},
  "string_to_sign": "",
  "_request_connect_timeout": null,
  "_request_read_timeout": null,
  "endpoint": "api.webull.com",
  "_signer_spec": "<module 'webull.core.auth.algorithm.sha_hmac1' from '/root/.venv/lib/python3.11/site-packages/webull/core/auth/algorithm/sha_hmac1.py'>",
  "_stock_order": {
    "client_order_id": "ar-e7bd6e13-e13b-446c-8bdf-",
    "symbol": "NVDA",
    "instrument_type": "EQUITY",
    "market": "US",
    "order_type": "LIMIT",
    "side": "BUY",
    "time_in_force": "DAY",
    "entrust_type": "QTY",
    "quantity": "0.007622",
    "support_trading_session": "ALL",
    "account_tax_type": "GENERAL",
    "limit_price": "196.78"
  }
} Response:{'message': 'The time you sent is not supported. Please check. ', 'error_code': 'INVALID_PARAMETER'} ServerException:HTTP Status: 417, Code: INVALID_PARAMETER, Msg: The time you sent is not supported. Please check. , RequestID: 7cbc85ab-f135-4fdf-9151-ec5986440248
280089153302944 2026-07-06 02:50:24,548 webull.core.client ERROR get_response exception. {
  "error_code": "INVALID_PARAMETER",
  "error_msg": "The time you sent is not supported. Please check. ",
  "http_status": 417,
  "request_id": "7cbc85ab-f135-4fdf-9151-ec5986440248"
}
280089757282720 2026-07-06 02:50:24,966 webull.core.client ERROR ServerException occurred. Host:api.webull.com SDK-Version:2.0.10 Request:{
  "_version": "v2",
  "_action_name": "/openapi/assets/balance",
  "_protocol_type": "https",
  "_accept_format": "JSON",
  "_params": {
    "account_id": "F8ISIGG74NU0C495ILNGG99D29"
  },
  "_method": "GET",
  "_header": {
    "x-version": "v2",
    "Accept-Encoding": "gzip",
    "x-app-key": "bf67888c79f28465cba7afc02717dbcb",
    "x-timestamp": "2026-07-06T02:50:24Z",
    "x-signature-version": "1.0",
    "x-signature-algorithm": "HMAC-SHA1",
    "x-signature-nonce": "6f96f382-ca1b-5cf5-a26f-027f811676ba",
    "x-signature": "1kAMU5QsBZpKx/nHj4pvJu+fY/M=",
    "User-Agent": "WebullApiSDK (Linux 6.12.68+;aarch64) Python/3.11.15 Core/2.0.10 python-requests/2.33.1",
    "x-webull-client-source": "sdk"
  },
  "_body_params": null,
  "_uri_pattern": null,
  "_uri_params": null,
  "_content": null,
  "_extra_user_agent": {},
  "string_to_sign": "",
  "_request_connect_timeout": null,
  "_request_read_timeout": null,
  "endpoint": "api.webull.com",
  "_signer_spec": "<module 'webull.core.auth.algorithm.sha_hmac1' from '/root/.venv/lib/python3.11/site-packages/webull/core/auth/algorithm/sha_hmac1.py'>"
} Response:{'error_code': 'TOO_MANY_REQUESTS', 'message': 'Too many requests'} ServerException:HTTP Status: 429, Code: TOO_MANY_REQUESTS, Msg: Too many requests, RequestID: 357fe18a-dcca-4009-9f0b-5527a9e560e4
280089757282720 2026-07-06 02:50:24,966 webull.core.client ERROR get_response exception. {
  "error_code": "TOO_MANY_REQUESTS",
  "error_msg": "Too many requests",
  "http_status": 429,
  "request_id": "357fe18a-dcca-4009-9f0b-5527a9e560e4"
}
280089170211232 2026-07-06 02:50:25,056 webull.core.client ERROR ServerException occurred. Host:api.webull.com SDK-Version:2.0.10 Request:{
  "_version": "v2",
  "_action_name": "/trade/order/place",
  "_protocol_type": "https",
  "_accept_format": "JSON",
  "_params": {},
  "_method": "POST",
  "_header": {
    "x-version": "v2",
    "Accept-Encoding": "gzip",
    "x-app-key": "bf67888c79f28465cba7afc02717dbcb",
    "x-timestamp": "2026-07-06T02:50:24Z",
    "x-signature-version": "1.0",
    "x-signature-algorithm": "HMAC-SHA1",
    "x-signature-nonce": "2f4926bc-5f16-5729-aace-437746c1ddb2",
    "x-signature": "yPrsRwEYAxLKnH/VdKfL7NpyhkY=",
    "User-Agent": "WebullApiSDK (Linux 6.12.68+;aarch64) Python/3.11.15 Core/2.0.10 python-requests/2.33.1",
    "x-webull-client-source": "sdk",
    "Content-Length": "347",
    "Content-Type": "application/json"
  },
  "_body_params": {
    "stock_order": {
      "client_order_id": "ar-6d8fdee9-2c1f-48ef-922e-",
      "symbol": "NVDA",
      "instrument_type": "EQUITY",
      "market": "US",
      "order_type": "LIMIT",
      "side": "BUY",
      "time_in_force": "DAY",
      "entrust_type": "QTY",
      "quantity": "0.015245",
      "support_trading_session": "ALL",
      "account_tax_type": "GENERAL",
      "limit_price": "196.78"
    },
    "account_id": "F8ISIGG74NU0C495ILNGG99D29"
  },
  "_uri_pattern": null,
  "_uri_params": null,
  "_content": "{\"stock_order\":{\"client_order_id\":\"ar-6d8fdee9-2c1f-48ef-922e-\",\"symbol\":\"NVDA\",\"instrument_type\":\"EQUITY\",\"market\":\"US\",\"order_type\":\"LIMIT\",\"side\":\"BUY\",\"time_in_force\":\"DAY\",\"entrust_type\":\"QTY\",\"quantity\":\"0.015245\",\"support_trading_session\":\"ALL\",\"account_tax_type\":\"GENERAL\",\"limit_price\":\"196.78\"},\"account_id\":\"F8ISIGG74NU0C495ILNGG99D29\"}",
  "_extra_user_agent": {},
  "string_to_sign": "",
  "_request_connect_timeout": null,
  "_request_read_timeout": null,
  "endpoint": "api.webull.com",
  "_signer_spec": "<module 'webull.core.auth.algorithm.sha_hmac1' from '/root/.venv/lib/python3.11/site-packages/webull/core/auth/algorithm/sha_hmac1.py'>",
  "_stock_order": {
    "client_order_id": "ar-6d8fdee9-2c1f-48ef-922e-",
    "symbol": "NVDA",
    "instrument_type": "EQUITY",
    "market": "US",
    "order_type": "LIMIT",
    "side": "BUY",
    "time_in_force": "DAY",
    "entrust_type": "QTY",
    "quantity": "0.015245",
    "support_trading_session": "ALL",
    "account_tax_type": "GENERAL",
    "limit_price": "196.78"
  }
} Response:{'message': 'The time you sent is not supported. Please check. ', 'error_code': 'INVALID_PARAMETER'} ServerException:HTTP Status: 417, Code: INVALID_PARAMETER, Msg: The time you sent is not supported. Please check. , RequestID: 15d939ae-d026-4367-b95a-9aad2be9545b
280089170211232 2026-07-06 02:50:25,056 webull.core.client ERROR get_response exception. {
  "error_code": "INVALID_PARAMETER",
  "error_msg": "The time you sent is not supported. Please check. ",
  "http_status": 417,
  "request_id": "15d939ae-d026-4367-b95a-9aad2be9545b"
}
280089153302944 2026-07-06 02:50:25,094 webull.core.client ERROR ServerException occurred. Host:api.webull.com SDK-Version:2.0.10 Request:{
  "_version": "v2",
  "_action_name": "/trade/order/place",
  "_protocol_type": "https",
  "_accept_format": "JSON",
  "_params": {},
  "_method": "POST",
  "_header": {
    "x-version": "v2",
    "Accept-Encoding": "gzip",
    "x-app-key": "bf67888c79f28465cba7afc02717dbcb",
    "x-timestamp": "2026-07-06T02:50:25Z",
    "x-signature-version": "1.0",
    "x-signature-algorithm": "HMAC-SHA1",
    "x-signature-nonce": "81c62746-2c6c-558b-8d05-f73362c3cd39",
    "x-signature": "YP1/GJQ52XxEwvSSaOmWSeloMRc=",
    "User-Agent": "WebullApiSDK (Linux 6.12.68+;aarch64) Python/3.11.15 Core/2.0.10 python-requests/2.33.1",
    "x-webull-client-source": "sdk",
    "Content-Length": "347",
    "Content-Type": "application/json"
  },
  "_body_params": {
    "stock_order": {
      "client_order_id": "ar-6d8fdee9-2c1f-48ef-922e-",
      "symbol": "NVDA",
      "instrument_type": "EQUITY",
      "market": "US",
      "order_type": "LIMIT",
      "side": "BUY",
      "time_in_force": "DAY",
      "entrust_type": "QTY",
      "quantity": "0.015245",
      "support_trading_session": "ALL",
      "account_tax_type": "GENERAL",
      "limit_price": "196.78"
    },
    "account_id": "F8ISIGG74NU0C495ILNGG99D29"
  },
  "_uri_pattern": null,
  "_uri_params": null,
  "_content": "{\"stock_order\":{\"client_order_id\":\"ar-6d8fdee9-2c1f-48ef-922e-\",\"symbol\":\"NVDA\",\"instrument_type\":\"EQUITY\",\"market\":\"US\",\"order_type\":\"LIMIT\",\"side\":\"BUY\",\"time_in_force\":\"DAY\",\"entrust_type\":\"QTY\",\"quantity\":\"0.015245\",\"support_trading_session\":\"ALL\",\"account_tax_type\":\"GENERAL\",\"limit_price\":\"196.78\"},\"account_id\":\"F8ISIGG74NU0C495ILNGG99D29\"}",
  "_extra_user_agent": {},
  "string_to_sign": "",
  "_request_connect_timeout": null,
  "_request_read_timeout": null,
  "endpoint": "api.webull.com",
  "_signer_spec": "<module 'webull.core.auth.algorithm.sha_hmac1' from '/root/.venv/lib/python3.11/site-packages/webull/core/auth/algorithm/sha_hmac1.py'>",
  "_stock_order": {
    "client_order_id": "ar-6d8fdee9-2c1f-48ef-922e-",
    "symbol": "NVDA",
    "instrument_type": "EQUITY",
    "market": "US",
    "order_type": "LIMIT",
    "side": "BUY",
    "time_in_force": "DAY",
    "entrust_type": "QTY",
    "quantity": "0.015245",
    "support_trading_session": "ALL",
    "account_tax_type": "GENERAL",
    "limit_price": "196.78"
  }
} Response:{'message': 'The time you sent is not supported. Please check. ', 'error_code': 'INVALID_PARAMETER'} ServerException:HTTP Status: 417, Code: INVALID_PARAMETER, Msg: The time you sent is not supported. Please check. , RequestID: 6396004c-f238-4f8b-b9f4-63ffdb2ff2d6
280089153302944 2026-07-06 02:50:25,094 webull.core.client ERROR get_response exception. {
  "error_code": "INVALID_PARAMETER",
  "error_msg": "The time you sent is not supported. Please check. ",
  "http_status": 417,
  "request_id": "6396004c-f238-4f8b-b9f4-63ffdb2ff2d6"
}
280089748828576 2026-07-06 02:50:25,184 webull.core.client ERROR ServerException occurred. Host:api.webull.com SDK-Version:2.0.10 Request:{
  "_version": "v2",
  "_action_name": "/openapi/assets/balance",
  "_protocol_type": "https",
  "_accept_format": "JSON",
  "_params": {
    "account_id": "F8ISIGG74NU0C495ILNGG99D29"
  },
  "_method": "GET",
  "_header": {
    "x-version": "v2",
    "Accept-Encoding": "gzip",
    "x-app-key": "bf67888c79f28465cba7afc02717dbcb",
    "x-timestamp": "2026-07-06T02:50:25Z",
    "x-signature-version": "1.0",
    "x-signature-algorithm": "HMAC-SHA1",
    "x-signature-nonce": "2d159f84-f91e-5304-a234-89ab0ef17fb7",
    "x-signature": "UwY/sRZc3cHQlJG/9H3qX/PZT/0=",
    "User-Agent": "WebullApiSDK (Linux 6.12.68+;aarch64) Python/3.11.15 Core/2.0.10 python-requests/2.33.1",
    "x-webull-client-source": "sdk"
  },
  "_body_params": null,
  "_uri_pattern": null,
  "_uri_params": null,
  "_content": null,
  "_extra_user_agent": {},
  "string_to_sign": "",
  "_request_connect_timeout": null,
  "_request_read_timeout": null,
  "endpoint": "api.webull.com",
  "_signer_spec": "<module 'webull.core.auth.algorithm.sha_hmac1' from '/root/.venv/lib/python3.11/site-packages/webull/core/auth/algorithm/sha_hmac1.py'>"
} Response:{'message': 'Too many requests', 'error_code': 'TOO_MANY_REQUESTS'} ServerException:HTTP Status: 429, Code: TOO_MANY_REQUESTS, Msg: Too many requests, RequestID: 2196fd63-17ed-42c8-ba92-153cdc01b6c5
280089748828576 2026-07-06 02:50:25,184 webull.core.client ERROR get_response exception. {
  "error_code": "TOO_MANY_REQUESTS",
  "error_msg": "Too many requests",
  "http_status": 429,
  "request_id": "2196fd63-17ed-42c8-ba92-153cdc01b6c5"
}
280089757282720 2026-07-06 02:50:25,226 webull.core.client ERROR ServerException occurred. Host:api.webull.com SDK-Version:2.0.10 Request:{
  "_version": "v2",
  "_action_name": "/openapi/assets/balance",
  "_protocol_type": "https",
  "_accept_format": "JSON",
  "_params": {
    "account_id": "F8ISIGG74NU0C495ILNGG99D29"
  },
  "_method": "GET",
  "_header": {
    "x-version": "v2",
    "Accept-Encoding": "gzip",
    "x-app-key": "bf67888c79f28465cba7afc02717dbcb",
    "x-timestamp": "2026-07-06T02:50:25Z",
    "x-signature-version": "1.0",
    "x-signature-algorithm": "HMAC-SHA1",
    "x-signature-nonce": "e2956e43-9524-58db-aee6-b8c771fc4b4b",
    "x-signature": "TjQ7oxwh0yLogJzB9b+jhnia/Ec=",
    "User-Agent": "WebullApiSDK (Linux 6.12.68+;aarch64) Python/3.11.15 Core/2.0.10 python-requests/2.33.1",
    "x-webull-client-source": "sdk"
  },
  "_body_params": null,
  "_uri_pattern": null,
  "_uri_params": null,
  "_content": null,
  "_extra_user_agent": {},
  "string_to_sign": "",
  "_request_connect_timeout": null,
  "_request_read_timeout": null,
  "endpoint": "api.webull.com",
  "_signer_spec": "<module 'webull.core.auth.algorithm.sha_hmac1' from '/root/.venv/lib/python3.11/site-packages/webull/core/auth/algorithm/sha_hmac1.py'>"
} Response:{'message': 'Too many requests', 'error_code': 'TOO_MANY_REQUESTS'} ServerException:HTTP Status: 429, Code: TOO_MANY_REQUESTS, Msg: Too many requests, RequestID: ea422431-4da1-4f4d-a3f2-215553b36214
280089757282720 2026-07-06 02:50:25,226 webull.core.client ERROR get_response exception. {
  "error_code": "TOO_MANY_REQUESTS",
  "error_msg": "Too many requests",
  "http_status": 429,
  "request_id": "ea422431-4da1-4f4d-a3f2-215553b36214"
}
280089161757088 2026-07-06 02:50:25,269 webull.core.client ERROR ServerException occurred. Host:api.webull.com SDK-Version:2.0.10 Request:{
  "_version": "v2",
  "_action_name": "/trade/order/place",
  "_protocol_type": "https",
  "_accept_format": "JSON",
  "_params": {},
  "_method": "POST",
  "_header": {
    "x-version": "v2",
    "Accept-Encoding": "gzip",
    "x-app-key": "bf67888c79f28465cba7afc02717dbcb",
    "x-timestamp": "2026-07-06T02:50:25Z",
    "x-signature-version": "1.0",
    "x-signature-algorithm": "HMAC-SHA1",
    "x-signature-nonce": "139e723f-1e41-54ce-bd99-7c3bea49c1d0",
    "x-signature": "zc4NISoUHoyyKJyMsOePjUbk9aY=",
    "User-Agent": "WebullApiSDK (Linux 6.12.68+;aarch64) Python/3.11.15 Core/2.0.10 python-requests/2.33.1",
    "x-webull-client-source": "sdk",
    "Content-Length": "347",
    "Content-Type": "application/json"
  },
  "_body_params": {
    "stock_order": {
      "client_order_id": "ar-02dadef3-ddba-436f-ad97-",
      "symbol": "NVDA",
      "instrument_type": "EQUITY",
      "market": "US",
      "order_type": "LIMIT",
      "side": "BUY",
      "time_in_force": "DAY",
      "entrust_type": "QTY",
      "quantity": "0.007622",
      "support_trading_session": "ALL",
      "account_tax_type": "GENERAL",
      "limit_price": "196.78"
    },
    "account_id": "F8ISIGG74NU0C495ILNGG99D29"
  },
  "_uri_pattern": null,
  "_uri_params": null,
  "_content": "{\"stock_order\":{\"client_order_id\":\"ar-02dadef3-ddba-436f-ad97-\",\"symbol\":\"NVDA\",\"instrument_type\":\"EQUITY\",\"market\":\"US\",\"order_type\":\"LIMIT\",\"side\":\"BUY\",\"time_in_force\":\"DAY\",\"entrust_type\":\"QTY\",\"quantity\":\"0.007622\",\"support_trading_session\":\"ALL\",\"account_tax_type\":\"GENERAL\",\"limit_price\":\"196.78\"},\"account_id\":\"F8ISIGG74NU0C495ILNGG99D29\"}",
  "_extra_user_agent": {},
  "string_to_sign": "",
  "_request_connect_timeout": null,
  "_request_read_timeout": null,
  "endpoint": "api.webull.com",
  "_signer_spec": "<module 'webull.core.auth.algorithm.sha_hmac1' from '/root/.venv/lib/python3.11/site-packages/webull/core/auth/algorithm/sha_hmac1.py'>",
  "_stock_order": {
    "client_order_id": "ar-02dadef3-ddba-436f-ad97-",
    "symbol": "NVDA",
    "instrument_type": "EQUITY",
    "market": "US",
    "order_type": "LIMIT",
    "side": "BUY",
    "time_in_force": "DAY",
    "entrust_type": "QTY",
    "quantity": "0.007622",
    "support_trading_session": "ALL",
    "account_tax_type": "GENERAL",
    "limit_price": "196.78"
  }
} Response:{'message': 'The time you sent is not supported. Please check. ', 'error_code': 'INVALID_PARAMETER'} ServerException:HTTP Status: 417, Code: INVALID_PARAMETER, Msg: The time you sent is not supported. Please check. , RequestID: 2889749f-712c-4cb7-888d-8341ee3de031
280089161757088 2026-07-06 02:50:25,269 webull.core.client ERROR get_response exception. {
  "error_code": "INVALID_PARAMETER",
  "error_msg": "The time you sent is not supported. Please check. ",
  "http_status": 417,
  "request_id": "2889749f-712c-4cb7-888d-8341ee3de031"
}
280089170211232 2026-07-06 02:50:25,312 webull.core.client ERROR ServerException occurred. Host:api.webull.com SDK-Version:2.0.10 Request:{
  "_version": "v2",
  "_action_name": "/trade/order/place",
  "_protocol_type": "https",
  "_accept_format": "JSON",
  "_params": {},
  "_method": "POST",
  "_header": {
    "x-version": "v2",
    "Accept-Encoding": "gzip",
    "x-app-key": "bf67888c79f28465cba7afc02717dbcb",
    "x-timestamp": "2026-07-06T02:50:25Z",
    "x-signature-version": "1.0",
    "x-signature-algorithm": "HMAC-SHA1",
    "x-signature-nonce": "0fba0227-653b-5ce3-8a3e-a2b5a51e5b28",
    "x-signature": "Xm1XaNUJaFhKqZFZternADD6JNs=",
    "User-Agent": "WebullApiSDK (Linux 6.12.68+;aarch64) Python/3.11.15 Core/2.0.10 python-requests/2.33.1",
    "x-webull-client-source": "sdk",
    "Content-Length": "347",
    "Content-Type": "application/json"
  },
  "_body_params": {
    "stock_order": {
      "client_order_id": "ar-02dadef3-ddba-436f-ad97-",
      "symbol": "NVDA",
      "instrument_type": "EQUITY",
      "market": "US",
      "order_type": "LIMIT",
      "side": "BUY",
      "time_in_force": "DAY",
      "entrust_type": "QTY",
      "quantity": "0.007622",
      "support_trading_session": "ALL",
      "account_tax_type": "GENERAL",
      "limit_price": "196.78"
    },
    "account_id": "F8ISIGG74NU0C495ILNGG99D29"
  },
  "_uri_pattern": null,
  "_uri_params": null,
  "_content": "{\"stock_order\":{\"client_order_id\":\"ar-02dadef3-ddba-436f-ad97-\",\"symbol\":\"NVDA\",\"instrument_type\":\"EQUITY\",\"market\":\"US\",\"order_type\":\"LIMIT\",\"side\":\"BUY\",\"time_in_force\":\"DAY\",\"entrust_type\":\"QTY\",\"quantity\":\"0.007622\",\"support_trading_session\":\"ALL\",\"account_tax_type\":\"GENERAL\",\"limit_price\":\"196.78\"},\"account_id\":\"F8ISIGG74NU0C495ILNGG99D29\"}",
  "_extra_user_agent": {},
  "string_to_sign": "",
  "_request_connect_timeout": null,
  "_request_read_timeout": null,
  "endpoint": "api.webull.com",
  "_signer_spec": "<module 'webull.core.auth.algorithm.sha_hmac1' from '/root/.venv/lib/python3.11/site-packages/webull/core/auth/algorithm/sha_hmac1.py'>",
  "_stock_order": {
    "client_order_id": "ar-02dadef3-ddba-436f-ad97-",
    "symbol": "NVDA",
    "instrument_type": "EQUITY",
    "market": "US",
    "order_type": "LIMIT",
    "side": "BUY",
    "time_in_force": "DAY",
    "entrust_type": "QTY",
    "quantity": "0.007622",
    "support_trading_session": "ALL",
    "account_tax_type": "GENERAL",
    "limit_price": "196.78"
  }
} Response:{'message': 'The time you sent is not supported. Please check. ', 'error_code': 'INVALID_PARAMETER'} ServerException:HTTP Status: 417, Code: INVALID_PARAMETER, Msg: The time you sent is not supported. Please check. , RequestID: 7715785b-e504-48fc-8349-e7ae9805780a
280089170211232 2026-07-06 02:50:25,312 webull.core.client ERROR get_response exception. {
  "error_code": "INVALID_PARAMETER",
  "error_msg": "The time you sent is not supported. Please check. ",
  "http_status": 417,
  "request_id": "7715785b-e504-48fc-8349-e7ae9805780a"
}
